,Unnamed: 0,track,species,flower,flower_code,visit_num,time,movement,data_point,clock_time,hour,data_point_code,visit_sequence,time_since_last_visit,last_species_visit,last_visit_time,time_last_of_same_species,time_since_last_minutes,clock_time_minutes,flower_visit_num,max_seq,succesful
7,7,10912323000,honeybee,4.0,10904.0,1.0,3.8,60.4,1,-1.369531662572783,12,109,-0.7861862305709522,1147.0,honeybee,-0.6798459340947619,1147.0,0.08391782583831246,752.5,2,-1.1170070072329525,True
8,8,10912365000,honeybee,4.0,10904.0,1.0,1.3,42.5,1,-1.3058375481830884,12,109,-0.7861862305709522,260.0,honeybee,-0.24188025052105103,260.0,-0.6005574153894547,756.8333333333334,3,0.29685897437759784,False
10,10,10912365000,honeybee,0.0,10900.0,1.0,2.1,46.1,1,-1.3058375481830884,12,109,0.17322194540795668,762.0,honeybee,0.8124815803045498,762.0,-0.21317683918163158,756.8333333333334,2,0.29685897437759784,False
12,12,10912365000,honeybee,3.0,10903.0,2.0,0.6,25.4,1,-1.3058375481830884,12,109,1.1326301213868655,0.0,honeybee,0.7800396778176081,0.0,-0.8011927735847415,756.8333333333334,2,0.29685897437759784,False
16,16,10912455800,honeybee,3.0,10903.0,1.0,4.5,111.1,1,-1.1715899532386551,12,109,-0.7861862305709522,548.0,honeybee,-0.760950690312116,548.0,-0.3783151724654446,765.9666666666667,3,0.6503254697802354,True
17,17,10912455800,honeybee,1.0,10901.0,1.0,5.5,68.6,1,-1.1715899532386551,12,109,-0.30648214258149775,548.0,honeybee,0.7313768240871958,548.0,-0.3783151724654446,765.9666666666667,2,0.6503254697802354,True
19,19,10912455800,honeybee,0.0,10900.0,1.0,1.6,22.5,1,-1.1715899532386551,12,109,0.6529260333974111,548.0,honeybee,-0.5176364216600542,548.0,-0.3783151724654446,765.9666666666667,3,0.6503254697802354,False
20,20,10912455800,honeybee,2.0,10902.0,2.0,0.3,25.6,1,-1.1715899532386551,12,109,1.1326301213868655,0.0,honeybee,0.569167311652488,0.0,-0.8011927735847415,765.9666666666667,2,0.6503254697802354,False
21,21,10912455800,honeybee,4.0,10904.0,1.0,1.0,42.0,1,-1.1715899532386551,12,109,1.61233420937632,548.0,honeybee,-0.6474040316078206,548.0,-0.3783151724654446,765.9666666666667,4,0.6503254697802354,False
27,27,10913064000,honeybee,1.0,10901.0,1.0,1.1,43.6,1,-0.8673280683463451,13,109,-0.7861862305709522,767.0,hoverfly,0.9422491902523158,1242.0,-0.20931846690864528,786.6666666666666,4,0.29685897437759784,False
28,28,10913064000,honeybee,2.0,10902.0,1.0,1.6,26.2,1,-0.8673280683463451,13,109,-0.30648214258149775,1242.0,honeybee,-0.8096135440425283,1242.0,0.15722689902505183,786.6666666666666,3,0.29685897437759784,False
29,29,10913064000,honeybee,3.0,10903.0,1.0,2.8,61.0,1,-0.8673280683463451,13,109,0.17322194540795668,1242.0,honeybee,-0.12833359181675555,1242.0,0.15722689902505183,786.6666666666666,4,0.29685897437759784,True
30,30,10913064000,honeybee,1.0,10901.0,2.0,1.0,64.6,1,-0.8673280683463451,13,109,0.6529260333974111,0.0,honeybee,-0.6798459340947619,0.0,-0.8011927735847415,786.6666666666666,5,0.29685897437759784,False
31,31,10913064000,honeybee,0.0,10900.0,1.0,1.3,28.7,1,-0.8673280683463451,13,109,1.1326301213868655,1242.0,honeybee,-0.5987411778774081,1242.0,0.15722689902505183,786.6666666666666,4,0.29685897437759784,False
33,33,10913073500,honeybee,4.0,10904.0,1.0,3.5,36.1,1,-0.8538543133792944,13,109,-0.7861862305709522,1297.0,honeybee,-0.6960668853382328,1297.0,0.19966899402790103,787.5833333333334,5,-1.1170070072329525,True
36,36,10913105200,honeybee,0.0,10900.0,1.0,7.5,102.0,1,-0.8055937728609489,13,109,-0.7861862305709522,252.0,honeybee,-0.6474040316078206,252.0,-0.6067308110262327,790.8666666666667,5,-0.7635405118303149,True
37,37,10913105200,honeybee,3.0,10903.0,1.0,5.1,73.2,1,-0.8055937728609489,13,109,-0.30648214258149775,252.0,honeybee,-0.4040897629557588,252.0,-0.6067308110262327,790.8666666666667,5,-0.7635405118303149,True
38,38,10913160200,honeybee,3.0,10903.0,1.0,3.0,63.5,1,-0.72965079031939,13,109,-0.7861862305709522,310.0,honeybee,-0.031007884355930933,310.0,-0.5619736926595917,796.0333333333333,6,0.29685897437759784,True
39,39,10913160200,honeybee,2.0,10902.0,1.0,5.9,68.8,1,-0.72965079031939,13,109,-0.30648214258149775,562.0,honeybee,-0.5987411778774081,562.0,-0.36751173010108296,796.0333333333333,4,0.29685897437759784,True
42,42,10913160200,honeybee,4.0,10904.0,1.0,4.6,56.1,1,-0.72965079031939,13,109,1.1326301213868655,507.0,honeybee,-0.29054310425146335,507.0,-0.40995382510393213,796.0333333333333,6,0.29685897437759784,True
44,44,10913223600,honeybee,1.0,10901.0,1.0,8.1,89.4,1,-0.6331297092826991,13,109,-0.7861862305709522,956.0,honeybee,-0.6960668853382328,956.0,-0.06347199498976365,802.6,6,-0.05660752102503974,True
45,45,10913223600,honeybee,3.0,10903.0,1.0,3.6,62.6,1,-0.6331297092826991,13,109,-0.30648214258149775,394.0,honeybee,-0.37164786046881726,394.0,-0.4971530384734222,802.6,7,-0.05660752102503974,True
47,47,10913223600,honeybee,0.0,10900.0,1.0,0.6,26.4,1,-0.6331297092826991,13,109,0.6529260333974111,704.0,honeybee,0.35829494548736784,704.0,-0.2579339575482725,802.6,6,-0.05660752102503974,False
57,57,10914001200,honeybee,0.0,10900.0,1.0,10.1,101.3,1,-0.08046077827058026,14,109,-0.7861862305709522,2256.0,honeybee,-0.760950690312116,2256.0,0.9397047959866707,840.2,7,-0.7635405118303149,True
58,58,10914001200,honeybee,3.0,10903.0,1.0,9.6,81.2,1,-0.08046077827058026,14,109,-0.30648214258149775,2256.0,honeybee,-0.27432215300799256,2256.0,0.9397047959866707,840.2,8,-0.7635405118303149,True
59,59,10914045000,honeybee,3.0,10903.0,1.0,2.5,83.0,1,-0.012357071346214558,14,109,-0.7861862305709522,278.0,honeybee,0.6989349216002542,278.0,-0.586667275206704,844.8333333333334,9,-0.4100740164276773,True
60,60,10914045000,honeybee,2.0,10902.0,1.0,9.1,96.0,1,-0.012357071346214558,14,109,-0.30648214258149775,2928.0,honeybee,0.09875972559183542,2928.0,1.4582700294760274,844.8333333333334,5,-0.4100740164276773,True
61,61,10914045000,honeybee,4.0,10904.0,1.0,6.2,84.2,1,-0.012357071346214558,14,109,0.17322194540795668,2928.0,honeybee,-0.11211264057328484,2928.0,1.4582700294760274,844.8333333333334,7,-0.4100740164276773,True
64,64,10914061400,honeybee,0.0,10900.0,1.0,3.6,46.0,1,0.008221027148917525,14,109,-0.7861862305709522,362.0,honeybee,0.7800396778176081,362.0,-0.5218466210205344,846.2333333333333,8,-0.05660752102503974,True
65,65,10914061400,honeybee,2.0,10902.0,1.0,0.3,21.9,1,0.008221027148917525,14,109,-0.30648214258149775,84.0,honeybee,0.6178301653829003,84.0,-0.7363721193985718,846.2333333333333,6,-0.05660752102503974,False
66,66,10914061400,honeybee,4.0,10904.0,1.0,1.6,37.4,1,0.008221027148917525,14,109,0.17322194540795668,84.0,honeybee,0.14742257932224773,84.0,-0.7363721193985718,846.2333333333333,8,-0.05660752102503974,False
67,67,10914061400,honeybee,5.0,10905.0,1.0,0.9,31.8,1,0.008221027148917525,14,109,0.6529260333974111,6771.0,honeybee,-0.7285087878251744,6771.0,4.423814958493287,846.2333333333333,2,-0.05660752102503974,False
71,71,10914142600,honeybee,2.0,10902.0,1.0,6.6,71.0,1,0.12874988976326257,14,109,-0.7861862305709522,492.0,honeybee,-0.8096135440425283,492.0,-0.421528941922891,854.4333333333333,7,-1.1170070072329525,True
72,72,10914185400,honeybee,2.0,10902.0,1.0,3.3,32.0,1,0.19440382305725543,14,109,-0.7861862305709522,268.0,honeybee,0.21230638429613075,268.0,-0.5943840197526765,858.9,8,-1.1170070072329525,True
73,73,10914190500,honeybee,4.0,10904.0,1.0,0.2,8.4,1,0.19709857405066558,14,109,-0.7861862305709522,771.0,honeybee,-0.5987411778774081,771.0,-0.20623176909025626,859.0833333333334,9,-1.1170070072329525,False
74,74,10914204200,honeybee,2.0,10902.0,1.0,2.7,55.4,1,0.22086137826528238,14,109,-0.7861862305709522,108.0,honeybee,-0.3229850067384049,108.0,-0.7178519324882376,860.7,9,-0.7635405118303149,True
75,75,10914204200,honeybee,3.0,10903.0,1.0,4.6,68.9,1,0.22086137826528238,14,109,-0.30648214258149775,952.0,honeybee,-0.4527526166861711,952.0,-0.06655869280815267,860.7,10,-0.7635405118303149,True
77,77,10914304000,honeybee,5.0,10905.0,1.0,3.8,60.2,1,0.36735784136157984,14,109,-0.7861862305709522,1466.0,honeybee,-0.7122878365817036,1466.0,0.3300819768548375,870.6666666666666,3,-0.7635405118303149,True
78,78,10914304000,honeybee,2.0,10902.0,1.0,7.1,95.0,1,0.36735784136157984,14,109,-0.30648214258149775,598.0,honeybee,-0.42031071419922955,598.0,-0.3397314497355817,870.6666666666666,10,-0.7635405118303149,True
80,80,10914423700,honeybee,4.0,10904.0,1.0,3.8,84.3,1,0.5430066106593144,14,109,-0.7861862305709522,1412.0,honeybee,-0.8258344952859991,1412.0,0.28841155630658566,882.6166666666667,10,-1.1170070072329525,True
81,81,10914493300,honeybee,2.0,10902.0,1.0,8.1,99.0,1,0.6449171936828256,14,109,-0.7861862305709522,1133.0,honeybee,0.29341114051348466,1133.0,0.07311438347395083,889.55,11,-0.05660752102503974,True
82,82,10914493300,honeybee,0.0,10900.0,1.0,10.3,122.3,1,0.6449171936828256,14,109,-0.30648214258149775,2599.0,honeybee,-0.27432215300799256,2599.0,1.20438913391353,889.55,9,-0.05660752102503974,True
83,83,10914493300,honeybee,3.0,10903.0,1.0,9.8,101.8,1,0.6449171936828256,14,109,0.17322194540795668,1731.0,honeybee,-0.11211264057328484,1731.0,0.5345757073231107,889.55,11,-0.05660752102503974,True
84,84,10914493300,honeybee,2.0,10902.0,2.0,0.5,18.9,1,0.6449171936828256,14,109,0.6529260333974111,0.0,honeybee,0.45562065294819243,0.0,-0.8011927735847415,889.55,12,-0.05660752102503974,False
86,86,10914563100,honeybee,4.0,10904.0,1.0,1.6,37.3,1,0.7473177314324115,14,109,-0.30648214258149775,834.0,honeybee,-0.24188025052105103,834.0,-0.157616278450629,896.5166666666667,11,-0.05660752102503974,False
87,87,10914563100,honeybee,2.0,10902.0,1.0,3.1,44.2,1,0.7473177314324115,14,109,0.17322194540795668,418.0,honeybee,-0.7771716415555867,418.0,-0.478632851563088,896.5166666666667,13,-0.05660752102503974,True
88,88,10914563100,honeybee,3.0,10903.0,1.0,0.3,14.3,1,0.7473177314324115,14,109,0.6529260333974111,418.0,honeybee,0.7313768240871958,418.0,-0.478632851563088,896.5166666666667,12,-0.05660752102503974,False
89,89,10914585000,honeybee,2.0,10902.0,1.0,3.1,33.0,1,0.7813695848945943,14,109,-0.7861862305709522,139.0,honeybee,-0.3554269092253464,139.0,-0.6939300243957227,898.8333333333334,14,-1.1170070072329525,True
93,93,10915021800,honeybee,0.0,10900.0,1.0,4.1,38.3,1,0.83232487640635,15,109,-0.7861862305709522,765.0,honeybee,0.8124815803045498,765.0,-0.21086181581783978,902.3,10,-0.7635405118303149,True
94,94,10915021800,honeybee,3.0,10903.0,1.0,0.7,25.0,1,0.83232487640635,15,109,-0.30648214258149775,56.0,wasp,-0.7447297390686451,347.0,-0.757979004127295,902.3,14,-0.7635405118303149,False
96,96,10915062200,honeybee,2.0,10902.0,1.0,4.5,76.4,1,0.8920993529874479,15,109,-0.7861862305709522,452.0,honeybee,-0.3554269092253464,452.0,-0.45239592010678126,906.3666666666667,15,-0.4100740164276773,True
97,97,10915062200,honeybee,3.0,10903.0,1.0,5.5,87.1,1,0.8920993529874479,15,109,-0.30648214258149775,244.0,honeybee,-0.7447297390686451,244.0,-0.6129042066630107,906.3666666666667,15,-0.4100740164276773,True
98,98,10915062200,honeybee,0.0,10900.0,1.0,1.1,39.1,1,0.8920993529874479,15,109,0.17322194540795668,244.0,honeybee,-0.19321739679063873,244.0,-0.6129042066630107,906.3666666666667,11,-0.4100740164276773,False
100,100,10915072600,honeybee,0.0,10900.0,1.0,3.8,72.0,1,0.9077779042218342,15,109,-0.7861862305709522,64.0,honeybee,-0.6798459340947619,64.0,-0.751805608490517,907.4333333333333,12,-0.7635405118303149,True
101,101,10915072600,honeybee,2.0,10902.0,1.0,2.3,54.2,1,0.9077779042218342,15,109,-0.30648214258149775,64.0,honeybee,-0.12833359181675555,64.0,-0.751805608490517,907.4333333333333,16,-0.7635405118303149,False
102,102,10915073400,honeybee,4.0,10904.0,1.0,3.8,25.0,1,0.9097377231261325,15,109,-0.7861862305709522,663.0,honeybee,-0.5987411778774081,663.0,-0.28957261018675995,907.5666666666667,12,-1.1170070072329525,True
105,105,10915170900,honeybee,1.0,10901.0,1.0,2.5,35.5,1,1.0505997068725723,15,109,-0.7861862305709522,6873.0,honeybee,0.45562065294819243,6873.0,4.502525752862207,917.15,7,-0.7635405118303149,True
106,106,10915170900,honeybee,2.0,10902.0,1.0,1.1,25.7,1,1.0505997068725723,15,109,-0.30648214258149775,583.0,honeybee,-0.48519451917311274,583.0,-0.35130656655454057,917.15,17,-0.7635405118303149,False
108,108,10915192700,honeybee,0.0,10900.0,1.0,5.1,85.0,1,1.084406582971718,15,109,-0.7861862305709522,721.0,honeybee,-0.24188025052105103,721.0,-0.24481549182011905,919.45,13,-0.4100740164276773,True
109,109,10915192700,honeybee,2.0,10902.0,1.0,2.6,65.1,1,1.084406582971718,15,109,-0.30648214258149775,138.0,honeybee,-0.6798459340947619,138.0,-0.69470169885032,919.45,18,-0.4100740164276773,True
110,110,10915192700,honeybee,1.0,10901.0,1.0,3.3,71.6,1,1.084406582971718,15,109,0.17322194540795668,138.0,honeybee,-0.4527526166861711,138.0,-0.69470169885032,919.45,8,-0.4100740164276773,True
113,113,10915220700,honeybee,2.0,10902.0,1.0,5.1,62.9,1,1.1236029610576839,15,109,-0.7861862305709522,160.0,honeybee,-0.43653166544270033,160.0,-0.6777248608491804,922.1166666666667,19,-1.1170070072329525,True
115,115,10915232900,honeybee,3.0,10903.0,1.0,2.1,37.6,1,1.1436911048267413,15,109,-0.7861862305709522,1027.0,honeybee,0.03387592061795224,1027.0,-0.00868310871335839,923.4833333333333,16,-0.7635405118303149,False
116,116,10915232900,honeybee,0.0,10900.0,1.0,2.1,34.5,1,1.1436911048267413,15,109,-0.30648214258149775,242.0,honeybee,-0.031007884355930933,242.0,-0.6144475555722052,923.4833333333333,14,-0.7635405118303149,False
118,118,10915400800,honeybee,0.0,10900.0,1.0,6.1,92.5,1,1.3884234905009907,15,109,-0.7861862305709522,999.0,honeybee,-0.5176364216600542,999.0,-0.030289993442081675,940.1333333333333,15,-0.4100740164276773,True
119,119,10915400800,honeybee,2.0,10902.0,1.0,6.0,71.7,1,1.3884234905009907,15,109,-0.30648214258149775,1081.0,honeybee,-0.031007884355930933,1081.0,0.03298731183489343,940.1333333333333,20,-0.4100740164276773,True
120,120,10915400800,honeybee,3.0,10903.0,1.0,5.1,122.0,1,1.3884234905009907,15,109,0.17322194540795668,999.0,honeybee,-0.5176364216600542,999.0,-0.030289993442081675,940.1333333333333,17,-0.4100740164276773,True
130,130,11011412400,honeybee,1.0,11001.0,2.0,1.5,92.4,1,-2.120632257645104,11,110,0.17322194540795668,0.0,honeybee,1.380214873826027,0.0,-0.8011927735847415,701.4,2,0.6503254697802354,False
133,133,11011412400,honeybee,4.0,11004.0,1.0,10.5,80.2,1,-2.120632257645104,11,110,1.61233420937632,776.0,honeybee,-0.8096135440425283,776.0,-0.20237339681726993,701.4,2,0.6503254697802354,True
136,136,11012042200,honeybee,0.0,11000.0,1.0,4.3,68.3,1,-1.7830534513797227,12,110,-0.7861862305709522,1378.0,honeybee,0.05009687186142296,1378.0,0.26217462485027876,724.3666666666667,2,0.29685897437759784,True
137,137,11012042200,honeybee,1.0,11001.0,1.0,5.8,73.5,1,-1.7830534513797227,12,110,-0.30648214258149775,1378.0,honeybee,-0.6149621291208789,1378.0,0.26217462485027876,724.3666666666667,3,0.29685897437759784,True
138,138,11012042200,honeybee,2.0,11002.0,1.0,0.5,35.4,1,-1.7830534513797227,12,110,0.17322194540795668,1378.0,honeybee,0.5367254091655463,1378.0,0.26217462485027876,724.3666666666667,2,0.29685897437759784,False
139,139,11012042200,honeybee,4.0,11004.0,1.0,7.0,83.1,1,-1.7830534513797227,12,110,0.6529260333974111,1378.0,honeybee,0.8449234827914912,1378.0,0.26217462485027876,724.3666666666667,3,0.29685897437759784,True
141,141,11012062500,honeybee,5.0,11005.0,1.0,2.5,67.9,1,-1.7529212357261366,12,110,-0.7861862305709522,123.0,honeybee,-0.7285087878251744,123.0,-0.7062768156692788,726.4166666666666,2,-1.1170070072329525,True
142,142,11012063800,honeybee,0.0,11000.0,1.0,5.6,53.1,1,-1.7497365300066519,12,110,-0.7861862305709522,136.0,honeybee,-0.16077549430369714,136.0,-0.6962450477595146,726.6333333333333,3,-1.1170070072329525,True
144,144,11012070100,honeybee,6.0,11006.0,1.0,5.3,89.0,1,-1.7441020506567941,12,110,-0.30648214258149775,2945.0,honeybee,0.423178750461251,2945.0,1.471388495204181,727.0166666666667,2,-0.05660752102503974,True
145,145,11012070100,honeybee,4.0,11004.0,1.0,2.0,64.4,1,-1.7441020506567941,12,110,0.17322194540795668,159.0,honeybee,0.27719018927001393,159.0,-0.6784965353037776,727.0166666666667,4,-0.05660752102503974,False
146,146,11012070100,honeybee,1.0,11001.0,1.0,3.1,71.5,1,-1.7441020506567941,12,110,0.6529260333974111,159.0,honeybee,0.08253877434836455,159.0,-0.6784965353037776,727.0166666666667,4,-0.05660752102503974,True
147,147,11012075300,honeybee,0.0,11000.0,1.0,0.6,20.2,1,-1.7313632277788553,12,110,-0.7861862305709522,75.0,honeybee,0.05009687186142296,75.0,-0.7433171894899472,727.8833333333333,4,1.003791965182873,False
148,148,11012075300,honeybee,3.0,11003.0,1.0,9.0,98.0,1,-1.7313632277788553,12,110,-0.30648214258149775,1589.0,honeybee,1.2666682151217314,1589.0,0.4249979347703001,727.8833333333333,2,1.003791965182873,True
149,149,11012075300,honeybee,4.0,11004.0,1.0,2.1,39.1,1,-1.7313632277788553,12,110,0.17322194540795668,52.0,honeybee,-0.5338573729035251,52.0,-0.7610657019456841,727.8833333333333,5,1.003791965182873,False
151,151,11012075300,honeybee,6.0,11006.0,1.0,9.8,169.0,1,-1.7313632277788553,12,110,1.1326301213868655,52.0,honeybee,0.0014340181310106524,52.0,-0.7610657019456841,727.8833333333333,3,1.003791965182873,True
153,153,11012075300,honeybee,6.0,11006.0,2.0,4.5,77.2,1,-1.7313632277788553,12,110,2.0920382973657743,0.0,honeybee,0.7313768240871958,0.0,-0.8011927735847415,727.8833333333333,4,1.003791965182873,True
156,156,11012133100,honeybee,6.0,11006.0,1.0,0.3,37.7,1,-1.6485608790722523,12,110,-0.7861862305709522,338.0,honeybee,-0.12833359181675555,338.0,-0.5403668079308686,733.5166666666667,5,-1.1170070072329525,False
161,161,11012391300,honeybee,1.0,11001.0,1.0,17.0,147.1,1,-1.2708057852687564,12,110,-0.30648214258149775,1932.0,honeybee,-0.3554269092253464,1932.0,0.6896822726971594,759.2166666666667,5,2.0641914513907857,True
162,162,11012391300,honeybee,2.0,11002.0,1.0,14.6,125.3,1,-1.2708057852687564,12,110,0.17322194540795668,2091.0,honeybee,-0.7771716415555867,2091.0,0.8123785109781232,759.2166666666667,3,2.0641914513907857,True
163,163,11012391300,honeybee,1.0,11001.0,2.0,5.0,82.2,1,-1.2708057852687564,12,110,0.6529260333974111,0.0,honeybee,1.8992853136170917,0.0,-0.8011927735847415,759.2166666666667,6,2.0641914513907857,True
164,164,11012391300,honeybee,4.0,11004.0,1.0,15.0,118.8,1,-1.2708057852687564,12,110,1.1326301213868655,1880.0,honeybee,-0.5176364216600542,1880.0,0.6495552010581018,759.2166666666667,6,2.0641914513907857,True
165,165,11012391300,honeybee,1.0,11001.0,3.0,1.6,43.3,1,-1.2708057852687564,12,110,1.61233420937632,0.0,honeybee,-0.04722883559940166,0.0,-0.8011927735847415,759.2166666666667,7,2.0641914513907857,False
166,166,11012391300,honeybee,2.0,11002.0,2.0,2.6,73.7,1,-1.2708057852687564,12,110,2.0920382973657743,0.0,honeybee,1.5099824837737932,0.0,-0.8011927735847415,759.2166666666667,4,2.0641914513907857,True
167,167,11012391300,honeybee,3.0,11003.0,1.0,11.3,160.0,1,-1.2708057852687564,12,110,2.571742385355229,1880.0,honeybee,0.6016092141394295,1880.0,0.6495552010581018,759.2166666666667,3,2.0641914513907857,True
168,168,11012391300,honeybee,6.0,11006.0,1.0,16.6,137.6,1,-1.2708057852687564,12,110,3.0514464733446833,1542.0,honeybee,-0.8096135440425283,1542.0,0.388729235404229,759.2166666666667,6,2.0641914513907857,True
169,169,11012391300,honeybee,7.0,11007.0,1.0,4.4,56.0,1,-1.2708057852687564,12,110,3.5311505613341376,1880.0,honeybee,-0.07967073808634324,1880.0,0.6495552010581018,759.2166666666667,2,2.0641914513907857,True
171,171,11012431700,honeybee,8.0,11008.0,1.0,3.5,64.0,1,-1.2110313086876583,12,110,-0.7861862305709522,2176.0,honeybee,0.3096320917569555,2176.0,0.87797083961889,763.2833333333333,2,-1.1170070072329525,True
172,172,11012431800,honeybee,8.0,11008.0,1.0,0.5,3.4,1,-1.210786331324621,12,110,-0.7861862305709522,1.0,honeybee,-0.29054310425146335,1.0,-0.8004210991301443,763.3,3,-1.1170070072329525,False
174,174,11012432800,honeybee,1.0,11001.0,1.0,5.0,70.2,1,-1.2083365576942482,12,110,-0.30648214258149775,255.0,honeybee,-0.5987411778774081,255.0,-0.6044157876624409,763.4666666666667,8,-0.4100740164276773,True
175,175,11012432800,honeybee,0.0,11000.0,1.0,10.3,94.6,1,-1.2083365576942482,12,110,0.17322194540795668,2135.0,honeybee,-0.760950690312116,2135.0,0.8463321869804026,763.4666666666667,5,-0.4100740164276773,True
176,176,11012455100,honeybee,4.0,11004.0,1.0,7.0,78.7,1,-1.1733047947799162,12,110,-0.7861862305709522,398.0,honeybee,1.574866288747676,398.0,-0.4940663406550332,765.85,7,1.7107249559881483,True
177,177,11012455100,honeybee,1.0,11001.0,1.0,6.6,90.3,1,-1.1733047947799162,12,110,-0.30648214258149775,143.0,honeybee,-0.04722883559940166,143.0,-0.6908433265773337,765.85,9,1.7107249559881483,True
178,178,11012455100,honeybee,0.0,11000.0,1.0,12.6,129.2,1,-1.1733047947799162,12,110,0.17322194540795668,143.0,honeybee,0.8124815803045498,143.0,-0.6908433265773337,765.85,6,1.7107249559881483,True
179,179,11012455100,honeybee,1.0,11001.0,2.0,1.0,52.6,1,-1.1733047947799162,12,110,0.6529260333974111,0.0,honeybee,0.21230638429613075,0.0,-0.8011927735847415,765.85,10,1.7107249559881483,False
180,180,11012455100,honeybee,2.0,11002.0,1.0,5.3,81.7,1,-1.1733047947799162,12,110,1.1326301213868655,398.0,honeybee,-0.43653166544270033,398.0,-0.4940663406550332,765.85,5,1.7107249559881483,True
182,182,11012455100,honeybee,1.0,11001.0,3.0,4.3,61.4,1,-1.1733047947799162,12,110,2.0920382973657743,0.0,honeybee,-0.6960668853382328,0.0,-0.8011927735847415,765.85,11,1.7107249559881483,True
183,183,11012455100,honeybee,2.0,11002.0,2.0,0.3,24.5,1,-1.1733047947799162,12,110,2.571742385355229,0.0,honeybee,0.0014340181310106524,0.0,-0.8011927735847415,765.85,6,1.7107249559881483,False
184,184,11012455100,honeybee,3.0,11003.0,2.0,0.3,41.2,1,-1.1733047947799162,12,110,3.0514464733446833,0.0,honeybee,2.5156814608689815,0.0,-0.8011927735847415,765.85,5,1.7107249559881483,False
186,186,11012512400,honeybee,3.0,11003.0,1.0,2.6,27.8,1,-1.0917273328884998,12,110,-0.7861862305709522,333.0,honeybee,-0.8096135440425283,333.0,-0.5442251802038548,771.4,6,-0.05660752102503974,True
188,188,11012512400,honeybee,4.0,11004.0,1.0,5.8,65.1,1,-1.0917273328884998,12,110,0.17322194540795668,333.0,honeybee,0.27719018927001393,333.0,-0.5442251802038548,771.4,8,-0.05660752102503974,True
189,189,11012512400,honeybee,5.0,11005.0,1.0,0.6,6.4,1,-1.0917273328884998,12,110,0.6529260333974111,2699.0,honeybee,-0.4527526166861711,2699.0,1.2815565793732555,771.4,3,-0.05660752102503974,False
190,190,11012514500,honeybee,8.0,11008.0,1.0,6.6,67.1,1,-1.0865828082647166,12,110,-0.7861862305709522,507.0,honeybee,-0.7771716415555867,507.0,-0.40995382510393213,771.75,4,-1.1170070072329525,True
191,191,11012515100,honeybee,7.0,11007.0,1.0,2.6,42.0,1,-1.085112944086493,12,110,-0.7861862305709522,758.0,honeybee,-0.14455454306022628,758.0,-0.2162635370000206,771.85,3,-1.1170070072329525,True
193,193,11013071500,honeybee,8.0,11008.0,1.0,6.2,79.5,1,-0.8587538606400401,13,110,-0.7861862305709522,930.0,honeybee,0.21230638429613075,930.0,-0.08353553080929235,787.25,5,0.6503254697802354,True
194,194,11013071500,honeybee,6.0,11006.0,1.0,0.3,36.8,1,-0.8587538606400401,13,110,-0.30648214258149775,1682.0,honeybee,1.8344015086432088,1682.0,0.4967636590478451,787.25,7,0.6503254697802354,False
195,195,11013071500,honeybee,3.0,11003.0,1.0,9.8,107.5,1,-0.8587538606400401,13,110,0.17322194540795668,951.0,honeybee,-0.43653166544270033,951.0,-0.06733036726274996,787.25,7,0.6503254697802354,True
196,196,11013071500,honeybee,1.0,11001.0,1.0,9.5,82.6,1,-0.8587538606400401,13,110,0.6529260333974111,1284.0,honeybee,-0.16077549430369714,1284.0,0.1896372261181366,787.25,12,0.6503254697802354,True
197,197,11013071500,honeybee,2.0,11002.0,1.0,5.8,46.7,1,-0.8587538606400401,13,110,1.1326301213868655,1284.0,honeybee,-0.8096135440425283,1284.0,0.1896372261181366,787.25,7,0.6503254697802354,True
198,198,11013071500,honeybee,0.0,11000.0,1.0,5.1,55.1,1,-0.8587538606400401,13,110,1.61233420937632,1284.0,honeybee,1.1855634589043775,1284.0,0.1896372261181366,787.25,7,0.6503254697802354,True
200,200,11013123500,honeybee,8.0,11008.0,1.0,8.5,70.0,1,-0.7803611044681084,13,110,-0.7861862305709522,320.0,honeybee,0.14742257932224773,320.0,-0.5542569481136193,792.5833333333334,6,-1.1170070072329525,True
201,201,11013150200,honeybee,6.0,11006.0,1.0,14.3,306.3,1,-0.7443494321016272,13,110,-0.7861862305709522,467.0,honeybee,-0.8096135440425283,467.0,-0.4408208032878224,795.0333333333333,8,-0.7635405118303149,True
202,202,11013150200,honeybee,8.0,11008.0,1.0,4.1,51.5,1,-0.7443494321016272,13,110,-0.30648214258149775,147.0,honeybee,0.5205044579220757,147.0,-0.6877566287589447,795.0333333333333,7,-0.7635405118303149,True
203,203,11013152300,honeybee,3.0,11003.0,1.0,2.8,33.4,1,-0.7392049074778442,13,110,-0.7861862305709522,488.0,honeybee,0.7313768240871958,488.0,-0.42461563974128,795.3833333333333,8,-0.4100740164276773,True
204,204,11013152300,honeybee,1.0,11001.0,1.0,4.1,47.4,1,-0.7392049074778442,13,110,-0.30648214258149775,488.0,honeybee,0.6827139703567834,488.0,-0.42461563974128,795.3833333333333,13,-0.4100740164276773,True
205,205,11013152300,honeybee,0.0,11000.0,1.0,4.9,71.1,1,-0.7392049074778442,13,110,0.17322194540795668,488.0,honeybee,-0.031007884355930933,488.0,-0.42461563974128,795.3833333333333,8,-0.4100740164276773,True
207,207,11013161900,honeybee,8.0,11008.0,1.0,2.1,21.7,1,-0.7254861751477562,13,110,-0.30648214258149775,77.0,honeybee,-0.19321739679063873,77.0,-0.7417738405807526,796.3166666666667,8,-0.7635405118303149,False
208,208,11013225000,honeybee,3.0,11003.0,1.0,7.1,79.2,1,-0.6297000262001771,13,110,-0.7861862305709522,447.0,honeybee,-0.4040897629557588,447.0,-0.45625429237976756,802.8333333333334,9,-0.4100740164276773,True
209,209,11013225000,honeybee,6.0,11006.0,1.0,6.0,88.2,1,-0.6297000262001771,13,110,-0.30648214258149775,468.0,honeybee,1.4613196300433808,468.0,-0.4400491288332251,802.8333333333334,9,-0.4100740164276773,True
210,210,11013225000,honeybee,8.0,11008.0,1.0,3.1,40.9,1,-0.6297000262001771,13,110,0.17322194540795668,391.0,honeybee,-0.5176364216600542,391.0,-0.499468061837214,802.8333333333334,9,-0.4100740164276773,True
211,211,11013260200,honeybee,1.0,11001.0,1.0,10.1,116.0,1,-0.582664372497018,13,110,-0.7861862305709522,639.0,honeybee,-0.19321739679063873,639.0,-0.30809279709709414,806.0333333333333,14,0.29685897437759784,True
212,212,11013260200,honeybee,2.0,11002.0,1.0,7.6,85.8,1,-0.582664372497018,13,110,-0.30648214258149775,1127.0,honeybee,0.08253877434836455,1127.0,0.06848433674636738,806.0333333333333,8,0.29685897437759784,True
213,213,11013260200,honeybee,3.0,11003.0,1.0,5.6,83.0,1,-0.582664372497018,13,110,0.17322194540795668,192.0,honeybee,0.29341114051348466,192.0,-0.6530312783020681,806.0333333333333,10,0.29685897437759784,True
214,214,11013260200,honeybee,6.0,11006.0,1.0,5.6,74.4,1,-0.582664372497018,13,110,0.6529260333974111,192.0,honeybee,0.11498067683530613,192.0,-0.6530312783020681,806.0333333333333,10,0.29685897437759784,True
215,215,11013260200,honeybee,7.0,11007.0,1.0,6.5,49.2,1,-0.582664372497018,13,110,1.1326301213868655,2051.0,honeybee,-0.43653166544270033,2051.0,0.7815115327942327,806.0333333333333,4,0.29685897437759784,True
216,216,11013262800,honeybee,6.0,11006.0,1.0,6.0,87.2,1,-0.5762949610580486,13,110,-0.7861862305709522,26.0,honeybee,0.05009687186142296,26.0,-0.7811292377652128,806.4666666666667,11,-0.7635405118303149,True
217,217,11013262800,honeybee,7.0,11007.0,1.0,6.1,45.1,1,-0.5762949610580486,13,110,-0.30648214258149775,26.0,honeybee,0.19608543305266002,26.0,-0.7811292377652128,806.4666666666667,5,-0.7635405118303149,True
219,219,11013265000,honeybee,2.0,11002.0,1.0,2.0,51.5,1,-0.5709054590712282,13,110,-0.7861862305709522,48.0,honeybee,0.37451589673083857,48.0,-0.7641523997640731,806.8333333333334,9,-1.1170070072329525,False
220,220,11013320100,honeybee,0.0,11000.0,1.0,4.5,94.4,1,-0.49471749916663205,13,110,-0.7861862305709522,998.0,honeybee,-0.06344978684287238,998.0,-0.03106166789667889,812.0166666666667,9,-0.05660752102503974,True
221,221,11013320100,honeybee,1.0,11001.0,1.0,2.0,43.0,1,-0.49471749916663205,13,110,-0.30648214258149775,359.0,honeybee,0.7800396778176081,359.0,-0.5241616443843261,812.0166666666667,15,-0.05660752102503974,False
222,222,11013320100,honeybee,2.0,11002.0,1.0,1.0,18.0,1,-0.49471749916663205,13,110,0.17322194540795668,311.0,honeybee,-0.5338573729035251,311.0,-0.5612020182049945,812.0166666666667,10,-0.05660752102503974,False
223,223,11013320100,honeybee,8.0,11008.0,1.0,3.2,59.5,1,-0.49471749916663205,13,110,0.6529260333974111,551.0,honeybee,-0.3554269092253464,551.0,-0.3760001491016528,812.0166666666667,10,-0.05660752102503974,True
224,224,11013333700,honeybee,8.0,11008.0,1.0,4.8,65.0,1,-0.47119967231505255,13,110,-0.7861862305709522,96.0,honeybee,-0.33920595798187564,96.0,-0.7271120259434048,813.6166666666667,11,-0.4100740164276773,True
225,225,11013333700,honeybee,6.0,11006.0,1.0,2.1,61.5,1,-0.47119967231505255,13,110,-0.30648214258149775,429.0,honeybee,0.11498067683530613,429.0,-0.47014443256251814,813.6166666666667,12,-0.4100740164276773,False
226,226,11013333700,honeybee,7.0,11007.0,1.0,0.8,28.7,1,-0.47119967231505255,13,110,0.17322194540795668,429.0,honeybee,0.13120162807877686,429.0,-0.47014443256251814,813.6166666666667,6,-0.4100740164276773,False
227,227,11013335700,honeybee,0.0,11000.0,1.0,5.5,73.0,1,-0.4663001250543068,13,110,-0.7861862305709522,116.0,honeybee,-0.12833359181675555,116.0,-0.7116785368514597,813.95,10,-0.05660752102503974,True
228,228,11013335700,honeybee,1.0,11001.0,1.0,8.6,85.8,1,-0.4663001250543068,13,110,-0.30648214258149775,116.0,honeybee,-0.5338573729035251,116.0,-0.7116785368514597,813.95,16,-0.05660752102503974,True
229,229,11013335700,honeybee,2.0,11002.0,1.0,5.0,87.9,1,-0.4663001250543068,13,110,0.17322194540795668,116.0,honeybee,-0.6960668853382328,116.0,-0.7116785368514597,813.95,11,-0.05660752102503974,True
230,230,11013335700,honeybee,3.0,11003.0,1.0,11.3,105.4,1,-0.4663001250543068,13,110,0.6529260333974111,475.0,honeybee,0.05009687186142296,475.0,-0.43464740765104426,813.95,11,-0.05660752102503974,True
231,231,11013380600,honeybee,0.0,11000.0,1.0,0.8,22.7,1,-0.4053007616580224,13,110,-0.7861862305709522,249.0,honeybee,0.03387592061795224,249.0,-0.6090458343900245,818.1,11,-1.1170070072329525,False
234,234,11013395800,honeybee,2.0,11002.0,1.0,1.1,19.4,1,-0.3778632969978463,13,110,-0.7861862305709522,361.0,honeybee,-0.04722883559940166,361.0,-0.5226182954751317,819.9666666666667,12,-1.1170070072329525,False
237,237,11013483200,honeybee,8.0,11008.0,1.0,4.3,70.1,1,-0.2519449323966809,13,110,-0.7861862305709522,895.0,honeybee,-0.07967073808634324,895.0,-0.11054413672019638,828.5333333333333,12,-0.4100740164276773,True
238,238,11013483200,honeybee,6.0,11006.0,1.0,8.1,95.5,1,-0.2519449323966809,13,110,-0.30648214258149775,895.0,honeybee,-0.5176364216600542,895.0,-0.11054413672019638,828.5333333333333,13,-0.4100740164276773,True
239,239,11013483200,honeybee,7.0,11007.0,1.0,0.8,77.5,1,-0.2519449323966809,13,110,0.17322194540795668,895.0,honeybee,-0.7285087878251744,895.0,-0.11054413672019638,828.5333333333333,7,-0.4100740164276773,False
240,240,11013524000,honeybee,2.0,11002.0,1.0,5.3,82.5,1,-0.19119054636343386,13,110,-0.7861862305709522,762.0,honeybee,-0.6798459340947619,762.0,-0.21317683918163158,832.6666666666666,13,-1.1170070072329525,True
241,241,11013562000,honeybee,5.0,11005.0,1.0,2.1,37.9,1,-0.13729552649523077,13,110,-0.7861862305709522,3896.0,honeybee,-0.760950690312116,3896.0,2.2052509015261728,836.3333333333334,4,0.29685897437759784,False
242,242,11013562000,honeybee,4.0,11004.0,1.0,9.6,115.0,1,-0.13729552649523077,13,110,-0.30648214258149775,3896.0,honeybee,0.08253877434836455,3896.0,2.2052509015261728,836.3333333333334,9,0.29685897437759784,True
243,243,11013562000,honeybee,1.0,11001.0,1.0,4.8,58.4,1,-0.13729552649523077,13,110,0.17322194540795668,1343.0,honeybee,0.5367254091655463,1343.0,0.2351660189393748,836.3333333333334,17,0.29685897437759784,True
244,244,11013562000,honeybee,2.0,11002.0,1.0,1.1,46.2,1,-0.13729552649523077,13,110,0.6529260333974111,220.0,honeybee,0.0014340181310106524,220.0,-0.6314243935733449,836.3333333333334,14,0.29685897437759784,False
245,245,11013562000,honeybee,3.0,11003.0,1.0,6.2,161.3,1,-0.13729552649523077,13,110,1.1326301213868655,1343.0,honeybee,0.9746910927392576,1343.0,0.2351660189393748,836.3333333333334,12,0.29685897437759784,True
246,246,11013571600,honeybee,7.0,11007.0,1.0,5.3,83.9,1,-0.12357679416514272,13,110,-0.7861862305709522,524.0,honeybee,-0.7285087878251744,524.0,-0.3968353593757788,837.2666666666667,8,-1.1170070072329525,True
247,247,11014034500,honeybee,0.0,11000.0,1.0,5.3,110.4,1,-0.028280599943638192,14,110,-0.7861862305709522,1539.0,honeybee,-0.7285087878251744,1539.0,0.3864142120404372,843.75,12,-0.4100740164276773,True
248,248,11014034500,honeybee,1.0,11001.0,1.0,3.5,69.3,1,-0.028280599943638192,14,110,-0.30648214258149775,445.0,honeybee,-0.07967073808634324,445.0,-0.457797641288962,843.75,18,-0.4100740164276773,True
249,249,11014034500,honeybee,4.0,11004.0,1.0,3.3,64.8,1,-0.028280599943638192,14,110,0.17322194540795668,445.0,honeybee,0.6989349216002542,445.0,-0.457797641288962,843.75,10,-0.4100740164276773,True
251,251,11014040200,honeybee,8.0,11008.0,1.0,5.8,82.3,1,-0.024115984772004318,14,110,-0.7861862305709522,930.0,honeybee,-0.16077549430369714,930.0,-0.08353553080929235,844.0333333333333,13,-0.4100740164276773,True
252,252,11014040200,honeybee,6.0,11006.0,1.0,7.5,102.0,1,-0.024115984772004318,14,110,-0.30648214258149775,930.0,honeybee,0.45562065294819243,930.0,-0.08353553080929235,844.0333333333333,14,-0.4100740164276773,True
253,253,11014040200,honeybee,7.0,11007.0,1.0,0.6,32.8,1,-0.024115984772004318,14,110,0.17322194540795668,406.0,honeybee,0.0014340181310106524,406.0,-0.48789294501825514,844.0333333333333,9,-0.4100740164276773,False
254,254,11014101200,honeybee,6.0,11006.0,1.0,3.8,51.7,1,0.06652563955179176,14,110,-0.7861862305709522,370.0,honeybee,0.35829494548736784,370.0,-0.5156732253837563,850.2,15,-0.7635405118303149,True
255,255,11014101200,honeybee,1.0,11001.0,1.0,0.9,41.1,1,0.06652563955179176,14,110,-0.30648214258149775,387.0,honeybee,-0.29054310425146335,387.0,-0.502554759655603,850.2,19,-0.7635405118303149,False
256,256,11014102200,honeybee,8.0,11008.0,1.0,3.1,42.2,1,0.06897541318216463,14,110,-0.7861862305709522,380.0,honeybee,0.08253877434836455,380.0,-0.5079564808377838,850.3666666666667,14,-1.1170070072329525,True
259,259,11014373800,honeybee,1.0,11001.0,1.0,7.5,92.5,1,0.46975837911116564,14,110,-0.7861862305709522,1646.0,honeybee,-0.7122878365817036,1646.0,0.46898337868234374,877.6333333333333,20,1.003791965182873,True
260,260,11014373800,honeybee,2.0,11002.0,1.0,3.6,47.3,1,0.46975837911116564,14,110,-0.30648214258149775,2478.0,honeybee,-0.6798459340947619,2478.0,1.1110165249072614,877.6333333333333,15,1.003791965182873,True
262,262,11014373800,honeybee,4.0,11004.0,1.0,5.8,68.9,1,0.46975837911116564,14,110,0.6529260333974111,2033.0,honeybee,-0.3229850067384049,2033.0,0.7676213926114822,877.6333333333333,11,1.003791965182873,True
264,264,11014373800,honeybee,2.0,11002.0,2.0,14.1,393.8,1,0.46975837911116564,14,110,1.61233420937632,0.0,honeybee,-0.27432215300799256,0.0,-0.8011927735847415,877.6333333333333,16,1.003791965182873,True
265,265,11014373800,honeybee,3.0,11003.0,1.0,5.8,84.1,1,0.46975837911116564,14,110,2.0920382973657743,2478.0,honeybee,0.14742257932224773,2478.0,1.1110165249072614,877.6333333333333,13,1.003791965182873,True
266,266,11014380200,honeybee,0.0,11000.0,1.0,2.3,48.7,1,0.47563783582406055,14,110,-0.7861862305709522,2057.0,honeybee,0.0014340181310106524,2057.0,0.7861415795218163,878.0333333333333,13,-0.4100740164276773,False
267,267,11014380200,honeybee,1.0,11001.0,1.0,0.8,38.4,1,0.47563783582406055,14,110,-0.30648214258149775,24.0,honeybee,0.35829494548736784,24.0,-0.7826725866744074,878.0333333333333,21,-0.4100740164276773,False
268,268,11014380200,honeybee,2.0,11002.0,1.0,0.8,46.3,1,0.47563783582406055,14,110,0.17322194540795668,24.0,honeybee,1.4288777275564393,24.0,-0.7826725866744074,878.0333333333333,17,-0.4100740164276773,False
270,270,11014383400,honeybee,5.0,11005.0,1.0,0.8,22.4,1,0.4834771114412537,14,110,-0.30648214258149775,2534.0,honeybee,-0.5176364216600542,2534.0,1.154230294364708,878.5666666666667,5,0.29685897437759784,False
271,271,11014383400,honeybee,6.0,11006.0,1.0,5.8,81.4,1,0.4834771114412537,14,110,0.17322194540795668,1702.0,honeybee,-0.24188025052105103,1702.0,0.5121971481397901,878.5666666666667,16,0.29685897437759784,True
272,272,11014383400,honeybee,7.0,11007.0,1.0,1.1,30.9,1,0.4834771114412537,14,110,0.6529260333974111,2072.0,honeybee,-0.760950690312116,2072.0,0.7977166963407752,878.5666666666667,10,0.29685897437759784,False
273,273,11014383400,honeybee,8.0,11008.0,1.0,6.0,87.4,1,0.4834771114412537,14,110,1.1326301213868655,1692.0,honeybee,-0.3554269092253464,1692.0,0.5044804035938175,878.5666666666667,15,0.29685897437759784,True
274,274,11014394000,honeybee,4.0,11004.0,1.0,0.8,20.8,1,0.49964561740171465,14,110,-0.7861862305709522,122.0,honeybee,0.08253877434836455,122.0,-0.7070484901238762,879.6666666666666,12,-0.05660752102503974,False
275,275,11014394000,honeybee,1.0,11001.0,1.0,0.8,42.9,1,0.49964561740171465,14,110,-0.30648214258149775,98.0,honeybee,-0.7285087878251744,98.0,-0.7255686770342104,879.6666666666666,22,-0.05660752102503974,False
276,276,11014394000,honeybee,2.0,11002.0,1.0,2.1,63.8,1,0.49964561740171465,14,110,0.17322194540795668,98.0,honeybee,-0.7285087878251744,98.0,-0.7255686770342104,879.6666666666666,18,-0.05660752102503974,False
277,277,11014394000,honeybee,3.0,11003.0,1.0,3.1,62.9,1,0.49964561740171465,14,110,0.6529260333974111,122.0,honeybee,0.08253877434836455,122.0,-0.7070484901238762,879.6666666666666,14,-0.05660752102503974,True
278,278,11014491600,honeybee,3.0,11003.0,1.0,6.1,56.9,1,0.6407525785111918,14,110,-0.7861862305709522,576.0,honeybee,-0.3554269092253464,576.0,-0.35670828773672136,889.2666666666667,15,-0.4100740164276773,True
279,279,11014491600,honeybee,2.0,11002.0,1.0,1.8,79.9,1,0.6407525785111918,14,110,-0.30648214258149775,576.0,honeybee,-0.5176364216600542,576.0,-0.35670828773672136,889.2666666666667,19,-0.4100740164276773,False
280,280,11014491600,honeybee,3.0,11003.0,2.0,0.3,30.2,1,0.6407525785111918,14,110,0.17322194540795668,0.0,honeybee,0.13120162807877686,0.0,-0.8011927735847415,889.2666666666667,16,-0.4100740164276773,False
281,281,11014494700,honeybee,8.0,11008.0,1.0,6.2,78.2,1,0.6483468767653476,14,110,-0.7861862305709522,673.0,honeybee,0.11498067683530613,673.0,-0.2818558656407874,889.7833333333333,16,-1.1170070072329525,True
282,282,11014544300,honeybee,8.0,11008.0,1.0,5.2,87.7,1,0.7208601762243845,14,110,-0.7861862305709522,296.0,honeybee,0.14742257932224773,296.0,-0.5727771350239533,894.7166666666667,17,-0.4100740164276773,True
283,283,11014544300,honeybee,6.0,11006.0,1.0,7.3,95.5,1,0.7208601762243845,14,110,-0.30648214258149775,969.0,honeybee,0.08253877434836455,969.0,-0.05344022707999939,894.7166666666667,17,-0.4100740164276773,True
284,284,11014544300,honeybee,7.0,11007.0,1.0,0.3,12.7,1,0.7208601762243845,14,110,0.17322194540795668,969.0,honeybee,-0.6798459340947619,969.0,-0.05344022707999939,894.7166666666667,11,-0.4100740164276773,False
288,288,11015041200,honeybee,6.0,11006.0,1.0,2.2,62.0,1,0.8602522957926007,15,110,-0.7861862305709522,569.0,honeybee,0.3258530430004262,569.0,-0.3621100089189022,904.2,18,-0.7635405118303149,False
289,289,11015041200,honeybee,0.0,11000.0,1.0,7.8,97.9,1,0.8602522957926007,15,110,-0.30648214258149775,1570.0,honeybee,-0.48519451917311274,1570.0,0.4103361201329523,904.2,14,-0.7635405118303149,True
290,290,11015055600,honeybee,0.0,11000.0,1.0,0.8,18.9,1,0.8857299415484785,15,110,-0.7861862305709522,104.0,honeybee,0.40695779921778014,104.0,-0.7209386303066266,905.9333333333333,15,0.29685897437759784,False
291,291,11015055600,honeybee,1.0,11001.0,1.0,4.3,43.7,1,0.8857299415484785,15,110,-0.30648214258149775,1576.0,honeybee,-0.7285087878251744,1576.0,0.4149661668605357,905.9333333333333,23,0.29685897437759784,True
292,292,11015055600,honeybee,2.0,11002.0,1.0,3.7,33.1,1,0.8857299415484785,15,110,0.17322194540795668,1000.0,honeybee,-0.5662992753904666,1000.0,-0.029518318987484297,905.9333333333333,20,0.29685897437759784,True
293,293,11015055600,honeybee,1.0,11001.0,2.0,0.3,36.4,1,0.8857299415484785,15,110,0.6529260333974111,0.0,honeybee,-0.16077549430369714,0.0,-0.8011927735847415,905.9333333333333,24,0.29685897437759784,False
294,294,11015055600,honeybee,4.0,11004.0,1.0,0.7,10.8,1,0.8857299415484785,15,110,1.1326301213868655,1576.0,honeybee,-0.7285087878251744,1576.0,0.4149661668605357,905.9333333333333,13,0.29685897437759784,False
295,295,11015055800,honeybee,0.0,11000.0,1.0,2.6,32.3,1,0.886219896274553,15,110,-0.7861862305709522,2.0,honeybee,-0.7285087878251744,2.0,-0.7996494246755469,905.9666666666667,16,0.29685897437759784,True
296,296,11015055800,honeybee,1.0,11001.0,1.0,5.1,58.8,1,0.886219896274553,15,110,-0.30648214258149775,2.0,honeybee,-0.8096135440425283,2.0,-0.7996494246755469,905.9666666666667,25,0.29685897437759784,True
297,297,11015055800,honeybee,2.0,11002.0,1.0,3.4,69.6,1,0.886219896274553,15,110,0.17322194540795668,2.0,honeybee,-0.2581012017645218,2.0,-0.7996494246755469,905.9666666666667,21,0.29685897437759784,True
298,298,11015055800,honeybee,1.0,11001.0,2.0,0.3,23.6,1,0.886219896274553,15,110,0.6529260333974111,0.0,honeybee,-0.031007884355930933,0.0,-0.8011927735847415,905.9666666666667,26,0.29685897437759784,False
299,299,11015055800,honeybee,4.0,11004.0,1.0,4.2,52.2,1,0.886219896274553,15,110,1.1326301213868655,2.0,honeybee,-0.7447297390686451,2.0,-0.7996494246755469,905.9666666666667,14,0.29685897437759784,True
300,300,11015060100,honeybee,3.0,11003.0,1.0,8.3,82.8,1,0.8869548283636649,15,110,-0.7861862305709522,1005.0,honeybee,-0.8096135440425283,1005.0,-0.025659946714498068,906.0166666666667,17,-1.1170070072329525,True
301,301,11015061900,honeybee,8.0,11008.0,1.0,1.4,20.4,1,0.8913644208983361,15,110,-0.7861862305709522,696.0,honeybee,-0.01478693311246007,696.0,-0.2641073531850505,906.3166666666667,18,-1.1170070072329525,False
302,302,11015061910,honeybee,6.0,11006.0,1.0,8.0,98.9,1,0.8913644208983361,15,110,-0.7861862305709522,127.0,honeybee,-0.5014154704165834,127.0,-0.7031901178508898,906.3166666666667,19,-0.7635405118303149,True
303,303,11015061910,honeybee,7.0,11007.0,1.0,1.0,83.9,1,0.8913644208983361,15,110,-0.30648214258149775,696.0,honeybee,-0.8096135440425283,696.0,-0.2641073531850505,906.3166666666667,12,-0.7635405118303149,False
304,304,11015083500,honeybee,2.0,11002.0,1.0,1.5,32.3,1,0.9246813422714071,15,110,-0.7861862305709522,157.0,honeybee,-0.30676405549493413,157.0,-0.6800398842129721,908.5833333333334,22,-0.7635405118303149,False
305,305,11015083500,honeybee,0.0,11000.0,1.0,1.6,37.8,1,0.9246813422714071,15,110,-0.30648214258149775,157.0,honeybee,-0.43653166544270033,157.0,-0.6800398842129721,908.5833333333334,17,-0.7635405118303149,False
306,306,11015135200,honeybee,0.0,11000.0,1.0,3.6,72.0,1,1.002339166354227,15,110,-0.7861862305709522,317.0,honeybee,-0.5987411778774081,317.0,-0.556571971477411,913.8666666666667,18,-0.4100740164276773,True
307,307,11015135200,honeybee,1.0,11001.0,1.0,2.1,35.7,1,1.002339166354227,15,110,-0.30648214258149775,474.0,honeybee,-0.8096135440425283,474.0,-0.43541908210564156,913.8666666666667,27,-0.4100740164276773,False
308,308,11015135200,honeybee,2.0,11002.0,1.0,0.8,23.1,1,1.002339166354227,15,110,0.17322194540795668,317.0,honeybee,-0.6149621291208789,317.0,-0.556571971477411,913.8666666666667,23,-0.4100740164276773,False
310,310,11015140200,honeybee,8.0,11008.0,1.0,3.5,42.7,1,1.0047889399845997,15,110,-0.7861862305709522,463.0,honeybee,-0.6311830803643497,463.0,-0.4439075011062114,914.0333333333333,19,-1.1170070072329525,True
311,311,11015210600,honeybee,6.0,11006.0,1.0,6.0,77.2,1,1.1086593419124093,15,110,-0.7861862305709522,887.0,honeybee,0.4393997017047217,887.0,-0.11671753235697441,921.1,20,-0.05660752102503974,True
313,313,11015210600,honeybee,2.0,11002.0,1.0,2.8,74.8,1,1.1086593419124093,15,110,0.17322194540795668,434.0,honeybee,-0.7285087878251744,434.0,-0.46628606028953185,921.1,24,-0.05660752102503974,True
314,314,11015210600,honeybee,0.0,11000.0,1.0,3.5,47.8,1,1.1086593419124093,15,110,0.6529260333974111,434.0,honeybee,-0.27432215300799256,434.0,-0.46628606028953185,921.1,19,-0.05660752102503974,True
323,323,11211204700,honeybee,4.0,11204.0,1.0,6.1,96.5,1,-2.4236692557222277,11,112,0.17322194540795668,2162.0,honeybee,-0.5338573729035251,2162.0,0.8671673972545283,680.7833333333333,2,-0.05660752102503974,True
328,328,11211594000,honeybee,8.0,11208.0,1.0,5.5,78.6,1,-1.8521370677562377,11,112,-0.7861862305709522,2333.0,honeybee,0.24474828678307234,2333.0,0.9991237289906594,719.6666666666666,2,-0.7635405118303149,True
334,334,11212000100,honeybee,8.0,11208.0,1.0,1.8,23.5,1,-1.8469925431324545,12,112,1.1326301213868655,21.0,honeybee,0.03387592061795224,21.0,-0.7849876100381991,720.0166666666667,3,0.6503254697802354,False
335,335,11212000100,honeybee,7.0,11207.0,1.0,3.1,96.4,1,-1.8469925431324545,12,112,1.61233420937632,21.0,honeybee,1.0557958489566115,21.0,-0.7849876100381991,720.0166666666667,2,0.6503254697802354,True
340,340,11212292900,honeybee,7.0,11207.0,1.0,4.5,68.3,1,-1.4138725652825317,12,112,-0.7861862305709522,1768.0,honeybee,-0.3554269092253464,1768.0,0.5631276621432091,749.4833333333333,3,-0.7635405118303149,True
341,341,11212292900,honeybee,8.0,11208.0,1.0,4.5,48.5,1,-1.4138725652825317,12,112,-0.30648214258149775,1768.0,honeybee,-0.5662992753904666,1768.0,0.5631276621432091,749.4833333333333,4,-0.7635405118303149,True
347,347,11212560100,honeybee,6.0,11206.0,1.0,11.3,110.8,1,-1.0238686033271713,12,112,-0.7861862305709522,3360.0,honeybee,1.1693425076609067,3360.0,1.7916333938620426,776.0166666666667,2,4.538456919209248,True
348,348,11212560100,honeybee,3.0,11203.0,1.0,14.0,148.3,1,-1.0238686033271713,12,112,-0.30648214258149775,3360.0,honeybee,0.6502720678698419,3360.0,1.7916333938620426,776.0166666666667,2,4.538456919209248,True
351,351,11212560100,honeybee,8.0,11208.0,1.0,8.1,70.5,1,-1.0238686033271713,12,112,1.1326301213868655,1592.0,honeybee,-0.12833359181675555,1592.0,0.4273129581340919,776.0166666666667,5,4.538456919209248,True
352,352,11212560100,honeybee,5.0,11205.0,2.0,1.0,27.1,1,-1.0238686033271713,12,112,1.61233420937632,0.0,honeybee,0.05009687186142296,0.0,-0.8011927735847415,776.0166666666667,2,4.538456919209248,False
353,353,11212560100,honeybee,1.0,11201.0,1.0,11.1,87.5,1,-1.0238686033271713,12,112,2.0920382973657743,5714.0,honeybee,0.6502720678698419,5714.0,3.608155059983986,776.0166666666667,2,4.538456919209248,True
355,355,11212560100,honeybee,4.0,11204.0,2.0,10.0,72.6,1,-1.0238686033271713,12,112,3.0514464733446833,5714.0,honeybee,0.13120162807877686,5714.0,3.608155059983986,776.0166666666667,3,4.538456919209248,True
356,356,11212560100,honeybee,5.0,11205.0,3.0,0.5,16.0,1,-1.0238686033271713,12,112,3.5311505613341376,0.0,honeybee,-0.6960668853382328,0.0,-0.8011927735847415,776.0166666666667,3,4.538456919209248,False
357,357,11212560100,honeybee,2.0,11202.0,1.0,12.3,104.2,1,-1.0238686033271713,12,112,4.010854649323592,3360.0,honeybee,0.7800396778176081,3360.0,1.7916333938620426,776.0166666666667,2,4.538456919209248,True
358,358,11212560100,honeybee,0.0,11200.0,2.0,5.3,63.1,1,-1.0238686033271713,12,112,4.490558737313046,0.0,honeybee,0.37451589673083857,0.0,-0.8011927735847415,776.0166666666667,2,4.538456919209248,True
359,359,11212560100,honeybee,1.0,11201.0,2.0,4.6,89.4,1,-1.0238686033271713,12,112,4.970262825302501,0.0,honeybee,0.9422491902523158,0.0,-0.8011927735847415,776.0166666666667,3,4.538456919209248,True
360,360,11212560100,honeybee,4.0,11204.0,3.0,1.1,11.1,1,-1.0238686033271713,12,112,5.449966913291956,0.0,honeybee,0.7638187265741373,0.0,-0.8011927735847415,776.0166666666667,4,4.538456919209248,False
361,361,11212560100,honeybee,5.0,11205.0,4.0,0.6,9.9,1,-1.0238686033271713,12,112,5.92967100128141,0.0,honeybee,-0.7771716415555867,0.0,-0.8011927735847415,776.0166666666667,4,4.538456919209248,False
362,362,11212560100,honeybee,8.0,11208.0,2.0,3.7,71.4,1,-1.0238686033271713,12,112,6.409375089270864,0.0,honeybee,0.45562065294819243,0.0,-0.8011927735847415,776.0166666666667,6,4.538456919209248,True
363,363,11212560100,honeybee,7.0,11207.0,1.0,10.1,154.6,1,-1.0238686033271713,12,112,6.889079177260319,1592.0,honeybee,-0.12833359181675555,1592.0,0.4273129581340919,776.0166666666667,4,4.538456919209248,True
365,365,11213021800,honeybee,8.0,11208.0,1.0,3.6,48.6,1,-0.9315121374621143,13,112,-0.7861862305709522,377.0,honeybee,-0.2581012017645218,377.0,-0.5102715042015755,782.3,7,-1.1170070072329525,True
368,368,11213131900,honeybee,3.0,11203.0,1.0,13.8,111.3,1,-0.7695821004944677,13,112,-0.7861862305709522,1038.0,honeybee,1.4126567763129683,1038.0,-0.00019468971278854981,793.3166666666667,3,-1.1170070072329525,True
369,369,11213165200,honeybee,3.0,11203.0,1.0,7.5,91.0,1,-0.7174019221675256,13,112,-0.7861862305709522,213.0,honeybee,1.380214873826027,213.0,-0.6368261147555256,796.8666666666667,4,1.003791965182873,True
370,370,11213165200,honeybee,6.0,11206.0,1.0,9.0,79.9,1,-0.7174019221675256,13,112,-0.30648214258149775,1251.0,honeybee,0.9746910927392576,1251.0,0.16417196911642726,796.8666666666667,3,1.003791965182873,True
371,371,11213165200,honeybee,3.0,11203.0,2.0,0.8,39.2,1,-0.7174019221675256,13,112,0.17322194540795668,0.0,honeybee,0.35829494548736784,0.0,-0.8011927735847415,796.8666666666667,5,1.003791965182873,False
372,372,11213165200,honeybee,4.0,11204.0,1.0,5.3,40.4,1,-0.7174019221675256,13,112,0.6529260333974111,1251.0,honeybee,-0.6798459340947619,1251.0,0.16417196911642726,796.8666666666667,5,1.003791965182873,True
373,373,11213165200,honeybee,5.0,11205.0,1.0,1.5,32.5,1,-0.7174019221675256,13,112,1.1326301213868655,1251.0,honeybee,-0.760950690312116,1251.0,0.16417196911642726,796.8666666666667,5,1.003791965182873,False
374,374,11213165200,honeybee,8.0,11208.0,1.0,7.6,95.1,1,-0.7174019221675256,13,112,1.61233420937632,874.0,honeybee,-0.27432215300799256,874.0,-0.12674930026673875,796.8666666666667,8,1.003791965182873,True
375,375,11213165200,honeybee,7.0,11207.0,1.0,7.0,70.6,1,-0.7174019221675256,13,112,2.0920382973657743,1251.0,honeybee,0.7800396778176081,1251.0,0.16417196911642726,796.8666666666667,5,1.003791965182873,True
376,376,11213212100,honeybee,8.0,11208.0,1.0,5.0,45.7,1,-0.6515030115104955,13,112,-0.7861862305709522,269.0,honeybee,0.37451589673083857,269.0,-0.5936123452980793,801.35,9,-0.05660752102503974,True
377,377,11213212100,honeybee,4.0,11204.0,1.0,3.3,40.6,1,-0.6515030115104955,13,112,-0.30648214258149775,269.0,honeybee,0.0014340181310106524,269.0,-0.5936123452980793,801.35,6,-0.05660752102503974,True
378,378,11213212100,honeybee,3.0,11203.0,1.0,4.1,54.0,1,-0.6515030115104955,13,112,0.17322194540795668,269.0,honeybee,-0.7285087878251744,269.0,-0.5936123452980793,801.35,6,-0.05660752102503974,True
379,379,11213212100,honeybee,2.0,11202.0,1.0,7.1,83.2,1,-0.6515030115104955,13,112,0.6529260333974111,1520.0,honeybee,1.1369006051739654,1520.0,0.3717523974030893,801.35,3,-0.05660752102503974,True
380,380,11213315500,honeybee,7.0,11207.0,1.0,6.5,75.5,1,-0.4961873633448558,13,112,-0.7861862305709522,903.0,honeybee,0.27719018927001393,903.0,-0.10437074108341826,811.9166666666666,6,1.3572584605855107,True
381,381,11213315500,honeybee,8.0,11208.0,1.0,5.1,80.2,1,-0.4961873633448558,13,112,-0.30648214258149775,634.0,honeybee,-0.04722883559940166,634.0,-0.3119511693700805,811.9166666666666,10,1.3572584605855107,True
382,382,11213315500,honeybee,5.0,11205.0,1.0,0.6,20.5,1,-0.4961873633448558,13,112,0.17322194540795668,903.0,honeybee,-0.6149621291208789,903.0,-0.10437074108341826,811.9166666666666,6,1.3572584605855107,False
383,383,11213315500,honeybee,4.0,11204.0,1.0,6.1,57.9,1,-0.4961873633448558,13,112,0.6529260333974111,634.0,honeybee,-0.3229850067384049,634.0,-0.3119511693700805,811.9166666666666,7,1.3572584605855107,True
384,384,11213315500,honeybee,3.0,11203.0,1.0,7.3,97.3,1,-0.4961873633448558,13,112,1.1326301213868655,634.0,honeybee,-0.19321739679063873,634.0,-0.3119511693700805,811.9166666666666,7,1.3572584605855107,True
385,385,11213315500,honeybee,2.0,11202.0,1.0,7.0,91.3,1,-0.4961873633448558,13,112,1.61233420937632,634.0,honeybee,0.29341114051348466,634.0,-0.3119511693700805,811.9166666666666,4,1.3572584605855107,True
386,386,11213315500,honeybee,1.0,11201.0,1.0,9.3,93.4,1,-0.4961873633448558,13,112,2.0920382973657743,2154.0,honeybee,-0.11211264057328484,2154.0,0.8609940016177503,811.9166666666666,4,1.3572584605855107,True
387,387,11213315500,honeybee,2.0,11202.0,2.0,0.5,24.2,1,-0.4961873633448558,13,112,2.571742385355229,0.0,honeybee,0.27719018927001393,0.0,-0.8011927735847415,811.9166666666666,5,1.3572584605855107,False
388,388,11213361100,honeybee,0.0,11200.0,1.0,7.7,55.6,1,-0.4334731584073104,13,112,-0.7861862305709522,2410.0,honeybee,0.0014340181310106524,2410.0,1.058542661994648,816.1833333333333,3,-0.7635405118303149,True
389,389,11213361100,honeybee,1.0,11201.0,1.0,3.1,65.0,1,-0.4334731584073104,13,112,-0.30648214258149775,256.0,honeybee,0.6502720678698419,256.0,-0.6036441132078437,816.1833333333333,5,-0.7635405118303149,True
390,390,11213361900,honeybee,1.0,11201.0,1.0,4.0,61.6,1,-0.43151333950301207,13,112,-0.7861862305709522,8.0,honeybee,-0.3554269092253464,8.0,-0.7950193779479634,816.3166666666667,6,-1.1170070072329525,True
391,391,11213364800,honeybee,6.0,11206.0,1.0,8.3,84.0,1,-0.42440899597493076,13,112,-0.7861862305709522,1196.0,honeybee,0.6016092141394295,1196.0,0.12172987411357805,816.8,4,-0.05660752102503974,True
392,392,11213364800,honeybee,3.0,11203.0,1.0,3.1,63.1,1,-0.42440899597493076,13,112,-0.30648214258149775,293.0,honeybee,0.3258530430004262,293.0,-0.5750921583877452,816.8,8,-0.05660752102503974,True
394,394,11213364800,honeybee,8.0,11208.0,1.0,1.5,21.4,1,-0.42440899597493076,13,112,0.6529260333974111,293.0,honeybee,-0.031007884355930933,293.0,-0.5750921583877452,816.8,11,-0.05660752102503974,False
396,396,11213413700,honeybee,8.0,11208.0,1.0,3.6,66.8,1,-0.3536105380571549,13,112,-0.30648214258149775,289.0,honeybee,-0.6149621291208789,289.0,-0.5781788562061342,821.6166666666667,12,-0.4100740164276773,True
397,397,11213413700,honeybee,7.0,11207.0,2.0,4.1,36.8,1,-0.3536105380571549,13,112,0.17322194540795668,582.0,honeybee,0.19608543305266002,582.0,-0.35207824100913787,821.6166666666667,7,-0.4100740164276773,True
399,399,11213422600,honeybee,4.0,11204.0,1.0,3.1,60.8,1,-0.3416066472683279,13,112,-0.7861862305709522,631.0,honeybee,0.13120162807877686,631.0,-0.3142661927338722,822.4333333333333,8,-0.4100740164276773,True
400,400,11213422600,honeybee,5.0,11205.0,1.0,1.0,51.0,1,-0.3416066472683279,13,112,-0.30648214258149775,631.0,honeybee,-0.760950690312116,631.0,-0.3142661927338722,822.4333333333333,7,-0.4100740164276773,False
401,401,11213422600,honeybee,8.0,11208.0,1.0,0.5,27.8,1,-0.3416066472683279,13,112,0.17322194540795668,49.0,honeybee,-0.27432215300799256,49.0,-0.7633807253094759,822.4333333333333,13,-0.4100740164276773,False
403,403,11213501000,honeybee,1.0,11201.0,1.0,0.5,47.3,1,-0.22793715081902685,13,112,-0.7861862305709522,831.0,honeybee,-0.20943834803410946,831.0,-0.15993130181442083,830.1666666666666,7,-1.1170070072329525,False
406,406,11214040200,honeybee,7.0,11207.0,1.0,2.8,55.5,1,-0.024115984772004318,14,112,-0.7861862305709522,1345.0,honeybee,-0.19321739679063873,1345.0,0.2367093678485694,844.0333333333333,8,1.003791965182873,True
407,407,11214040200,honeybee,5.0,11205.0,1.0,0.3,12.9,1,-0.024115984772004318,14,112,-0.30648214258149775,1296.0,honeybee,-0.6960668853382328,1296.0,0.1988973195733038,844.0333333333333,8,1.003791965182873,False
408,408,11214040200,honeybee,1.0,11201.0,1.0,1.1,42.2,1,-0.024115984772004318,14,112,0.17322194540795668,832.0,honeybee,-0.7771716415555867,832.0,-0.15915962735982353,844.0333333333333,8,1.003791965182873,False
409,409,11214040200,honeybee,3.0,11203.0,1.0,4.5,51.9,1,-0.024115984772004318,14,112,0.6529260333974111,1634.0,honeybee,-0.3554269092253464,1634.0,0.4597232852271767,844.0333333333333,9,1.003791965182873,True
410,410,11214040200,honeybee,2.0,11202.0,1.0,4.8,110.3,1,-0.024115984772004318,14,112,1.1326301213868655,1927.0,honeybee,-0.7771716415555867,1927.0,0.6858239004241731,844.0333333333333,6,1.003791965182873,True
411,411,11214040200,honeybee,6.0,11206.0,1.0,5.5,64.7,1,-0.024115984772004318,14,112,1.61233420937632,1634.0,honeybee,0.48806255543513416,1634.0,0.4597232852271767,844.0333333333333,5,1.003791965182873,True
412,412,11214040200,honeybee,7.0,11207.0,2.0,5.0,112.9,1,-0.024115984772004318,14,112,2.0920382973657743,0.0,honeybee,-0.4040897629557588,0.0,-0.8011927735847415,844.0333333333333,9,1.003791965182873,True
415,415,11214195600,honeybee,2.0,11202.0,1.0,17.2,271.3,1,0.20959241956556718,14,112,-0.7861862305709522,954.0,honeybee,-0.07967073808634324,954.0,-0.06501534389895816,859.9333333333333,7,2.0641914513907857,True
416,416,11214195600,honeybee,3.0,11203.0,1.0,15.3,155.1,1,0.20959241956556718,14,112,-0.30648214258149775,954.0,honeybee,-0.12833359181675555,954.0,-0.06501534389895816,859.9333333333333,10,2.0641914513907857,True
417,417,11214195600,honeybee,6.0,11206.0,1.0,6.3,69.8,1,0.20959241956556718,14,112,0.17322194540795668,954.0,honeybee,0.03387592061795224,954.0,-0.06501534389895816,859.9333333333333,6,2.0641914513907857,True
418,418,11214195600,honeybee,7.0,11207.0,1.0,9.1,139.8,1,0.20959241956556718,14,112,0.6529260333974111,954.0,honeybee,-0.04722883559940166,954.0,-0.06501534389895816,859.9333333333333,10,2.0641914513907857,True
419,419,11214195600,honeybee,8.0,11208.0,1.0,9.5,135.2,1,0.20959241956556718,14,112,1.1326301213868655,2250.0,honeybee,-0.7771716415555867,2250.0,0.9350747492590871,859.9333333333333,14,2.0641914513907857,True
420,420,11214195600,honeybee,5.0,11205.0,1.0,0.7,27.7,1,0.20959241956556718,14,112,1.61233420937632,954.0,honeybee,-0.8096135440425283,954.0,-0.06501534389895816,859.9333333333333,9,2.0641914513907857,False
421,421,11214195600,honeybee,4.0,11204.0,1.0,8.3,49.2,1,0.20959241956556718,14,112,2.0920382973657743,2250.0,honeybee,-0.3554269092253464,2250.0,0.9350747492590871,859.9333333333333,9,2.0641914513907857,True
422,422,11214195600,honeybee,3.0,11203.0,2.0,1.0,38.9,1,0.20959241956556718,14,112,2.571742385355229,0.0,honeybee,1.6235291424780887,0.0,-0.8011927735847415,859.9333333333333,11,2.0641914513907857,False
424,424,11214195600,honeybee,7.0,11207.0,2.0,3.3,49.7,1,0.20959241956556718,14,112,3.5311505613341376,0.0,honeybee,0.6178301653829003,0.0,-0.8011927735847415,859.9333333333333,11,2.0641914513907857,True
425,425,11214224300,honeybee,4.0,11204.0,1.0,7.8,47.1,1,0.25050363919279406,14,112,-0.7861862305709522,167.0,honeybee,0.48806255543513416,167.0,-0.6723231396669995,862.7166666666667,10,-0.4100740164276773,True
426,426,11214224300,honeybee,3.0,11203.0,1.0,3.0,44.7,1,0.25050363919279406,14,112,-0.30648214258149775,167.0,honeybee,-0.6960668853382328,167.0,-0.6723231396669995,862.7166666666667,12,-0.4100740164276773,True
427,427,11214224300,honeybee,6.0,11206.0,1.0,3.8,63.7,1,0.25050363919279406,14,112,0.17322194540795668,167.0,honeybee,0.16364353056571845,167.0,-0.6723231396669995,862.7166666666667,7,-0.4100740164276773,True
428,428,11214334700,honeybee,7.0,11207.0,1.0,4.0,219.6,1,0.4131686082495524,14,112,-0.7861862305709522,831.0,honeybee,-0.3229850067384049,831.0,-0.15993130181442083,873.7833333333333,12,-1.1170070072329525,True
429,429,11214445200,honeybee,1.0,11201.0,1.0,11.8,113.3,1,0.5760785546693481,14,112,-0.7861862305709522,2450.0,honeybee,-0.6798459340947619,2450.0,1.0894096401785385,884.8666666666667,9,-0.05660752102503974,True
430,430,11214445200,honeybee,0.0,11200.0,1.0,0.6,15.8,1,0.5760785546693481,14,112,-0.30648214258149775,4121.0,honeybee,0.3907368479743094,4121.0,2.3788776538105556,884.8666666666667,4,-0.05660752102503974,False
431,431,11214445200,honeybee,2.0,11202.0,1.0,9.8,130.7,1,0.5760785546693481,14,112,0.17322194540795668,1496.0,honeybee,1.931727216104033,1496.0,0.3532322104927552,884.8666666666667,8,-0.05660752102503974,True
432,432,11214445200,honeybee,6.0,11206.0,1.0,8.5,87.6,1,0.5760785546693481,14,112,0.6529260333974111,1329.0,honeybee,-0.24188025052105103,1329.0,0.22436257657501318,884.8666666666667,8,-0.05660752102503974,True
435,435,11214462700,honeybee,7.0,11207.0,1.0,6.1,67.0,1,0.5993514041578903,14,112,-0.7861862305709522,760.0,honeybee,-0.20943834803410946,760.0,-0.2147201880908261,886.45,13,-1.1170070072329525,True
436,436,11214474100,honeybee,2.0,11202.0,1.0,3.1,54.6,1,0.6174797290226496,14,112,-0.7861862305709522,169.0,honeybee,0.7313768240871958,169.0,-0.670779790757805,887.6833333333333,9,-0.4100740164276773,True
437,437,11214474100,honeybee,8.0,11208.0,1.0,6.6,78.2,1,0.6174797290226496,14,112,-0.30648214258149775,1665.0,honeybee,0.6827139703567834,1665.0,0.48364519331969164,887.6833333333333,15,-0.4100740164276773,True
438,438,11214474100,honeybee,7.0,11207.0,1.0,1.5,31.1,1,0.6174797290226496,14,112,0.17322194540795668,74.0,honeybee,0.13120162807877686,74.0,-0.7440888639445444,887.6833333333333,14,-0.4100740164276773,False
439,439,11214555700,honeybee,0.0,11200.0,1.0,7.4,56.7,1,0.7389885010891437,14,112,-0.7861862305709522,665.0,honeybee,-0.760950690312116,665.0,-0.28802926127756545,895.95,5,-0.05660752102503974,True
440,440,11214555700,honeybee,1.0,11201.0,1.0,3.6,38.4,1,0.7389885010891437,14,112,-0.30648214258149775,665.0,honeybee,1.0557958489566115,665.0,-0.28802926127756545,895.95,10,-0.05660752102503974,True
441,441,11214555700,honeybee,4.0,11204.0,1.0,3.6,62.3,1,0.7389885010891437,14,112,0.17322194540795668,1994.0,honeybee,0.40695779921778014,1994.0,0.7375260888821893,895.95,11,-0.05660752102503974,True
442,442,11214555700,honeybee,2.0,11202.0,1.0,0.5,15.0,1,0.7389885010891437,14,112,0.6529260333974111,496.0,honeybee,-0.3554269092253464,496.0,-0.4184422441045019,895.95,10,-0.05660752102503974,False
443,443,11214560200,honeybee,1.0,11201.0,1.0,6.3,73.5,1,0.7402133879043302,14,112,-0.7861862305709522,5.0,honeybee,-0.27432215300799256,5.0,-0.7973344013117553,896.0333333333333,11,-0.4100740164276773,True
444,444,11214560200,honeybee,4.0,11204.0,1.0,5.6,76.8,1,0.7402133879043302,14,112,-0.30648214258149775,5.0,honeybee,-0.27432215300799256,5.0,-0.7973344013117553,896.0333333333333,12,-0.4100740164276773,True
445,445,11214560200,honeybee,2.0,11202.0,1.0,0.5,80.4,1,0.7402133879043302,14,112,0.17322194540795668,5.0,honeybee,-0.7771716415555867,5.0,-0.7973344013117553,896.0333333333333,11,-0.4100740164276773,False
446,446,11214581300,honeybee,1.0,11201.0,1.0,1.6,48.1,1,0.7723054224622148,14,112,-0.7861862305709522,131.0,honeybee,0.16364353056571845,131.0,-0.7001034200325008,898.2166666666667,12,-1.1170070072329525,False
447,447,11214593600,honeybee,7.0,11207.0,1.0,8.3,73.1,1,0.7926385435943095,14,112,-0.7861862305709522,715.0,honeybee,-0.6149621291208789,715.0,-0.24944553854770266,899.6,15,-0.7635405118303149,True
448,448,11214593600,honeybee,8.0,11208.0,1.0,8.3,107.8,1,0.7926385435943095,14,112,-0.30648214258149775,715.0,honeybee,0.21230638429613075,715.0,-0.24944553854770266,899.6,16,-0.7635405118303149,True
449,449,11215030900,honeybee,1.0,11201.0,1.0,5.0,49.6,1,0.8448187219212516,15,112,-0.7861862305709522,296.0,honeybee,-0.5987411778774081,296.0,-0.5727771350239533,903.15,13,-1.1170070072329525,True
452,452,11215133000,honeybee,2.0,11202.0,1.0,8.3,68.8,1,0.9969496643674066,15,112,-0.30648214258149775,1048.0,honeybee,-0.7771716415555867,1048.0,0.007522054833183912,913.5,12,-0.7635405118303149,True
455,455,11215143700,honeybee,7.0,11207.0,1.0,7.1,64.2,1,1.0133631476909049,15,112,-0.30648214258149775,901.0,honeybee,0.48806255543513416,901.0,-0.10591408999261277,914.6166666666667,16,2.0641914513907857,True
456,456,11215143700,honeybee,8.0,11208.0,2.0,6.1,81.2,1,1.0133631476909049,15,112,0.17322194540795668,901.0,honeybee,0.48806255543513416,901.0,-0.10591408999261277,914.6166666666667,17,2.0641914513907857,True
457,457,11215143700,honeybee,3.0,11203.0,1.0,10.5,95.3,1,1.0133631476909049,15,112,0.6529260333974111,3114.0,honeybee,-0.37164786046881726,3114.0,1.601801478031117,914.6166666666667,13,2.0641914513907857,True
458,458,11215143700,honeybee,4.0,11204.0,1.0,5.1,57.0,1,1.0133631476909049,15,112,1.1326301213868655,1115.0,honeybee,0.05009687186142296,1115.0,0.059224243291200164,914.6166666666667,13,2.0641914513907857,True
459,459,11215143700,honeybee,3.0,11203.0,2.0,0.3,20.6,1,1.0133631476909049,15,112,1.61233420937632,0.0,honeybee,0.8449234827914912,0.0,-0.8011927735847415,914.6166666666667,14,2.0641914513907857,False
460,460,11215143700,honeybee,6.0,11206.0,1.0,7.5,71.7,1,1.0133631476909049,15,112,2.0920382973657743,1785.0,honeybee,0.5205044579220757,1785.0,0.5762461278713625,914.6166666666667,9,2.0641914513907857,True
461,461,11215143700,honeybee,7.0,11207.0,2.0,2.0,53.3,1,1.0133631476909049,15,112,2.571742385355229,0.0,honeybee,0.29341114051348466,0.0,-0.8011927735847415,914.6166666666667,17,2.0641914513907857,False
462,462,11215143700,honeybee,8.0,11208.0,3.0,0.5,14.2,1,1.0133631476909049,15,112,3.0514464733446833,0.0,honeybee,0.13120162807877686,0.0,-0.8011927735847415,914.6166666666667,18,2.0641914513907857,False
463,463,11215143700,honeybee,3.0,11203.0,3.0,0.5,42.4,1,1.0133631476909049,15,112,3.5311505613341376,0.0,honeybee,-0.8096135440425283,0.0,-0.8011927735847415,914.6166666666667,15,2.0641914513907857,False
466,466,11215204100,honeybee,8.0,11208.0,1.0,4.3,47.6,1,1.1025349078364772,15,112,-0.7861862305709522,364.0,honeybee,-0.7771716415555867,364.0,-0.5203032721113399,920.6833333333333,19,-0.7635405118303149,True
467,467,11215204100,honeybee,3.0,11203.0,1.0,4.8,97.0,1,1.1025349078364772,15,112,-0.30648214258149775,364.0,honeybee,-0.7771716415555867,364.0,-0.5203032721113399,920.6833333333333,16,-0.7635405118303149,True
470,470,11215241400,honeybee,1.0,11201.0,1.0,8.0,49.1,1,1.1547150861634192,15,112,-0.7861862305709522,1265.0,honeybee,-0.04722883559940166,1265.0,0.17497541148078874,924.2333333333333,14,-1.1170070072329525,True
471,471,11215243300,honeybee,4.0,11204.0,1.0,2.3,29.1,1,1.1593696560611277,15,112,-0.7861862305709522,596.0,honeybee,-0.031007884355930933,596.0,-0.3412747986447762,924.55,14,0.29685897437759784,False
472,472,11215243300,honeybee,3.0,11203.0,1.0,4.3,43.3,1,1.1593696560611277,15,112,-0.30648214258149775,232.0,honeybee,-0.07967073808634324,232.0,-0.6221643001181778,924.55,17,0.29685897437759784,True
473,473,11215243300,honeybee,6.0,11206.0,1.0,6.3,50.2,1,1.1593696560611277,15,112,0.17322194540795668,596.0,honeybee,0.35829494548736784,596.0,-0.3412747986447762,924.55,10,0.29685897437759784,True
474,474,11215243300,honeybee,7.0,11207.0,1.0,7.0,91.1,1,1.1593696560611277,15,112,0.6529260333974111,596.0,honeybee,-0.5338573729035251,596.0,-0.3412747986447762,924.55,18,0.29685897437759784,True
475,475,11215243300,honeybee,8.0,11208.0,1.0,4.8,57.3,1,1.1593696560611277,15,112,1.1326301213868655,232.0,honeybee,-0.16077549430369714,232.0,-0.6221643001181778,924.55,20,0.29685897437759784,True
476,476,11215260100,honeybee,1.0,11201.0,1.0,1.1,17.9,1,1.180927664008409,15,112,-0.7861862305709522,107.0,honeybee,0.4393997017047217,107.0,-0.718623606942835,926.0166666666667,15,-1.1170070072329525,False
478,478,11215291900,honeybee,7.0,11207.0,1.0,0.8,37.9,1,1.2294331818897917,15,112,-0.7861862305709522,286.0,honeybee,0.27719018927001393,286.0,-0.5804938795699259,929.3166666666667,19,-0.4100740164276773,False
479,479,11215291900,honeybee,6.0,11206.0,1.0,2.1,17.7,1,1.2294331818897917,15,112,-0.30648214258149775,286.0,honeybee,0.16364353056571845,286.0,-0.5804938795699259,929.3166666666667,11,-0.4100740164276773,False
480,480,11215291900,honeybee,2.0,11202.0,1.0,3.0,48.9,1,1.2294331818897917,15,112,0.17322194540795668,949.0,honeybee,0.48806255543513416,949.0,-0.06887371617194447,929.3166666666667,13,-0.4100740164276773,True
481,481,11215353600,honeybee,7.0,11207.0,1.0,3.5,54.9,1,1.3217896477548488,15,112,-0.7861862305709522,377.0,honeybee,-0.7285087878251744,377.0,-0.5102715042015755,935.6,20,-0.7635405118303149,True
482,482,11215353600,honeybee,8.0,11208.0,1.0,2.3,79.0,1,1.3217896477548488,15,112,-0.30648214258149775,663.0,honeybee,-0.07967073808634324,663.0,-0.28957261018675995,935.6,21,-0.7635405118303149,False
484,484,11215435400,honeybee,1.0,11201.0,1.0,6.0,91.9,1,1.4437883745474176,15,112,-0.7861862305709522,1073.0,honeybee,-0.6798459340947619,1073.0,0.026813916198115396,943.9,16,0.29685897437759784,True
485,485,11215435400,honeybee,4.0,11204.0,1.0,6.1,70.3,1,1.4437883745474176,15,112,-0.30648214258149775,1161.0,honeybee,-0.48519451917311274,1161.0,0.09472126820267411,943.9,15,0.29685897437759784,True
486,486,11215435400,honeybee,3.0,11203.0,1.0,4.0,48.4,1,1.4437883745474176,15,112,0.17322194540795668,1161.0,honeybee,-0.16077549430369714,1161.0,0.09472126820267411,943.9,18,0.29685897437759784,True
487,487,11215435400,honeybee,6.0,11206.0,1.0,4.0,41.7,1,1.4437883745474176,15,112,0.6529260333974111,875.0,honeybee,-0.5176364216600542,875.0,-0.12597762581214147,943.9,12,0.29685897437759784,True
488,488,11215435400,honeybee,2.0,11202.0,1.0,8.8,93.6,1,1.4437883745474176,15,112,1.1326301213868655,875.0,honeybee,-0.37164786046881726,875.0,-0.12597762581214147,943.9,14,0.29685897437759784,True
489,489,11215450300,honeybee,8.0,11208.0,1.0,4.4,57.2,1,1.4606918125969903,15,112,-0.7861862305709522,567.0,honeybee,-0.48519451917311274,567.0,-0.3636533578280967,945.05,22,-0.4100740164276773,True
490,490,11215450300,honeybee,5.0,11205.0,1.0,2.6,43.5,1,1.4606918125969903,15,112,-0.30648214258149775,5107.0,honeybee,-0.7447297390686451,5107.0,3.1397486660434506,945.05,10,-0.4100740164276773,True
491,491,11215450300,honeybee,1.0,11201.0,1.0,3.6,41.2,1,1.4606918125969903,15,112,0.17322194540795668,69.0,honeybee,0.11498067683530613,69.0,-0.7479472362175308,945.05,17,-0.4100740164276773,True
492,492,11215500300,honeybee,1.0,11201.0,1.0,3.3,59.0,1,1.5341850215081763,15,112,-0.7861862305709522,300.0,honeybee,-0.27432215300799256,300.0,-0.5696904372055643,950.05,18,-0.05660752102503974,True
493,493,11215500300,honeybee,3.0,11203.0,1.0,1.3,13.9,1,1.5341850215081763,15,112,-0.30648214258149775,369.0,honeybee,-0.20943834803410946,369.0,-0.5164448998383536,950.05,19,-0.05660752102503974,False
494,494,11215500300,honeybee,5.0,11205.0,1.0,1.9,102.6,1,1.5341850215081763,15,112,0.17322194540795668,300.0,honeybee,-0.43653166544270033,300.0,-0.5696904372055643,950.05,11,-0.05660752102503974,False
495,495,11215500300,honeybee,2.0,11202.0,1.0,1.8,29.0,1,1.5341850215081763,15,112,0.6529260333974111,369.0,honeybee,0.569167311652488,369.0,-0.5164448998383536,950.05,15,-0.05660752102503974,False
500,500,11512292400,honeybee,0.0,11500.0,1.0,10.0,94.2,1,-1.4150974520977182,12,115,-0.7861862305709522,1343.0,honeybee,1.4126567763129683,1343.0,0.2351660189393748,749.4,2,-0.7635405118303149,True
502,502,11512442600,honeybee,0.0,11500.0,1.0,7.0,67.7,1,-1.1941278706380856,12,115,-0.7861862305709522,902.0,honeybee,0.7638187265741373,902.0,-0.10514241553801555,764.4333333333333,3,-1.1170070072329525,True
509,509,11513300100,honeybee,5.0,11505.0,1.0,10.6,108.0,1,-0.5241147827311065,13,115,-0.7861862305709522,2584.0,honeybee,0.37451589673083857,2584.0,1.1928140170945711,810.0166666666667,2,-0.7635405118303149,True
510,510,11513300100,honeybee,4.0,11504.0,1.0,7.8,74.4,1,-0.5241147827311065,13,115,-0.30648214258149775,2584.0,honeybee,0.37451589673083857,2584.0,1.1928140170945711,810.0166666666667,2,-0.7635405118303149,True
511,511,11513303900,honeybee,2.0,11502.0,1.0,8.3,82.6,1,-0.5148056429356895,13,115,-0.7861862305709522,5018.0,honeybee,-0.6149621291208789,5018.0,3.0710696395842954,810.65,2,-0.7635405118303149,True
512,512,11513303900,honeybee,3.0,11503.0,1.0,8.0,81.1,1,-0.5148056429356895,13,115,-0.30648214258149775,3675.0,honeybee,0.27719018927001393,3675.0,2.0347108470601785,810.65,2,-0.7635405118303149,True
513,513,11513305900,honeybee,0.0,11500.0,1.0,14.3,518.9,1,-0.5099060956749438,13,115,-0.7861862305709522,2793.0,honeybee,0.27719018927001393,2793.0,1.3540939781053976,810.9833333333333,4,-1.1170070072329525,True
514,514,11513313000,honeybee,3.0,11503.0,1.0,0.3,36.2,1,-0.5023117974207879,13,115,-0.7861862305709522,51.0,honeybee,0.4393997017047217,51.0,-0.7618373764002813,811.5,3,-1.1170070072329525,False
517,517,11513365400,honeybee,0.0,11500.0,1.0,7.1,70.3,1,-0.42293913179670706,13,115,-0.7861862305709522,355.0,honeybee,1.4613196300433808,355.0,-0.5272483422027151,816.9,5,-0.7635405118303149,True
518,518,11513365400,honeybee,4.0,11504.0,1.0,2.0,53.5,1,-0.42293913179670706,13,115,-0.30648214258149775,413.0,honeybee,0.40695779921778014,413.0,-0.4824912238360743,816.9,3,-0.7635405118303149,False
520,520,11513442900,honeybee,5.0,11505.0,1.0,6.6,96.2,1,-0.31147443161474164,13,115,-0.7861862305709522,868.0,honeybee,0.8611444340349619,868.0,-0.1313793469943223,824.4833333333333,3,-0.7635405118303149,True
521,521,11513442900,honeybee,4.0,11504.0,1.0,4.1,46.3,1,-0.31147443161474164,13,115,-0.30648214258149775,455.0,honeybee,-0.5338573729035251,455.0,-0.4500808967429895,824.4833333333333,4,-0.7635405118303149,True
523,523,11513505100,honeybee,4.0,11504.0,1.0,3.1,59.0,1,-0.2178930789344981,13,115,-0.7861862305709522,382.0,honeybee,-0.19321739679063873,382.0,-0.5064131319285893,830.85,5,-0.05660752102503974,True
524,524,11513505100,honeybee,2.0,11502.0,1.0,8.5,109.6,1,-0.2178930789344981,13,115,-0.30648214258149775,1212.0,honeybee,0.48806255543513416,1212.0,0.13407666538713411,830.85,3,-0.05660752102503974,True
525,525,11513505100,honeybee,0.0,11500.0,1.0,15.9,425.2,1,-0.2178930789344981,13,115,0.17322194540795668,837.0,honeybee,0.29341114051348466,837.0,-0.1553012550868373,830.85,6,-0.05660752102503974,True
526,526,11513505100,honeybee,3.0,11503.0,1.0,7.1,68.6,1,-0.2178930789344981,13,115,0.6529260333974111,1020.0,moth,-0.06344978684287238,1161.0,-0.01408482989553921,830.85,5,-0.05660752102503974,True
527,527,11513581500,honeybee,4.0,11504.0,1.0,0.8,9.9,1,-0.1091231297459428,13,115,-0.7861862305709522,444.0,honeybee,-0.3554269092253464,444.0,-0.4585693157435593,838.25,6,-1.1170070072329525,False
528,528,11514001500,honeybee,2.0,11502.0,1.0,6.5,75.9,1,-0.0797258461814684,14,115,-0.7861862305709522,564.0,honeybee,0.5205044579220757,564.0,-0.36596838119188846,840.25,4,-0.4100740164276773,True
529,529,11514001500,honeybee,3.0,11503.0,1.0,0.8,17.4,1,-0.0797258461814684,14,115,-0.30648214258149775,564.0,honeybee,0.29341114051348466,564.0,-0.36596838119188846,840.25,6,-0.4100740164276773,False
530,530,11514001500,honeybee,4.0,11504.0,1.0,0.3,21.6,1,-0.0797258461814684,14,115,0.17322194540795668,120.0,honeybee,-0.7285087878251744,120.0,-0.7085918390330707,840.25,7,-0.4100740164276773,False
531,531,11514001600,honeybee,5.0,11505.0,1.0,5.0,74.5,1,-0.07948086881843111,14,115,-0.7861862305709522,947.0,honeybee,0.21230638429613075,947.0,-0.07041706508113899,840.2666666666667,4,-0.05660752102503974,True
532,532,11514001600,honeybee,4.0,11504.0,1.0,1.3,43.5,1,-0.07948086881843111,14,115,-0.30648214258149775,1.0,honeybee,-0.8096135440425283,1.0,-0.8004210991301443,840.2666666666667,8,-0.05660752102503974,False
533,533,11514001600,honeybee,0.0,11500.0,1.0,4.3,79.9,1,-0.07948086881843111,14,115,0.17322194540795668,565.0,honeybee,1.7208548499389136,565.0,-0.3651967067372912,840.2666666666667,7,-0.05660752102503974,True
534,534,11514001600,honeybee,2.0,11502.0,1.0,0.6,23.2,1,-0.07948086881843111,14,115,0.6529260333974111,1.0,honeybee,0.19608543305266002,1.0,-0.8004210991301443,840.2666666666667,5,-0.05660752102503974,False
535,535,11514005800,honeybee,5.0,11505.0,1.0,1.6,42.6,1,-0.06919181957086507,14,115,-0.7861862305709522,42.0,honeybee,-0.04722883559940166,42.0,-0.7687824464916567,840.9666666666667,5,-1.1170070072329525,False
538,538,11514072400,honeybee,3.0,11503.0,1.0,6.0,79.1,1,0.025369442561527594,14,115,-0.7861862305709522,429.0,honeybee,-0.7285087878251744,429.0,-0.47014443256251814,847.4,7,-0.4100740164276773,True
539,539,11514072400,honeybee,0.0,11500.0,1.0,7.6,79.7,1,0.025369442561527594,14,115,-0.30648214258149775,428.0,honeybee,-0.16077549430369714,428.0,-0.47091610701711545,847.4,8,-0.4100740164276773,True
540,540,11514072400,honeybee,4.0,11504.0,1.0,5.1,70.2,1,0.025369442561527594,14,115,0.17322194540795668,428.0,honeybee,-0.6474040316078206,428.0,-0.47091610701711545,847.4,9,-0.4100740164276773,True
544,544,11514161800,honeybee,0.0,11500.0,1.0,7.1,111.5,1,0.1561873544234387,14,115,-0.7861862305709522,534.0,honeybee,0.37451589673083857,534.0,-0.38911861482980614,856.3,9,-0.7635405118303149,True
545,545,11514161800,honeybee,3.0,11503.0,1.0,4.5,52.5,1,0.1561873544234387,14,115,-0.30648214258149775,534.0,honeybee,0.11498067683530613,534.0,-0.38911861482980614,856.3,8,-0.7635405118303149,True
547,547,11514245800,honeybee,2.0,11502.0,1.0,6.1,72.6,1,0.2835755832028278,14,115,-0.7861862305709522,1482.0,honeybee,-0.760950690312116,1482.0,0.34242876812839357,864.9666666666667,6,-0.7635405118303149,True
548,548,11514245800,honeybee,3.0,11503.0,1.0,3.6,62.3,1,0.2835755832028278,14,115,-0.30648214258149775,520.0,honeybee,-0.12833359181675555,520.0,-0.3999220571941678,864.9666666666667,9,-0.7635405118303149,True
551,551,11514260900,honeybee,5.0,11505.0,1.0,7.0,82.0,1,0.3009689759784751,14,115,-0.7861862305709522,1511.0,honeybee,-0.5987411778774081,1511.0,0.36480732731171406,866.15,6,-0.4100740164276773,True
552,552,11514260900,honeybee,4.0,11504.0,1.0,4.5,72.1,1,0.3009689759784751,14,115,-0.30648214258149775,1125.0,honeybee,-0.031007884355930933,1125.0,0.06694098783717278,866.15,10,-0.4100740164276773,True
553,553,11514260900,honeybee,3.0,11503.0,1.0,2.3,50.0,1,0.3009689759784751,14,115,0.17322194540795668,71.0,honeybee,-0.27432215300799256,71.0,-0.7464038873083362,866.15,10,-0.4100740164276773,False
557,557,11514421000,honeybee,2.0,11502.0,1.0,3.8,38.5,1,0.5363922218573076,14,115,-0.7861862305709522,1032.0,honeybee,0.13120162807877686,1032.0,-0.0048247364403721585,882.1666666666666,7,-0.7635405118303149,True
558,558,11514421000,honeybee,3.0,11503.0,1.0,1.9,54.9,1,0.5363922218573076,14,115,-0.30648214258149775,961.0,honeybee,-0.48519451917311274,961.0,-0.05961362271677743,882.1666666666666,11,-0.7635405118303149,False
560,560,11514462500,honeybee,3.0,11503.0,1.0,3.0,56.5,1,0.5988614494318157,14,115,-0.7861862305709522,255.0,honeybee,-0.5500783241469959,255.0,-0.6044157876624409,886.4166666666666,12,0.6503254697802354,True
561,561,11514462500,honeybee,0.0,11500.0,1.0,9.8,125.6,1,0.5988614494318157,14,115,-0.30648214258149775,1807.0,honeybee,0.29341114051348466,1807.0,0.5932229658725021,886.4166666666666,10,0.6503254697802354,True
562,562,11514462500,honeybee,2.0,11502.0,1.0,4.0,57.8,1,0.5988614494318157,14,115,0.17322194540795668,255.0,honeybee,-0.24188025052105103,255.0,-0.6044157876624409,886.4166666666666,8,0.6503254697802354,True
563,563,11514462500,honeybee,3.0,11503.0,2.0,1.0,23.8,1,0.5988614494318157,14,115,0.6529260333974111,0.0,honeybee,-0.37164786046881726,0.0,-0.8011927735847415,886.4166666666666,13,0.6503254697802354,False
565,565,11514462500,honeybee,5.0,11505.0,1.0,6.3,86.3,1,0.5988614494318157,14,115,1.61233420937632,1216.0,honeybee,0.27719018927001393,1216.0,0.13716336320552314,886.4166666666666,7,0.6503254697802354,True
566,566,11515001100,honeybee,0.0,11500.0,1.0,6.0,80.8,1,0.8012127513006145,15,115,-0.7861862305709522,826.0,honeybee,0.7313768240871958,826.0,-0.16378967408740705,900.1833333333333,11,-1.1170070072329525,True
567,567,11515002400,honeybee,5.0,11505.0,1.0,3.1,50.9,1,0.8043974570200992,15,115,-0.7861862305709522,839.0,honeybee,0.16364353056571845,839.0,-0.1537579061776428,900.4,8,-1.1170070072329525,True
569,569,11515003400,honeybee,0.0,11500.0,1.0,1.0,19.9,1,0.8068472306504721,15,115,-0.7861862305709522,23.0,honeybee,0.11498067683530613,23.0,-0.7834442611290046,900.5666666666667,12,-1.1170070072329525,False
575,575,11515130800,honeybee,0.0,11500.0,1.0,7.6,104.6,1,0.9915601623805863,15,115,-0.7861862305709522,351.0,wasp,-0.19321739679063873,754.0,-0.5303350400211042,913.1333333333333,14,-0.05660752102503974,True
576,576,11515130800,honeybee,2.0,11502.0,1.0,6.0,58.7,1,0.9915601623805863,15,115,-0.30648214258149775,1603.0,honeybee,-0.20943834803410946,1603.0,0.4358013771346616,913.1333333333333,9,-0.05660752102503974,True
577,577,11515130800,honeybee,5.0,11505.0,1.0,6.1,58.8,1,0.9915601623805863,15,115,0.17322194540795668,764.0,honeybee,-0.3554269092253464,764.0,-0.21163349027243708,913.1333333333333,9,-0.05660752102503974,True
578,578,11515130800,honeybee,4.0,11504.0,1.0,6.1,67.8,1,0.9915601623805863,15,115,0.6529260333974111,2819.0,honeybee,-0.12833359181675555,2819.0,1.3741575139249265,913.1333333333333,11,-0.05660752102503974,True
583,583,11515424800,honeybee,4.0,11504.0,1.0,7.1,49.6,1,1.4276198685869566,15,115,-0.7861862305709522,1780.0,honeybee,0.13120162807877686,1780.0,0.5723877555983763,942.8,12,-1.1170070072329525,True
584,584,11515430300,honeybee,0.0,11500.0,1.0,6.0,84.2,1,1.4312945290325159,15,115,-0.7861862305709522,1795.0,honeybee,0.37451589673083857,1795.0,0.5839628724173351,943.05,15,-0.4100740164276773,True
585,585,11515430300,honeybee,2.0,11502.0,1.0,6.1,56.9,1,1.4312945290325159,15,115,-0.30648214258149775,1795.0,honeybee,0.11498067683530613,1795.0,0.5839628724173351,943.05,10,-0.4100740164276773,True
586,586,11515430300,honeybee,3.0,11503.0,1.0,5.1,61.1,1,1.4312945290325159,15,115,0.17322194540795668,3398.0,honeybee,-0.6960668853382328,3398.0,1.820957023136738,943.05,14,-0.4100740164276773,True
587,587,11515434800,honeybee,5.0,11505.0,1.0,8.0,86.0,1,1.4423185103691938,15,115,-0.7861862305709522,1840.0,honeybee,0.13120162807877686,1840.0,0.6186882228742117,943.8,10,-0.4100740164276773,True
588,588,11515434800,honeybee,4.0,11504.0,1.0,1.3,41.6,1,1.4423185103691938,15,115,-0.30648214258149775,60.0,honeybee,0.29341114051348466,60.0,-0.754892306308906,943.8,13,-0.4100740164276773,False
589,589,11515434800,honeybee,0.0,11500.0,1.0,1.8,57.8,1,1.4423185103691938,15,115,0.17322194540795668,45.0,honeybee,0.11498067683530613,45.0,-0.7664674231278649,943.8,16,-0.4100740164276773,False
591,591,11515435400,honeybee,0.0,11500.0,1.0,4.1,67.7,1,1.4437883745474176,15,115,-0.7861862305709522,6.0,honeybee,-0.5662992753904666,6.0,-0.7965627268571579,943.9,17,-1.1170070072329525,True
592,592,11515481500,honeybee,3.0,11503.0,1.0,1.0,20.0,1,1.5077274663001494,15,115,-0.7861862305709522,312.0,honeybee,-0.031007884355930933,312.0,-0.5604303437503972,948.25,15,-0.05660752102503974,False
593,593,11515481500,honeybee,2.0,11502.0,1.0,3.1,21.9,1,1.5077274663001494,15,115,-0.30648214258149775,312.0,honeybee,0.13120162807877686,312.0,-0.5604303437503972,948.25,11,-0.05660752102503974,True
594,594,11515481500,honeybee,0.0,11500.0,1.0,3.8,68.0,1,1.5077274663001494,15,115,0.17322194540795668,261.0,honeybee,-0.19321739679063873,261.0,-0.5997857409348574,948.25,18,-0.05660752102503974,True
595,595,11515481500,honeybee,5.0,11505.0,1.0,1.8,49.6,1,1.5077274663001494,15,115,0.6529260333974111,267.0,honeybee,0.4393997017047217,267.0,-0.5951556942072739,948.25,11,-0.05660752102503974,False
605,605,11711050600,honeybee,1.0,11701.0,1.0,1.6,19.7,1,-2.6541929543403144,11,117,-0.7861862305709522,122.0,honeybee,0.05009687186142296,122.0,-0.7070484901238762,665.1,2,-0.4100740164276773,False
606,606,11711050600,honeybee,4.0,11704.0,1.0,1.3,19.8,1,-2.6541929543403144,11,117,-0.30648214258149775,122.0,honeybee,0.8124815803045498,122.0,-0.7070484901238762,665.1,2,-0.4100740164276773,False
610,610,11711491900,honeybee,5.0,11705.0,1.0,1.1,39.7,1,-2.004268010202393,11,117,-0.7861862305709522,2653.0,honeybee,0.35829494548736784,2653.0,1.2460595544617818,709.3166666666667,2,-0.4100740164276773,False
611,611,11711491900,honeybee,4.0,11704.0,1.0,7.6,66.4,1,-2.004268010202393,11,117,-0.30648214258149775,2653.0,honeybee,-0.6474040316078206,2653.0,1.2460595544617818,709.3166666666667,3,-0.4100740164276773,True
612,612,11711491900,honeybee,1.0,11701.0,1.0,8.0,69.6,1,-2.004268010202393,11,117,0.17322194540795668,2653.0,honeybee,-0.5987411778774081,2653.0,1.2460595544617818,709.3166666666667,3,-0.4100740164276773,True
618,618,11712394400,honeybee,4.0,11704.0,1.0,10.6,77.4,1,-1.2632114870146005,12,117,-0.30648214258149775,3025.0,honeybee,0.37451589673083857,3025.0,1.533122451571961,759.7333333333333,4,-0.05660752102503974,True
619,619,11712394400,honeybee,1.0,11701.0,1.0,8.0,56.2,1,-1.2632114870146005,12,117,0.17322194540795668,3025.0,honeybee,0.4393997017047217,3025.0,1.533122451571961,759.7333333333333,4,-0.05660752102503974,True
620,620,11712394400,honeybee,5.0,11705.0,1.0,0.3,17.8,1,-1.2632114870146005,12,117,0.6529260333974111,3025.0,honeybee,-0.6798459340947619,3025.0,1.533122451571961,759.7333333333333,3,-0.05660752102503974,False
624,624,11712562900,honeybee,3.0,11703.0,1.0,10.6,96.8,1,-1.0170092371621273,12,117,-0.30648214258149775,6805.0,honeybee,1.2504472638782607,6805.0,4.450051889949593,776.4833333333333,2,0.6503254697802354,True
626,626,11712562900,honeybee,1.0,11701.0,1.0,4.1,31.3,1,-1.0170092371621273,12,117,0.6529260333974111,1005.0,honeybee,0.4393997017047217,1005.0,-0.025659946714498068,776.4833333333333,5,0.6503254697802354,True
627,627,11712562900,honeybee,3.0,11703.0,2.0,0.3,38.5,1,-1.0170092371621273,12,117,1.1326301213868655,0.0,honeybee,0.8611444340349619,0.0,-0.8011927735847415,776.4833333333333,3,0.6503254697802354,False
628,628,11712562900,honeybee,4.0,11704.0,2.0,0.6,48.1,1,-1.0170092371621273,12,117,1.61233420937632,1005.0,honeybee,0.8611444340349619,1005.0,-0.025659946714498068,776.4833333333333,5,0.6503254697802354,False
629,629,11712565900,honeybee,5.0,11705.0,1.0,8.8,83.1,1,-1.0096599162710087,12,117,-0.7861862305709522,1035.0,honeybee,-0.8096135440425283,1035.0,-0.0025097130765803543,776.9833333333333,4,-0.4100740164276773,True
630,630,11712565900,honeybee,4.0,11704.0,1.0,6.5,78.1,1,-1.0096599162710087,12,117,-0.30648214258149775,30.0,honeybee,-0.760950690312116,30.0,-0.7780425399468237,776.9833333333333,6,-0.4100740164276773,True
631,631,11712565900,honeybee,3.0,11703.0,1.0,0.3,27.3,1,-1.0096599162710087,12,117,0.17322194540795668,30.0,honeybee,-0.8096135440425283,30.0,-0.7780425399468237,776.9833333333333,4,-0.4100740164276773,False
632,632,11712570200,honeybee,4.0,11704.0,1.0,0.2,1.6,1,-1.0089249841818968,12,117,-0.7861862305709522,3.0,honeybee,0.19608543305266002,3.0,-0.7988777502209496,777.0333333333333,7,-1.1170070072329525,False
638,638,11713491300,honeybee,4.0,11704.0,1.0,7.6,74.5,1,-0.2419008605121522,13,117,-0.7861862305709522,3131.0,honeybee,-0.8258344952859991,3131.0,1.6149199437592703,829.2166666666667,8,-0.05660752102503974,True
639,639,11713491300,honeybee,3.0,11703.0,1.0,7.0,54.6,1,-0.2419008605121522,13,117,-0.30648214258149775,3134.0,honeybee,-0.8096135440425283,3134.0,1.6172349671230626,829.2166666666667,5,-0.05660752102503974,True
640,640,11713491300,honeybee,2.0,11702.0,1.0,5.3,68.4,1,-0.2419008605121522,13,117,0.17322194540795668,3164.0,honeybee,0.11498067683530613,3164.0,1.6403852007609803,829.2166666666667,2,-0.05660752102503974,True
641,641,11713491300,honeybee,1.0,11701.0,1.0,9.1,66.8,1,-0.2419008605121522,13,117,0.6529260333974111,3164.0,honeybee,-0.19321739679063873,3164.0,1.6403852007609803,829.2166666666667,6,-0.05660752102503974,True
644,644,11714120300,honeybee,4.0,11704.0,1.0,8.3,82.3,1,0.09371812684893058,14,117,-0.7861862305709522,1370.0,honeybee,0.37451589673083857,1370.0,0.2560012292135007,852.05,9,-0.05660752102503974,True
645,645,11714120300,honeybee,5.0,11705.0,1.0,10.3,185.8,1,0.09371812684893058,14,117,-0.30648214258149775,4504.0,honeybee,0.569167311652488,4504.0,2.6744289699213044,852.05,5,-0.05660752102503974,True
646,646,11714120300,honeybee,2.0,11702.0,1.0,2.8,50.3,1,0.09371812684893058,14,117,0.17322194540795668,1370.0,honeybee,0.0014340181310106524,1370.0,0.2560012292135007,852.05,3,-0.05660752102503974,True
647,647,11714120300,honeybee,1.0,11701.0,1.0,6.6,54.2,1,0.09371812684893058,14,117,0.6529260333974111,1370.0,honeybee,0.6178301653829003,1370.0,0.2560012292135007,852.05,7,-0.05660752102503974,True
648,648,11714163000,honeybee,1.0,11701.0,1.0,1.3,16.8,1,0.15912708277988613,14,117,-0.7861862305709522,267.0,honeybee,0.21230638429613075,267.0,-0.5951556942072739,856.5,8,-1.1170070072329525,False
651,651,11714251100,honeybee,4.0,11704.0,1.0,6.0,61.5,1,0.2867602889223125,14,117,-0.7861862305709522,788.0,honeybee,0.48806255543513416,788.0,-0.1931133033621029,865.1833333333333,10,-0.7635405118303149,True
652,652,11714251100,honeybee,1.0,11701.0,1.0,3.5,46.4,1,0.2867602889223125,14,117,-0.30648214258149775,521.0,honeybee,-0.6474040316078206,521.0,-0.3991503827395705,865.1833333333333,9,-0.7635405118303149,True
657,657,11714362800,honeybee,1.0,11701.0,1.0,7.3,43.8,1,0.4526099636985556,14,117,-0.30648214258149775,677.0,honeybee,-0.29054310425146335,677.0,-0.2787691678223984,876.4666666666667,10,-0.4100740164276773,True
658,658,11714362800,honeybee,3.0,11703.0,1.0,4.6,33.3,1,0.4526099636985556,14,117,0.17322194540795668,2835.0,honeybee,0.27719018927001393,2835.0,1.3865043051984824,876.4666666666667,6,-0.4100740164276773,True
659,659,11714372600,honeybee,2.0,11702.0,1.0,3.5,40.7,1,0.46681865075471823,14,117,-0.7861862305709522,1523.0,honeybee,-0.4040897629557588,1523.0,0.3740674207668811,877.4333333333333,4,-0.7635405118303149,True
660,660,11714372600,honeybee,1.0,11701.0,1.0,1.5,27.5,1,0.46681865075471823,14,117,-0.30648214258149775,58.0,honeybee,0.3258530430004262,58.0,-0.7564356552181006,877.4333333333333,11,-0.7635405118303149,False
666,666,11715034900,honeybee,3.0,11703.0,1.0,9.5,88.0,1,0.854617816442743,15,117,-0.7861862305709522,1641.0,honeybee,-0.11211264057328484,1641.0,0.4651250064093575,903.8166666666667,7,-0.4100740164276773,True
667,667,11715034900,honeybee,4.0,11704.0,1.0,6.0,70.9,1,0.854617816442743,15,117,-0.30648214258149775,574.0,moth,-0.760950690312116,2318.0,-0.3582516366459159,903.8166666666667,12,-0.4100740164276773,True
668,668,11715034900,honeybee,6.0,11706.0,1.0,8.0,49.7,1,0.854617816442743,15,117,0.17322194540795668,1641.0,honeybee,-0.7771716415555867,1641.0,0.4651250064093575,903.8166666666667,2,-0.4100740164276773,True
670,670,11715042400,honeybee,3.0,11703.0,1.0,2.1,41.6,1,0.863192024149048,15,117,-0.30648214258149775,35.0,honeybee,0.6827139703567834,35.0,-0.7741841676738376,904.4,8,-0.7635405118303149,False
671,671,11715132800,honeybee,1.0,11701.0,1.0,3.1,32.1,1,0.996459709641332,15,117,-0.7861862305709522,2162.0,honeybee,-0.6149621291208789,2162.0,0.8671673972545283,913.4666666666667,12,-1.1170070072329525,True
677,677,11715282300,honeybee,1.0,11701.0,1.0,2.9,56.0,1,1.2157144495597036,15,117,-0.7861862305709522,895.0,honeybee,-0.3554269092253464,895.0,-0.11054413672019638,928.3833333333333,13,-1.1170070072329525,True
678,678,11715314100,honeybee,4.0,11704.0,1.0,8.5,115.4,1,1.2642199674410863,15,117,-0.7861862305709522,1672.0,honeybee,0.11498067683530613,1672.0,0.48904691450187243,931.6833333333333,13,-0.4100740164276773,True
679,679,11715314100,honeybee,3.0,11703.0,1.0,7.0,66.1,1,1.2642199674410863,15,117,-0.30648214258149775,1637.0,honeybee,-0.5176364216600542,1637.0,0.4620383085909685,931.6833333333333,9,-0.4100740164276773,True
680,680,11715314100,honeybee,5.0,11705.0,1.0,7.2,55.5,1,1.2642199674410863,15,117,0.17322194540795668,2158.0,moth,-0.06344978684287238,4778.0,0.8640806994361395,931.6833333333333,7,-0.4100740164276773,True
741,741,21011333000,honeybee,1.0,21001.0,1.0,0.5,1.9,2,-2.2367515277247776,11,210,-0.30648214258149775,70.0,honeybee,8.841852445822585,70.0,-0.7471755617629334,693.5,2,1.3572584605855107,False
742,742,21011333000,honeybee,2.0,21002.0,2.0,12.3,88.8,2,-2.2367515277247776,11,210,0.17322194540795668,0.0,honeybee,1.947948167347504,0.0,-0.8011927735847415,693.5,2,1.3572584605855107,True
743,743,21011333000,honeybee,1.0,21001.0,2.0,0.2,0.4,2,-2.2367515277247776,11,210,0.6529260333974111,0.0,honeybee,-0.7771716415555867,0.0,-0.8011927735847415,693.5,3,1.3572584605855107,False
744,744,21011333000,honeybee,2.0,21002.0,3.0,4.6,61.8,2,-2.2367515277247776,11,210,1.1326301213868655,0.0,honeybee,1.1369006051739654,0.0,-0.8011927735847415,693.5,3,1.3572584605855107,True
748,748,21011333010,honeybee,2.0,21002.0,1.0,3.9,163.0,2,-2.2367515277247776,11,210,-0.7861862305709522,0.0,honeybee,-0.11211264057328484,0.0,-0.8011927735847415,693.5,4,-1.1170070072329525,True
751,751,21012113300,honeybee,0.0,21000.0,1.0,3.1,70.0,2,-1.6774682079106522,12,210,-0.7861862305709522,718.0,honeybee,0.7638187265741373,718.0,-0.24713051518391085,731.55,2,0.6503254697802354,True
752,752,21012113300,honeybee,1.0,21001.0,1.0,0.3,30.3,2,-1.6774682079106522,12,210,-0.30648214258149775,2283.0,honeybee,-0.8258344952859991,2283.0,0.9605400062607964,731.55,4,0.6503254697802354,False
753,753,21012113300,honeybee,2.0,21002.0,1.0,6.1,73.9,2,-1.6774682079106522,12,210,0.17322194540795668,2283.0,honeybee,-0.22565929927758024,2283.0,0.9605400062607964,731.55,5,0.6503254697802354,True
754,754,21012113300,honeybee,3.0,21003.0,1.0,4.3,59.2,2,-1.6774682079106522,12,210,0.6529260333974111,2283.0,honeybee,1.4450986787999098,2283.0,0.9605400062607964,731.55,2,0.6503254697802354,True
756,756,21012113300,honeybee,5.0,21005.0,1.0,5.5,66.4,2,-1.6774682079106522,12,210,1.61233420937632,1246.0,honeybee,1.0720168002000823,1246.0,0.16031359684344085,731.55,2,0.6503254697802354,True
757,757,21012134800,honeybee,4.0,21004.0,1.0,1.9,34.3,2,-1.6443962639006184,12,210,-0.7861862305709522,2418.0,honeybee,1.2828891663652022,2418.0,1.064716057631426,733.8,2,-1.1170070072329525,False
758,758,21012170300,honeybee,4.0,21004.0,1.0,1.5,38.2,2,-1.5966256781083477,12,210,-0.7861862305709522,195.0,honeybee,-0.5500783241469959,195.0,-0.6507162549382763,737.05,3,-1.1170070072329525,False
759,759,21012182800,honeybee,5.0,21005.0,1.0,4.1,64.3,2,-1.5758026022501783,12,210,-0.7861862305709522,415.0,honeybee,0.03387592061795224,415.0,-0.48094787492687974,738.4666666666667,3,0.29685897437759784,True
762,762,21012182800,honeybee,1.0,21001.0,1.0,4.8,64.2,2,-1.5758026022501783,12,210,0.6529260333974111,415.0,honeybee,-0.8096135440425283,415.0,-0.48094787492687974,738.4666666666667,5,0.29685897437759784,True
763,763,21012182800,honeybee,0.0,21000.0,1.0,1.8,30.5,2,-1.5758026022501783,12,210,1.1326301213868655,415.0,honeybee,-0.3554269092253464,415.0,-0.48094787492687974,738.4666666666667,3,0.29685897437759784,False
764,764,21012333500,honeybee,5.0,21005.0,1.0,7.6,70.0,2,-1.3536081339753592,12,210,-0.7861862305709522,907.0,honeybee,-0.19321739679063873,907.0,-0.10128404326502924,753.5833333333334,4,-0.7635405118303149,True
765,765,21012333500,honeybee,4.0,21004.0,1.0,1.6,31.9,2,-1.3536081339753592,12,210,-0.30648214258149775,992.0,honeybee,-0.6149621291208789,992.0,-0.035691714624262336,753.5833333333334,4,-0.7635405118303149,False
766,766,21012345700,honeybee,0.0,21000.0,1.0,7.6,72.9,2,-1.3335199902063017,12,210,-0.7861862305709522,989.0,honeybee,-0.5662992753904666,989.0,-0.03800673798805414,754.95,4,-0.05660752102503974,True
767,767,21012345700,honeybee,1.0,21001.0,1.0,10.1,75.9,2,-1.3335199902063017,12,210,-0.30648214258149775,989.0,honeybee,-0.07967073808634324,989.0,-0.03800673798805414,754.95,6,-0.05660752102503974,True
768,768,21012345700,honeybee,2.0,21002.0,1.0,6.6,80.7,2,-1.3335199902063017,12,210,0.17322194540795668,1404.0,honeybee,0.13120162807877686,1404.0,0.28223816066980745,754.95,6,-0.05660752102503974,True
769,769,21012345700,honeybee,3.0,21003.0,1.0,6.1,60.8,2,-1.3335199902063017,12,210,0.6529260333974111,1404.0,honeybee,-0.16077549430369714,1404.0,0.28223816066980745,754.95,3,-0.05660752102503974,True
771,771,21012462600,honeybee,0.0,21000.0,1.0,8.0,96.0,2,-1.164730587073611,12,210,-0.7861862305709522,689.0,honeybee,0.37451589673083857,689.0,-0.26950907436723137,766.4333333333333,5,0.29685897437759784,True
772,772,21012462600,honeybee,1.0,21001.0,1.0,6.1,59.4,2,-1.164730587073611,12,210,-0.30648214258149775,689.0,honeybee,0.7800396778176081,689.0,-0.26950907436723137,766.4333333333333,7,0.29685897437759784,True
773,773,21012462600,honeybee,2.0,21002.0,1.0,5.8,67.3,2,-1.164730587073611,12,210,0.17322194540795668,689.0,honeybee,0.21230638429613075,689.0,-0.26950907436723137,766.4333333333333,7,0.29685897437759784,True
774,774,21012462600,honeybee,3.0,21003.0,1.0,4.1,66.3,2,-1.164730587073611,12,210,0.6529260333974111,689.0,honeybee,0.13120162807877686,689.0,-0.26950907436723137,766.4333333333333,4,0.29685897437759784,True
775,775,21012462600,honeybee,2.0,21002.0,2.0,0.6,75.0,2,-1.164730587073611,12,210,1.1326301213868655,0.0,honeybee,0.08253877434836455,0.0,-0.8011927735847415,766.4333333333333,8,0.29685897437759784,False
776,776,21012465500,honeybee,0.0,21000.0,1.0,0.5,41.1,2,-1.1576262435455298,12,210,-0.7861862305709522,29.0,honeybee,0.4393997017047217,29.0,-0.778814214401421,766.9166666666666,6,-1.1170070072329525,False
777,777,21012580700,honeybee,5.0,21005.0,1.0,12.8,124.9,2,-0.9930014555844732,12,210,-0.7861862305709522,1472.0,honeybee,0.37451589673083857,1472.0,0.3347120235824211,778.1166666666667,5,-1.1170070072329525,True
780,780,21013111300,honeybee,0.0,21000.0,1.0,3.6,81.9,2,-0.8004492482371659,13,210,-0.7861862305709522,1458.0,honeybee,-0.7771716415555867,1458.0,0.32390858121805943,791.2166666666667,7,-0.05660752102503974,True
781,781,21013111300,honeybee,1.0,21001.0,1.0,5.1,54.5,2,-0.8004492482371659,13,210,-0.30648214258149775,1487.0,honeybee,0.13120162807877686,1487.0,0.3462871404013799,791.2166666666667,8,-0.05660752102503974,True
782,782,21013111300,honeybee,2.0,21002.0,1.0,2.1,34.8,2,-0.8004492482371659,13,210,0.17322194540795668,1487.0,honeybee,-0.760950690312116,1487.0,0.3462871404013799,791.2166666666667,9,-0.05660752102503974,False
783,783,21013111300,honeybee,3.0,21003.0,1.0,0.6,17.1,2,-0.8004492482371659,13,210,0.6529260333974111,1487.0,honeybee,-0.19321739679063873,1487.0,0.3462871404013799,791.2166666666667,5,-0.05660752102503974,False
785,785,21013143300,honeybee,0.0,21000.0,1.0,4.6,120.6,2,-0.7514537756297085,13,210,-0.7861862305709522,200.0,honeybee,-0.27432215300799256,200.0,-0.64685788266529,794.55,8,0.29685897437759784,True
786,786,21013143300,honeybee,1.0,21001.0,1.0,3.0,44.1,2,-0.7514537756297085,13,210,-0.30648214258149775,200.0,honeybee,-0.031007884355930933,200.0,-0.64685788266529,794.55,9,0.29685897437759784,True
787,787,21013143300,honeybee,2.0,21002.0,1.0,1.8,55.6,2,-0.7514537756297085,13,210,0.17322194540795668,200.0,honeybee,-0.5176364216600542,200.0,-0.64685788266529,794.55,10,0.29685897437759784,False
788,788,21013143300,honeybee,3.0,21003.0,1.0,4.5,67.1,2,-0.7514537756297085,13,210,0.6529260333974111,200.0,honeybee,-0.760950690312116,200.0,-0.64685788266529,794.55,6,0.29685897437759784,True
789,789,21013143300,honeybee,5.0,21005.0,1.0,2.3,48.4,2,-0.7514537756297085,13,210,1.1326301213868655,986.0,honeybee,1.2180053613913193,986.0,-0.04032176135184594,794.55,6,0.29685897437759784,False
790,790,21013161800,honeybee,2.0,21002.0,1.0,5.8,90.5,2,-0.7257311525107935,13,210,-0.7861862305709522,105.0,honeybee,-0.5662992753904666,105.0,-0.7201669558520295,796.3,11,-0.4100740164276773,True
791,791,21013161800,honeybee,1.0,21001.0,1.0,0.5,11.2,2,-0.7257311525107935,13,210,-0.30648214258149775,105.0,honeybee,-0.37164786046881726,105.0,-0.7201669558520295,796.3,10,-0.4100740164276773,False
792,792,21013161800,honeybee,0.0,21000.0,1.0,2.1,33.7,2,-0.7257311525107935,13,210,0.17322194540795668,105.0,honeybee,-0.11211264057328484,105.0,-0.7201669558520295,796.3,9,-0.4100740164276773,False
793,793,21013210500,honeybee,3.0,21003.0,1.0,3.0,43.8,2,-0.6554226493190921,13,210,-0.7861862305709522,392.0,honeybee,-0.12833359181675555,392.0,-0.4986963873826167,801.0833333333334,7,-0.7635405118303149,True
794,794,21013210500,honeybee,5.0,21005.0,1.0,0.3,12.8,2,-0.6554226493190921,13,210,-0.30648214258149775,392.0,honeybee,-0.48519451917311274,392.0,-0.4986963873826167,801.0833333333334,7,-0.7635405118303149,False
795,795,21013221300,honeybee,5.0,21005.0,1.0,6.3,62.2,2,-0.6387641886325567,13,210,-0.7861862305709522,68.0,honeybee,-0.8096135440425283,68.0,-0.748718910672128,802.2166666666667,8,0.29685897437759784,True
797,797,21013221300,honeybee,3.0,21003.0,1.0,4.9,79.4,2,-0.6387641886325567,13,210,0.17322194540795668,68.0,honeybee,-0.37164786046881726,68.0,-0.748718910672128,802.2166666666667,8,0.29685897437759784,True
798,798,21013221300,honeybee,2.0,21002.0,1.0,3.3,43.3,2,-0.6387641886325567,13,210,0.6529260333974111,355.0,honeybee,0.08253877434836455,355.0,-0.5272483422027151,802.2166666666667,12,0.29685897437759784,True
799,799,21013221300,honeybee,0.0,21000.0,1.0,3.8,61.7,2,-0.6387641886325567,13,210,1.1326301213868655,355.0,honeybee,-0.5176364216600542,355.0,-0.5272483422027151,802.2166666666667,10,0.29685897437759784,True
800,800,21013243700,honeybee,5.0,21005.0,1.0,2.1,51.8,2,-0.6034874483551873,13,210,-0.7861862305709522,144.0,honeybee,0.16364353056571845,144.0,-0.6900716521227365,804.6166666666667,9,-1.1170070072329525,False
802,802,21013251500,honeybee,0.0,21000.0,1.0,1.3,24.4,2,-0.5941783085597705,13,210,-0.30648214258149775,182.0,honeybee,-0.24188025052105103,182.0,-0.6607480228480407,805.25,11,-0.7635405118303149,False
803,803,21013381000,honeybee,0.0,21000.0,1.0,7.6,97.4,2,-0.40432085220587327,13,210,-0.7861862305709522,775.0,honeybee,-0.6474040316078206,775.0,-0.20314507127186723,818.1666666666666,12,-0.7635405118303149,True
804,804,21013381000,honeybee,1.0,21001.0,1.0,9.1,74.6,2,-0.40432085220587327,13,210,-0.30648214258149775,1312.0,honeybee,-0.7771716415555867,1312.0,0.2112441108468599,818.1666666666666,11,-0.7635405118303149,True
807,807,21013431600,honeybee,5.0,21005.0,1.0,8.0,116.5,2,-0.3293577791164635,13,210,-0.30648214258149775,1119.0,honeybee,-0.5176364216600542,1119.0,0.06231094110958918,823.2666666666667,10,-0.7635405118303149,True
808,808,21013490200,honeybee,5.0,21005.0,1.0,4.6,46.0,2,-0.24459561150556236,13,210,-0.7861862305709522,346.0,honeybee,0.4393997017047217,346.0,-0.5341934122940906,829.0333333333333,11,-0.7635405118303149,True
809,809,21013490200,honeybee,0.0,21000.0,1.0,3.2,67.5,2,-0.24459561150556236,13,210,-0.30648214258149775,396.0,moth,-0.5338573729035251,652.0,-0.4956096895642277,829.0333333333333,14,-0.7635405118303149,True
810,810,21013522100,honeybee,1.0,21001.0,1.0,2.1,46.4,2,-0.1958451162611423,13,210,-0.7861862305709522,851.0,honeybee,0.6178301653829003,851.0,-0.14449781272247567,832.35,12,-0.7635405118303149,False
811,811,21013522100,honeybee,0.0,21000.0,1.0,0.8,11.6,2,-0.1958451162611423,13,210,-0.30648214258149775,199.0,honeybee,-0.33920595798187564,199.0,-0.6476295571198873,832.35,15,-0.7635405118303149,False
814,814,21014153200,honeybee,1.0,21001.0,1.0,5.1,75.4,2,0.1449183957237235,14,210,-0.7861862305709522,1391.0,honeybee,-0.5176364216600542,1391.0,0.2722063927600432,855.5333333333333,13,-0.05660752102503974,True
816,816,21014153200,honeybee,2.0,21002.0,1.0,8.0,133.0,2,0.1449183957237235,14,210,0.17322194540795668,3199.0,honeybee,-0.3229850067384049,3199.0,1.667393806671884,855.5333333333333,13,-0.05660752102503974,True
817,817,21014153200,honeybee,3.0,21003.0,1.0,4.2,57.7,2,0.1449183957237235,14,210,0.6529260333974111,3199.0,honeybee,-0.06344978684287238,3199.0,1.667393806671884,855.5333333333333,9,-0.05660752102503974,True
819,819,21014192800,honeybee,3.0,21003.0,1.0,1.5,39.4,2,0.20273305340052317,14,210,-0.7861862305709522,236.0,honeybee,-0.17699644554716787,236.0,-0.6190776022997888,859.4666666666667,10,-0.7635405118303149,False
820,820,21014192800,honeybee,4.0,21004.0,1.0,2.3,40.3,2,0.20273305340052317,14,210,-0.30648214258149775,6353.0,honeybee,-0.5987411778774081,6353.0,4.101255036471634,859.4666666666667,5,-0.7635405118303149,False
821,821,21014234500,honeybee,0.0,21000.0,1.0,6.0,69.6,2,0.26569223570110584,14,210,-0.7861862305709522,1884.0,honeybee,-0.7285087878251744,1884.0,0.6526418988764908,863.75,16,-0.05660752102503974,True
822,822,21014234500,honeybee,1.0,21001.0,1.0,7.1,68.0,2,0.26569223570110584,14,210,-0.30648214258149775,493.0,honeybee,-0.031007884355930933,493.0,-0.4207572674682937,863.75,14,-0.05660752102503974,True
823,823,21014234500,honeybee,2.0,21002.0,1.0,2.8,64.8,2,0.26569223570110584,14,210,0.17322194540795668,493.0,honeybee,0.4393997017047217,493.0,-0.4207572674682937,863.75,14,-0.05660752102503974,True
824,824,21014234500,honeybee,5.0,21005.0,1.0,8.0,83.9,2,0.26569223570110584,14,210,0.6529260333974111,2083.0,honeybee,-0.11211264057328484,2083.0,0.8062051153413452,863.75,12,-0.05660752102503974,True
825,825,21014315600,honeybee,0.0,21000.0,1.0,4.2,69.4,2,0.3859761209524136,14,210,-0.7861862305709522,491.0,honeybee,0.11498067683530613,491.0,-0.4223006163774882,871.9333333333333,17,-0.7635405118303149,True
826,826,21014315600,honeybee,1.0,21001.0,1.0,0.6,27.4,2,0.3859761209524136,14,210,-0.30648214258149775,491.0,honeybee,0.29341114051348466,491.0,-0.4223006163774882,871.9333333333333,15,-0.7635405118303149,False
827,827,21014351600,honeybee,0.0,21000.0,1.0,1.3,22.3,2,0.434971593559871,14,210,-0.7861862305709522,200.0,honeybee,-0.17699644554716787,200.0,-0.64685788266529,875.2666666666667,18,-1.1170070072329525,False
828,828,21014351700,honeybee,1.0,21001.0,1.0,2.6,54.3,2,0.4352165709229082,14,210,-0.7861862305709522,201.0,honeybee,-0.760950690312116,201.0,-0.6460862082106928,875.2833333333333,16,0.29685897437759784,True
830,830,21014351700,honeybee,2.0,21002.0,1.0,6.3,66.7,2,0.4352165709229082,14,210,0.17322194540795668,692.0,honeybee,-0.4040897629557588,692.0,-0.26719405100343957,875.2833333333333,15,0.29685897437759784,True
831,831,21014351700,honeybee,3.0,21003.0,1.0,9.6,84.6,2,0.4352165709229082,14,210,0.6529260333974111,949.0,honeybee,-0.6149621291208789,949.0,-0.06887371617194447,875.2833333333333,11,0.29685897437759784,True
832,832,21014351700,honeybee,4.0,21004.0,1.0,7.8,65.1,2,0.4352165709229082,14,210,1.1326301213868655,949.0,honeybee,-0.48519451917311274,949.0,-0.06887371617194447,875.2833333333333,6,0.29685897437759784,True
833,833,21014400500,honeybee,0.0,21000.0,1.0,3.3,45.2,2,0.5057700514776468,14,210,-0.7861862305709522,289.0,honeybee,-0.6474040316078206,289.0,-0.5781788562061342,880.0833333333334,19,-1.1170070072329525,True
834,834,21014404600,honeybee,4.0,21004.0,1.0,3.1,62.4,2,0.5158141233621756,14,210,-0.7861862305709522,329.0,honeybee,0.40695779921778014,329.0,-0.5473118780222438,880.7666666666667,7,-0.05660752102503974,True
835,835,21014404600,honeybee,5.0,21005.0,1.0,6.0,56.8,2,0.5158141233621756,14,210,-0.30648214258149775,1021.0,honeybee,0.4393997017047217,1021.0,-0.013313155440941998,880.7666666666667,13,-0.05660752102503974,True
836,836,21014404600,honeybee,2.0,21002.0,1.0,1.3,55.5,2,0.5158141233621756,14,210,0.17322194540795668,329.0,honeybee,0.16364353056571845,329.0,-0.5473118780222438,880.7666666666667,16,-0.05660752102503974,False
837,837,21014404600,honeybee,0.0,21000.0,1.0,2.8,28.3,2,0.5158141233621756,14,210,0.6529260333974111,41.0,honeybee,-0.3229850067384049,41.0,-0.769554120946254,880.7666666666667,20,-0.05660752102503974,True
838,838,21014530100,honeybee,5.0,21005.0,1.0,2.6,34.1,2,0.6958724851945813,14,210,-0.7861862305709522,735.0,honeybee,0.11498067683530613,735.0,-0.2340120494557575,893.0166666666667,14,0.6503254697802354,True
839,839,21014530100,honeybee,3.0,21003.0,1.0,1.3,34.6,2,0.6958724851945813,14,210,-0.30648214258149775,1064.0,honeybee,0.6989349216002542,1064.0,0.019868846106740147,893.0166666666667,12,0.6503254697802354,False
840,840,21014530100,honeybee,2.0,21002.0,1.0,1.8,43.4,2,0.6958724851945813,14,210,0.17322194540795668,735.0,honeybee,-0.6474040316078206,735.0,-0.2340120494557575,893.0166666666667,17,0.6503254697802354,False
842,842,21014530100,honeybee,1.0,21001.0,1.0,1.3,31.3,2,0.6958724851945813,14,210,1.1326301213868655,1064.0,honeybee,-0.43653166544270033,1064.0,0.019868846106740147,893.0166666666667,17,0.6503254697802354,False
843,843,21014530100,honeybee,0.0,21000.0,1.0,2.5,38.4,2,0.6958724851945813,14,210,1.61233420937632,735.0,honeybee,-0.4040897629557588,735.0,-0.2340120494557575,893.0166666666667,21,0.6503254697802354,True
844,844,21014545300,honeybee,0.0,21000.0,1.0,1.6,55.1,2,0.7233099498547574,14,210,-0.7861862305709522,112.0,honeybee,-0.4527526166861711,112.0,-0.7147652346698486,894.8833333333333,22,-0.05660752102503974,False
845,845,21014545300,honeybee,1.0,21001.0,1.0,4.3,59.1,2,0.7233099498547574,14,210,-0.30648214258149775,112.0,honeybee,-0.6474040316078206,112.0,-0.7147652346698486,894.8833333333333,18,-0.05660752102503974,True
846,846,21014545300,honeybee,6.0,21006.0,1.0,0.3,14.1,2,0.7233099498547574,14,210,0.17322194540795668,1176.0,honeybee,-0.7771716415555867,1176.0,0.10629638502163297,894.8833333333333,2,-0.05660752102503974,False
847,847,21014545300,honeybee,2.0,21002.0,1.0,0.8,38.6,2,0.7233099498547574,14,210,0.6529260333974111,112.0,honeybee,-0.5662992753904666,112.0,-0.7147652346698486,894.8833333333333,18,-0.05660752102503974,False
848,848,21015030800,honeybee,0.0,21000.0,1.0,3.9,76.7,2,0.8445737445582143,15,210,-0.7861862305709522,495.0,honeybee,-0.5987411778774081,495.0,-0.4192139185590992,903.1333333333333,23,-0.4100740164276773,True
849,849,21015030800,honeybee,1.0,21001.0,1.0,5.8,36.1,2,0.8445737445582143,15,210,-0.30648214258149775,495.0,honeybee,-0.16077549430369714,495.0,-0.4192139185590992,903.1333333333333,19,-0.4100740164276773,True
850,850,21015030800,honeybee,5.0,21005.0,1.0,12.8,117.8,2,0.8445737445582143,15,210,0.17322194540795668,607.0,honeybee,-0.43653166544270033,607.0,-0.3327863796442064,903.1333333333333,15,-0.4100740164276773,True
852,852,21015060400,honeybee,4.0,21004.0,1.0,2.2,35.5,2,0.8876897604527768,15,210,-0.7861862305709522,1518.0,honeybee,-0.3554269092253464,1518.0,0.37020904849389485,906.0666666666667,8,-0.05660752102503974,False
853,853,21015060400,honeybee,3.0,21003.0,1.0,3.5,100.5,2,0.8876897604527768,15,210,-0.30648214258149775,783.0,honeybee,-0.6474040316078206,783.0,-0.1969716756350891,906.0666666666667,13,-0.05660752102503974,True
854,854,21015060400,honeybee,2.0,21002.0,1.0,2.8,142.1,2,0.8876897604527768,15,210,0.17322194540795668,671.0,honeybee,-0.7285087878251744,671.0,-0.28339921454998196,906.0666666666667,19,-0.05660752102503974,True
855,855,21015060400,honeybee,0.0,21000.0,1.0,2.5,47.5,2,0.8876897604527768,15,210,0.6529260333974111,176.0,honeybee,-0.22565929927758024,176.0,-0.6653780695756242,906.0666666666667,24,-0.05660752102503974,True
856,856,21015073800,honeybee,0.0,21000.0,1.0,1.0,42.4,2,0.9107176325782818,15,210,-0.7861862305709522,94.0,honeybee,-0.4527526166861711,94.0,-0.7286553748525993,907.6333333333333,25,-0.7635405118303149,False
857,857,21015073800,honeybee,1.0,21001.0,1.0,1.1,39.5,2,0.9107176325782818,15,210,-0.30648214258149775,270.0,honeybee,0.08253877434836455,270.0,-0.592840670843482,907.6333333333333,20,-0.7635405118303149,False
858,858,21015082100,honeybee,6.0,21006.0,1.0,0.3,11.1,2,0.9212516591888851,15,210,-0.7861862305709522,808.0,honeybee,-0.8096135440425283,808.0,-0.17767981427015772,908.35,3,-0.05660752102503974,False
859,859,21015082100,honeybee,2.0,21002.0,1.0,1.5,14.8,2,0.9212516591888851,15,210,-0.30648214258149775,137.0,honeybee,-0.4040897629557588,137.0,-0.6954733733049172,908.35,20,-0.05660752102503974,False
861,861,21015082100,honeybee,0.0,21000.0,1.0,0.9,29.8,2,0.9212516591888851,15,210,0.6529260333974111,43.0,honeybee,-0.6960668853382328,43.0,-0.7680107720370595,908.35,26,-0.05660752102503974,False
863,863,21015180800,honeybee,5.0,21005.0,1.0,9.6,107.4,2,1.0650533712917722,15,210,-0.7861862305709522,900.0,honeybee,1.2180053613913193,900.0,-0.10668576444721006,918.1333333333333,16,-0.7635405118303149,True
864,864,21015180800,honeybee,4.0,21004.0,1.0,2.3,76.6,2,1.0650533712917722,15,210,-0.30648214258149775,724.0,honeybee,-0.5014154704165834,724.0,-0.24250046845632733,918.1333333333333,9,-0.7635405118303149,False
871,871,21211302600,honeybee,6.0,21206.0,1.0,3.6,53.4,2,-2.2818273625236385,11,212,-0.7861862305709522,734.0,honeybee,-0.4040897629557588,734.0,-0.2347837239103548,690.4333333333333,2,-1.1170070072329525,True
877,877,21211314800,honeybee,1.0,21201.0,3.0,0.3,22.2,2,-2.261739218754581,11,212,1.61233420937632,0.0,honeybee,0.19608543305266002,0.0,-0.8011927735847415,691.8,2,1.3572584605855107,False
879,879,21211314800,honeybee,0.0,21200.0,1.0,3.8,40.8,2,-2.261739218754581,11,212,2.571742385355229,849.0,honeybee,0.4393997017047217,849.0,-0.14604116163167016,691.8,2,1.3572584605855107,True
881,881,21211374700,honeybee,6.0,21206.0,1.0,1.3,23.8,2,-2.173792345424195,11,212,-0.7861862305709522,441.0,honeybee,-0.27432215300799256,441.0,-0.4608843391073511,697.7833333333333,3,-1.1170070072329525,False
883,883,21211512200,honeybee,0.0,21200.0,1.0,5.8,70.4,2,-1.9741357945488065,11,212,-0.7861862305709522,1174.0,honeybee,-0.24188025052105103,1174.0,0.10475303611243837,711.3666666666667,3,-0.7635405118303149,True
884,884,21211512200,honeybee,6.0,21206.0,1.0,2.1,62.8,2,-1.9741357945488065,11,212,-0.30648214258149775,815.0,honeybee,-0.6474040316078206,815.0,-0.1722780930879769,711.3666666666667,4,-0.7635405118303149,False
885,885,21212002500,honeybee,0.0,21200.0,1.0,7.5,58.0,2,-1.8411130864195597,12,212,-0.7861862305709522,543.0,honeybee,0.08253877434836455,543.0,-0.38217354473843085,720.4166666666666,4,1.003791965182873,True
886,886,21212002500,honeybee,1.0,21201.0,1.0,5.8,79.7,2,-1.8411130864195597,12,212,-0.30648214258149775,1717.0,honeybee,-0.8096135440425283,1717.0,0.5237722649587491,720.4166666666666,3,1.003791965182873,True
887,887,21212002500,honeybee,2.0,21202.0,1.0,7.0,59.4,2,-1.8411130864195597,12,212,0.17322194540795668,1717.0,honeybee,-0.27432215300799256,1717.0,0.5237722649587491,720.4166666666666,2,1.003791965182873,True
889,889,21212002500,honeybee,1.0,21201.0,2.0,3.0,42.7,2,-1.8411130864195597,12,212,1.1326301213868655,0.0,honeybee,0.08253877434836455,0.0,-0.8011927735847415,720.4166666666666,4,1.003791965182873,True
890,890,21212002500,honeybee,2.0,21202.0,2.0,1.0,44.9,2,-1.8411130864195597,12,212,1.61233420937632,0.0,honeybee,0.27719018927001393,0.0,-0.8011927735847415,720.4166666666666,3,1.003791965182873,False
891,891,21212002500,honeybee,8.0,21208.0,1.0,3.6,49.1,2,-1.8411130864195597,12,212,2.0920382973657743,1717.0,honeybee,0.11498067683530613,1717.0,0.5237722649587491,720.4166666666666,2,1.003791965182873,True
892,892,21212041200,honeybee,0.0,21200.0,1.0,1.3,27.1,2,-1.7855032250100957,12,212,-0.7861862305709522,227.0,honeybee,0.35829494548736784,227.0,-0.6260226723911642,724.2,5,-1.1170070072329525,False
894,894,21212061800,honeybee,6.0,21206.0,1.0,6.5,70.8,2,-1.7546360772673975,12,212,-0.7861862305709522,896.0,honeybee,-0.5176364216600542,896.0,-0.10977246226559909,726.3,5,-1.1170070072329525,True
895,895,21212064100,honeybee,8.0,21208.0,1.0,2.8,56.2,2,-1.74900159791754,12,212,-0.7861862305709522,376.0,honeybee,-0.27432215300799256,376.0,-0.5110431786561729,726.6833333333333,3,-1.1170070072329525,True
897,897,21212093500,honeybee,0.0,21200.0,1.0,5.8,145.5,2,-1.706375536749052,12,212,-0.7861862305709522,323.0,honeybee,-0.6474040316078206,323.0,-0.5519419247498274,729.5833333333334,6,-1.1170070072329525,True
899,899,21212101100,honeybee,1.0,21201.0,1.0,1.5,54.8,2,-1.6975563516797096,12,212,-0.7861862305709522,586.0,honeybee,-0.37164786046881726,586.0,-0.34899154319074877,730.1833333333333,5,-1.1170070072329525,False
900,900,21212111800,honeybee,2.0,21202.0,1.0,4.5,61.1,2,-1.6811428683562115,12,212,-0.7861862305709522,653.0,honeybee,-0.6960668853382328,653.0,-0.2972893547327326,731.3,4,0.6503254697802354,True
901,901,21212111800,honeybee,4.0,21204.0,1.0,3.1,41.1,2,-1.6811428683562115,12,212,-0.30648214258149775,653.0,honeybee,0.16364353056571845,653.0,-0.2972893547327326,731.3,2,0.6503254697802354,True
902,902,21212111800,honeybee,7.0,21207.0,1.0,5.0,82.5,2,-1.6811428683562115,12,212,0.17322194540795668,3186.0,honeybee,0.017654969374481518,3186.0,1.6573620387621195,731.3,2,0.6503254697802354,True
903,903,21212111800,honeybee,6.0,21206.0,1.0,0.5,11.8,2,-1.6811428683562115,12,212,0.6529260333974111,300.0,honeybee,0.19608543305266002,300.0,-0.5696904372055643,731.3,6,0.6503254697802354,False
904,904,21212111800,honeybee,7.0,21207.0,2.0,0.3,20.8,2,-1.6811428683562115,12,212,1.1326301213868655,0.0,honeybee,-0.04722883559940166,0.0,-0.8011927735847415,731.3,3,0.6503254697802354,False
905,905,21212111800,honeybee,8.0,21208.0,1.0,2.5,28.3,2,-1.6811428683562115,12,212,1.61233420937632,277.0,honeybee,-0.4040897629557588,277.0,-0.5874389496613013,731.3,4,0.6503254697802354,True
907,907,21212240600,honeybee,1.0,21201.0,1.0,4.8,52.8,2,-1.4930002535435754,12,212,-0.7861862305709522,835.0,honeybee,-0.6149621291208789,835.0,-0.1568446039960318,744.1,6,-0.05660752102503974,True
908,908,21212240600,honeybee,4.0,21204.0,1.0,2.6,48.8,2,-1.4930002535435754,12,212,-0.30648214258149775,768.0,honeybee,-0.3554269092253464,768.0,-0.20854679245404797,744.1,3,-0.05660752102503974,True
910,910,21212240600,honeybee,8.0,21208.0,1.0,3.6,49.8,2,-1.4930002535435754,12,212,0.6529260333974111,768.0,honeybee,-0.4527526166861711,768.0,-0.20854679245404797,744.1,5,-0.05660752102503974,True
911,911,21212280100,honeybee,2.0,21202.0,1.0,5.0,48.1,2,-1.435430573229813,12,212,-0.7861862305709522,1003.0,honeybee,-0.12833359181675555,1003.0,-0.02720329562369266,748.0166666666667,5,0.6503254697802354,True
912,912,21212280100,honeybee,1.0,21201.0,1.0,2.8,65.5,2,-1.435430573229813,12,212,-0.30648214258149775,235.0,honeybee,-0.07967073808634324,235.0,-0.6198492767543861,748.0166666666667,7,0.6503254697802354,True
913,913,21212280100,honeybee,6.0,21206.0,1.0,4.8,69.5,2,-1.435430573229813,12,212,0.17322194540795668,1003.0,honeybee,-0.7771716415555867,1003.0,-0.02720329562369266,748.0166666666667,7,0.6503254697802354,True
915,915,21212280100,honeybee,9.0,21209.0,1.0,0.6,19.1,2,-1.435430573229813,12,212,1.1326301213868655,235.0,honeybee,0.27719018927001393,235.0,-0.6198492767543861,748.0166666666667,2,0.6503254697802354,False
916,916,21212280100,honeybee,8.0,21208.0,1.0,2.6,33.9,2,-1.435430573229813,12,212,1.61233420937632,235.0,honeybee,-0.27432215300799256,235.0,-0.6198492767543861,748.0166666666667,6,0.6503254697802354,True
917,917,21212383200,honeybee,8.0,21208.0,1.0,2.0,24.7,2,-1.2808498571532851,12,212,-0.7861862305709522,631.0,honeybee,-0.43653166544270033,631.0,-0.3142661927338722,758.5333333333333,7,-1.1170070072329525,False
919,919,21212510000,honeybee,1.0,21201.0,1.0,7.0,100.0,2,-1.0976067896013946,12,212,-0.7861862305709522,1379.0,honeybee,-0.4040897629557588,1379.0,0.2629462993048761,771.0,8,-0.05660752102503974,True
921,921,21212510000,honeybee,9.0,21209.0,1.0,6.6,88.7,2,-1.0976067896013946,12,212,0.17322194540795668,1379.0,honeybee,-0.760950690312116,1379.0,0.2629462993048761,771.0,3,-0.05660752102503974,True
922,922,21212510000,honeybee,8.0,21208.0,1.0,3.6,39.7,2,-1.0976067896013946,12,212,0.6529260333974111,748.0,honeybee,-0.5338573729035251,748.0,-0.22398028154599314,771.0,8,-0.05660752102503974,True
924,924,21212573400,honeybee,2.0,21202.0,1.0,7.0,73.7,2,-1.0010857085647036,12,212,-0.7861862305709522,1773.0,honeybee,-0.04722883559940166,1773.0,0.5669860344161954,777.5666666666667,6,-0.05660752102503974,True
925,925,21212573400,honeybee,1.0,21201.0,1.0,0.6,22.5,2,-1.0010857085647036,12,212,-0.30648214258149775,394.0,honeybee,0.27719018927001393,394.0,-0.4971530384734222,777.5666666666667,9,-0.05660752102503974,False
926,926,21212573400,honeybee,9.0,21209.0,1.0,2.3,33.4,2,-1.0010857085647036,12,212,0.17322194540795668,394.0,honeybee,0.21230638429613075,394.0,-0.4971530384734222,777.5666666666667,4,-0.05660752102503974,False
927,927,21212573400,honeybee,7.0,21207.0,1.0,3.6,109.4,2,-1.0010857085647036,12,212,0.6529260333974111,2776.0,honeybee,-0.8096135440425283,2776.0,1.3409755123772442,777.5666666666667,4,-0.05660752102503974,True
928,928,21212595200,honeybee,9.0,21209.0,1.0,3.1,43.8,2,-0.9672788324655581,12,212,-0.7861862305709522,138.0,honeybee,-0.48519451917311274,138.0,-0.69470169885032,779.8666666666667,5,-0.7635405118303149,True
929,929,21212595200,honeybee,2.0,21202.0,1.0,3.8,47.4,2,-0.9672788324655581,12,212,-0.30648214258149775,138.0,honeybee,0.27719018927001393,138.0,-0.69470169885032,779.8666666666667,7,-0.7635405118303149,True
930,930,21213042800,honeybee,0.0,21200.0,1.0,9.5,71.9,2,-0.899665080267267,13,212,-0.7861862305709522,3293.0,honeybee,0.08253877434836455,3293.0,1.7399312054040261,784.4666666666667,7,0.29685897437759784,True
931,931,21213042800,honeybee,6.0,21206.0,1.0,5.0,57.4,2,-0.899665080267267,13,212,-0.30648214258149775,2187.0,honeybee,-0.07967073808634324,2187.0,0.88645925861946,784.4666666666667,8,0.29685897437759784,True
932,932,21213042800,honeybee,1.0,21201.0,1.0,5.0,54.6,2,-0.899665080267267,13,212,0.17322194540795668,414.0,honeybee,-0.760950690312116,414.0,-0.481719549381477,784.4666666666667,10,0.29685897437759784,True
933,933,21213042800,honeybee,9.0,21209.0,1.0,1.3,23.1,2,-0.899665080267267,13,212,0.6529260333974111,276.0,honeybee,-0.3554269092253464,276.0,-0.5882106241158985,784.4666666666667,6,0.29685897437759784,False
934,934,21213042800,honeybee,8.0,21208.0,1.0,0.8,22.5,2,-0.899665080267267,13,212,1.1326301213868655,808.0,honeybee,-0.27432215300799256,808.0,-0.17767981427015772,784.4666666666667,9,0.29685897437759784,False
935,935,21213103300,honeybee,6.0,21206.0,1.0,0.6,11.7,2,-0.8102483427586573,13,212,-0.7861862305709522,365.0,honeybee,-0.04722883559940166,365.0,-0.5195315976567427,790.55,9,-1.1170070072329525,False
937,937,21213304500,honeybee,0.0,21200.0,1.0,4.3,44.0,2,-0.5133357787574658,13,212,-0.7861862305709522,1577.0,honeybee,0.6827139703567834,1577.0,0.4157378413151331,810.75,8,0.6503254697802354,True
938,938,21213304500,honeybee,1.0,21201.0,1.0,5.3,60.5,2,-0.5133357787574658,13,212,-0.30648214258149775,1577.0,honeybee,-0.04722883559940166,1577.0,0.4157378413151331,810.75,11,0.6503254697802354,True
939,939,21213304500,honeybee,2.0,21202.0,1.0,8.5,84.5,2,-0.5133357787574658,13,212,0.17322194540795668,1853.0,honeybee,-0.24188025052105103,1853.0,0.628719990783976,810.75,8,0.6503254697802354,True
941,941,21213304500,honeybee,9.0,21209.0,1.0,4.8,59.4,2,-0.5133357787574658,13,212,1.1326301213868655,1577.0,honeybee,-0.6474040316078206,1577.0,0.4157378413151331,810.75,7,0.6503254697802354,True
942,942,21213304500,honeybee,8.0,21208.0,1.0,5.5,47.7,2,-0.5133357787574658,13,212,1.61233420937632,1577.0,honeybee,-0.7285087878251744,1577.0,0.4157378413151331,810.75,10,0.6503254697802354,True
943,943,21213372400,honeybee,7.0,21207.0,1.0,2.9,46.5,2,-0.41558981090558844,13,212,-0.7861862305709522,2390.0,honeybee,-0.27432215300799256,2390.0,1.043109172902703,817.4,5,-1.1170070072329525,True
946,946,21213453900,honeybee,0.0,21200.0,1.0,4.6,57.5,2,-0.29432601620213156,13,212,-0.7861862305709522,894.0,honeybee,-0.16077549430369714,894.0,-0.1113158111747936,825.65,9,0.29685897437759784,True
947,947,21213453900,honeybee,1.0,21201.0,1.0,4.1,68.3,2,-0.29432601620213156,13,212,-0.30648214258149775,894.0,honeybee,0.0014340181310106524,894.0,-0.1113158111747936,825.65,12,0.29685897437759784,True
949,949,21213453900,honeybee,7.0,21207.0,1.0,3.1,88.8,2,-0.29432601620213156,13,212,0.6529260333974111,495.0,honeybee,-0.38786881171228804,495.0,-0.4192139185590992,825.65,6,0.29685897437759784,True
950,950,21213453900,honeybee,9.0,21209.0,1.0,2.5,39.1,2,-0.29432601620213156,13,212,1.1326301213868655,894.0,honeybee,-0.07967073808634324,894.0,-0.1113158111747936,825.65,8,0.29685897437759784,True
952,952,21213542000,honeybee,0.0,21200.0,1.0,4.3,49.8,2,-0.16669281005970518,13,212,-0.7861862305709522,521.0,honeybee,-0.11211264057328484,521.0,-0.3991503827395705,834.3333333333334,10,1.7107249559881483,True
953,953,21213542000,honeybee,6.0,21206.0,1.0,5.1,60.2,2,-0.16669281005970518,13,212,-0.30648214258149775,2627.0,honeybee,-0.760950690312116,2627.0,1.225996018642253,834.3333333333334,10,1.7107249559881483,True
954,954,21213542000,honeybee,7.0,21207.0,1.0,3.3,82.1,2,-0.16669281005970518,13,212,0.17322194540795668,521.0,honeybee,-0.3554269092253464,521.0,-0.3991503827395705,834.3333333333334,7,1.7107249559881483,True
956,956,21213542000,honeybee,1.0,21201.0,1.0,2.3,39.3,2,-0.16669281005970518,13,212,1.1326301213868655,521.0,honeybee,-0.19321739679063873,521.0,-0.3991503827395705,834.3333333333334,13,1.7107249559881483,False
957,957,21213542000,honeybee,2.0,21202.0,1.0,5.3,56.9,2,-0.16669281005970518,13,212,1.61233420937632,1415.0,honeybee,0.5205044579220757,1415.0,0.2907265796703773,834.3333333333334,9,1.7107249559881483,True
958,958,21213542000,honeybee,4.0,21204.0,1.0,5.5,60.8,2,-0.16669281005970518,13,212,2.0920382973657743,5414.0,honeybee,-0.43653166544270033,5414.0,3.376652723604809,834.3333333333334,4,1.7107249559881483,True
959,959,21213542000,honeybee,9.0,21209.0,1.0,3.3,51.8,2,-0.16669281005970518,13,212,2.571742385355229,521.0,honeybee,-0.4527526166861711,521.0,-0.3991503827395705,834.3333333333334,9,1.7107249559881483,True
960,960,21213542000,honeybee,7.0,21207.0,2.0,1.9,70.0,2,-0.16669281005970518,13,212,3.0514464733446833,0.0,honeybee,-0.3229850067384049,0.0,-0.8011927735847415,834.3333333333334,8,1.7107249559881483,False
962,962,21213585000,honeybee,1.0,21201.0,1.0,3.8,65.4,2,-0.10054892203963776,13,212,-0.7861862305709522,270.0,honeybee,-0.48519451917311274,270.0,-0.592840670843482,838.8333333333334,14,0.29685897437759784,True
963,963,21213585000,honeybee,2.0,21202.0,1.0,5.0,65.0,2,-0.10054892203963776,13,212,-0.30648214258149775,270.0,honeybee,0.0014340181310106524,270.0,-0.592840670843482,838.8333333333334,10,0.29685897437759784,True
964,964,21213585000,honeybee,9.0,21209.0,1.0,3.3,45.9,2,-0.10054892203963776,13,212,0.17322194540795668,270.0,honeybee,-0.3229850067384049,270.0,-0.592840670843482,838.8333333333334,10,0.29685897437759784,True
965,965,21213585000,honeybee,1.0,21201.0,2.0,2.0,46.1,2,-0.10054892203963776,13,212,0.6529260333974111,0.0,honeybee,-0.24188025052105103,0.0,-0.8011927735847415,838.8333333333334,15,0.29685897437759784,False
966,966,21213585000,honeybee,0.0,21200.0,1.0,2.6,53.6,2,-0.10054892203963776,13,212,1.1326301213868655,270.0,honeybee,-0.16077549430369714,270.0,-0.592840670843482,838.8333333333334,11,0.29685897437759784,True
967,967,21213592100,honeybee,6.0,21206.0,1.0,2.0,36.4,2,-0.09295462378548189,13,212,-0.7861862305709522,301.0,honeybee,-0.031007884355930933,301.0,-0.5689187627509671,839.35,11,-0.7635405118303149,False
968,968,21213592100,honeybee,7.0,21207.0,1.0,1.1,30.1,2,-0.09295462378548189,13,212,-0.30648214258149775,301.0,honeybee,-0.5500783241469959,301.0,-0.5689187627509671,839.35,9,-0.7635405118303149,False
970,970,21214100800,honeybee,7.0,21207.0,1.0,1.0,44.0,2,0.06554573009964261,14,212,-0.7861862305709522,647.0,honeybee,-0.6798459340947619,647.0,-0.3019194014603161,850.1333333333333,10,-1.1170070072329525,False
971,971,21214105000,honeybee,6.0,21206.0,1.0,3.5,60.8,2,0.07583477934720866,14,212,-0.7861862305709522,689.0,honeybee,-0.5338573729035251,689.0,-0.26950907436723137,850.8333333333334,12,-0.7635405118303149,True
972,972,21214105000,honeybee,1.0,21201.0,1.0,1.6,20.7,2,0.07583477934720866,14,212,-0.30648214258149775,720.0,honeybee,-0.5338573729035251,720.0,-0.24558716627471636,850.8333333333334,16,-0.7635405118303149,False
974,974,21214130900,honeybee,6.0,21206.0,1.0,1.8,21.7,2,0.10988663280939151,14,212,-0.7861862305709522,139.0,honeybee,-0.29054310425146335,139.0,-0.6939300243957227,853.15,13,-0.4100740164276773,False
976,976,21214130900,honeybee,1.0,21201.0,1.0,4.3,49.6,2,0.10988663280939151,14,212,0.17322194540795668,139.0,honeybee,-0.5987411778774081,139.0,-0.6939300243957227,853.15,17,-0.4100740164276773,True
977,977,21214135000,honeybee,2.0,21202.0,1.0,4.5,50.4,2,0.11993070469392025,14,212,-0.7861862305709522,900.0,honeybee,-0.04722883559940166,900.0,-0.10668576444721006,853.8333333333334,11,0.6503254697802354,True
978,978,21214135000,honeybee,1.0,21201.0,1.0,0.6,14.3,2,0.11993070469392025,14,212,-0.30648214258149775,41.0,honeybee,-0.16077549430369714,41.0,-0.769554120946254,853.8333333333334,18,0.6503254697802354,False
979,979,21214135000,honeybee,9.0,21209.0,1.0,0.5,20.2,2,0.11993070469392025,14,212,0.17322194540795668,900.0,honeybee,-0.3229850067384049,900.0,-0.10668576444721006,853.8333333333334,11,0.6503254697802354,False
980,980,21214135000,honeybee,8.0,21208.0,1.0,4.3,54.7,2,0.11993070469392025,14,212,0.6529260333974111,2585.0,honeybee,0.03387592061795224,2585.0,1.1935856915491683,853.8333333333334,11,0.6503254697802354,True
981,981,21214135000,honeybee,7.0,21207.0,1.0,1.1,33.7,2,0.11993070469392025,14,212,1.1326301213868655,222.0,honeybee,-0.6960668853382328,222.0,-0.6298810446641504,853.8333333333334,11,0.6503254697802354,False
982,982,21214135000,honeybee,6.0,21206.0,1.0,1.0,20.2,2,0.11993070469392025,14,212,1.61233420937632,41.0,honeybee,-0.5662992753904666,41.0,-0.769554120946254,853.8333333333334,14,0.6503254697802354,False
983,983,21214170900,honeybee,0.0,21200.0,1.0,1.1,47.8,2,0.1686811999383403,14,212,-0.7861862305709522,1099.0,honeybee,-0.43653166544270033,1099.0,0.04687745201764409,857.15,12,-0.05660752102503974,False
984,984,21214170900,honeybee,1.0,21201.0,1.0,2.5,68.3,2,0.1686811999383403,14,212,-0.30648214258149775,199.0,honeybee,-0.760950690312116,199.0,-0.6476295571198873,857.15,19,-0.05660752102503974,True
985,985,21214170900,honeybee,9.0,21209.0,1.0,0.6,20.9,2,0.1686811999383403,14,212,0.17322194540795668,199.0,honeybee,-0.7771716415555867,199.0,-0.6476295571198873,857.15,12,-0.05660752102503974,False
986,986,21214170900,honeybee,8.0,21208.0,1.0,1.4,38.2,2,0.1686811999383403,14,212,0.6529260333974111,199.0,honeybee,-0.16077549430369714,199.0,-0.6476295571198873,857.15,12,-0.05660752102503974,False
988,988,21214191400,honeybee,8.0,21208.0,1.0,4.0,65.3,2,0.19930337031800116,14,212,-0.7861862305709522,125.0,honeybee,-0.6311830803643497,125.0,-0.7047334667600843,859.2333333333333,13,-0.05660752102503974,True
989,989,21214191400,honeybee,7.0,21207.0,1.0,1.0,61.0,2,0.19930337031800116,14,212,-0.30648214258149775,324.0,honeybee,-0.6798459340947619,324.0,-0.5511702502952301,859.2333333333333,12,-0.05660752102503974,False
990,990,21214191400,honeybee,6.0,21206.0,1.0,3.1,81.6,2,0.19930337031800116,14,212,0.17322194540795668,324.0,honeybee,-0.6960668853382328,324.0,-0.5511702502952301,859.2333333333333,15,-0.05660752102503974,True
991,991,21214191400,honeybee,0.0,21200.0,1.0,2.4,43.4,2,0.19930337031800116,14,212,0.6529260333974111,125.0,honeybee,-0.6798459340947619,125.0,-0.7047334667600843,859.2333333333333,13,-0.05660752102503974,True
992,992,21214223800,honeybee,0.0,21200.0,1.0,2.7,44.8,2,0.24927875237760763,14,212,-0.7861862305709522,204.0,honeybee,-0.46897356792964195,204.0,-0.643771184846901,862.6333333333333,14,0.29685897437759784,True
993,993,21214223800,honeybee,6.0,21206.0,1.0,2.6,40.0,2,0.24927875237760763,14,212,-0.30648214258149775,204.0,honeybee,-0.3554269092253464,204.0,-0.643771184846901,862.6333333333333,16,0.29685897437759784,True
994,994,21214223800,honeybee,7.0,21207.0,1.0,5.3,84.3,2,0.24927875237760763,14,212,0.17322194540795668,204.0,honeybee,-0.6960668853382328,204.0,-0.643771184846901,862.6333333333333,13,0.29685897437759784,True
995,995,21214223800,honeybee,9.0,21209.0,1.0,8.1,56.5,2,0.24927875237760763,14,212,0.6529260333974111,329.0,honeybee,-0.760950690312116,329.0,-0.5473118780222438,862.6333333333333,13,0.29685897437759784,True
996,996,21214223800,honeybee,8.0,21208.0,1.0,2.3,35.8,2,0.24927875237760763,14,212,1.1326301213868655,204.0,honeybee,-0.20943834803410946,204.0,-0.643771184846901,862.6333333333333,14,0.29685897437759784,False
997,997,21214272300,honeybee,0.0,21200.0,1.0,5.6,56.5,2,0.31909730084323434,14,212,-0.7861862305709522,285.0,honeybee,-0.42031071419922955,285.0,-0.5812655540245232,867.3833333333333,15,-0.7635405118303149,True
998,998,21214272300,honeybee,9.0,21209.0,1.0,3.8,47.6,2,0.31909730084323434,14,212,-0.30648214258149775,285.0,honeybee,0.45562065294819243,285.0,-0.5812655540245232,867.3833333333333,14,-0.7635405118303149,True
999,999,21214334300,honeybee,2.0,21202.0,1.0,4.6,64.2,2,0.4121886987974033,14,212,-0.7861862305709522,1193.0,honeybee,-0.12833359181675555,1193.0,0.11941485074978625,873.7166666666667,12,-0.05660752102503974,True
1000,1000,21214334300,honeybee,6.0,21206.0,1.0,3.1,48.8,2,0.4121886987974033,14,212,-0.30648214258149775,665.0,honeybee,-0.43653166544270033,665.0,-0.28802926127756545,873.7166666666667,17,-0.05660752102503974,True
1001,1001,21214334300,honeybee,7.0,21207.0,1.0,3.0,57.9,2,0.4121886987974033,14,212,0.17322194540795668,665.0,honeybee,0.0014340181310106524,665.0,-0.28802926127756545,873.7166666666667,14,-0.05660752102503974,True
1002,1002,21214334300,honeybee,9.0,21209.0,1.0,2.3,32.8,2,0.4121886987974033,14,212,0.6529260333974111,380.0,honeybee,-0.24188025052105103,380.0,-0.5079564808377838,873.7166666666667,15,-0.05660752102503974,False
1003,1003,21214350000,honeybee,2.0,21202.0,1.0,0.2,28.1,2,0.43105195575127436,14,212,-0.7861862305709522,77.0,honeybee,-0.11211264057328484,77.0,-0.7417738405807526,875.0,13,-1.1170070072329525,False
1006,1006,21214495100,honeybee,8.0,21208.0,1.0,2.8,50.8,2,0.6493267862174968,14,212,-0.7861862305709522,1633.0,honeybee,-0.48519451917311274,1633.0,0.45895161077257934,889.85,15,0.29685897437759784,True
1007,1007,21214495100,honeybee,9.0,21209.0,1.0,7.5,61.9,2,0.6493267862174968,14,212,-0.30648214258149775,968.0,honeybee,-0.48519451917311274,968.0,-0.0542119015345966,889.85,16,0.29685897437759784,True
1008,1008,21214495100,honeybee,2.0,21202.0,1.0,6.1,65.3,2,0.6493267862174968,14,212,0.17322194540795668,891.0,honeybee,-0.8258344952859991,891.0,-0.1136308345385854,889.85,14,0.29685897437759784,True
1009,1009,21214495100,honeybee,1.0,21201.0,1.0,7.3,83.7,2,0.6493267862174968,14,212,0.6529260333974111,1962.0,honeybee,-0.4527526166861711,1962.0,0.7128325063350771,889.85,20,0.29685897437759784,True
1010,1010,21214495100,honeybee,7.0,21207.0,1.0,2.3,145.3,2,0.6493267862174968,14,212,1.1326301213868655,968.0,honeybee,-0.37164786046881726,968.0,-0.0542119015345966,889.85,15,0.29685897437759784,False
1012,1012,21214504700,honeybee,6.0,21206.0,1.0,6.5,115.0,2,0.6630455185475849,14,212,-0.7861862305709522,1024.0,honeybee,-0.3554269092253464,1024.0,-0.010998132077150193,890.7833333333333,18,-0.4100740164276773,True
1014,1014,21214504700,honeybee,1.0,21201.0,1.0,1.5,21.2,2,0.6630455185475849,14,212,0.17322194540795668,56.0,honeybee,0.3258530430004262,56.0,-0.757979004127295,890.7833333333333,21,-0.4100740164276773,False
1015,1015,21214514600,honeybee,0.0,21200.0,1.0,8.1,86.0,2,0.6774991829667848,14,212,-0.7861862305709522,1463.0,honeybee,0.05009687186142296,1463.0,0.3277669534910457,891.7666666666667,16,-1.1170070072329525,True
1019,1019,21214530400,honeybee,6.0,21206.0,1.0,3.0,53.5,2,0.6966074172836931,14,212,-0.30648214258149775,137.0,honeybee,0.19608543305266002,137.0,-0.6954733733049172,893.0666666666667,19,-0.7635405118303149,True
1020,1020,21214534300,honeybee,0.0,21200.0,1.0,0.3,22.5,2,0.7061615344421474,14,212,-0.7861862305709522,117.0,honeybee,0.45562065294819243,117.0,-0.7109068623968624,893.7166666666667,17,-1.1170070072329525,False
1021,1021,21214535300,honeybee,6.0,21206.0,1.0,0.5,26.9,2,0.7086113080725202,14,212,-0.7861862305709522,49.0,honeybee,-0.37164786046881726,49.0,-0.7633807253094759,893.8833333333333,20,-0.4100740164276773,False
1023,1023,21214535300,honeybee,9.0,21209.0,1.0,4.0,47.1,2,0.7086113080725202,14,212,0.17322194540795668,242.0,honeybee,0.35829494548736784,242.0,-0.6144475555722052,893.8833333333333,17,-0.4100740164276773,True
1024,1024,21214544300,honeybee,2.0,21202.0,1.0,4.3,60.5,2,0.7208601762243845,14,212,-0.7861862305709522,292.0,honeybee,0.13120162807877686,292.0,-0.5758638328423423,894.7166666666667,15,-0.7635405118303149,True
1025,1025,21214544300,honeybee,6.0,21206.0,1.0,3.6,45.6,2,0.7208601762243845,14,212,-0.30648214258149775,50.0,honeybee,-0.7771716415555867,50.0,-0.7626090508548786,894.7166666666667,21,-0.7635405118303149,True
1026,1026,21214554800,honeybee,0.0,21200.0,1.0,0.6,50.8,2,0.7367837048218082,14,212,-0.7861862305709522,125.0,honeybee,-0.8096135440425283,125.0,-0.7047334667600843,895.8,18,-0.7635405118303149,False
1027,1027,21214554800,honeybee,8.0,21208.0,1.0,1.4,33.3,2,0.7367837048218082,14,212,-0.30648214258149775,357.0,honeybee,-0.4040897629557588,357.0,-0.5257049932935207,895.8,16,-0.7635405118303149,False
1031,1031,21215012600,honeybee,2.0,21202.0,1.0,0.6,8.8,2,0.8195860535284111,15,212,-0.7861862305709522,403.0,honeybee,-0.16077549430369714,403.0,-0.49020796838204683,901.4333333333333,16,-0.4100740164276773,False
1032,1032,21215012600,honeybee,1.0,21201.0,1.0,3.8,42.3,2,0.8195860535284111,15,212,-0.30648214258149775,639.0,honeybee,-0.6149621291208789,639.0,-0.30809279709709414,901.4333333333333,22,-0.4100740164276773,True
1033,1033,21215012600,honeybee,6.0,21206.0,1.0,0.4,20.3,2,0.8195860535284111,15,212,0.17322194540795668,403.0,honeybee,-0.27432215300799256,403.0,-0.49020796838204683,901.4333333333333,22,-0.4100740164276773,False
1034,1034,21215094600,honeybee,8.0,21208.0,1.0,2.1,41.4,2,0.9420747350470544,15,212,-0.7861862305709522,838.0,honeybee,-0.6311830803643497,838.0,-0.15452958063224,909.7666666666667,17,0.29685897437759784,False
1036,1036,21215094600,honeybee,0.0,21200.0,1.0,1.8,53.2,2,0.9420747350470544,15,212,0.17322194540795668,838.0,honeybee,-0.760950690312116,838.0,-0.15452958063224,909.7666666666667,19,0.29685897437759784,False
1038,1038,21215094600,honeybee,2.0,21202.0,1.0,1.1,11.4,2,0.9420747350470544,15,212,1.1326301213868655,500.0,honeybee,-0.760950690312116,500.0,-0.4153555462861129,909.7666666666667,17,0.29685897437759784,False
1039,1039,21215142700,honeybee,1.0,21201.0,1.0,0.5,11.7,2,1.010913374060532,15,212,-0.7861862305709522,781.0,honeybee,-0.24188025052105103,781.0,-0.19851502454428363,914.45,23,-0.4100740164276773,False
1040,1040,21215142700,honeybee,6.0,21206.0,1.0,4.3,84.8,2,1.010913374060532,15,212,-0.30648214258149775,781.0,honeybee,-0.7933925927990575,781.0,-0.19851502454428363,914.45,23,-0.4100740164276773,True
1041,1041,21215142700,honeybee,7.0,21207.0,1.0,2.7,48.1,2,1.010913374060532,15,212,0.17322194540795668,1476.0,honeybee,-0.48519451917311274,1476.0,0.3377987214008101,914.45,16,-0.4100740164276773,True
1043,1043,21215294200,honeybee,8.0,21208.0,1.0,4.7,56.3,2,1.2350676612396494,15,212,-0.7861862305709522,1196.0,honeybee,-0.5176364216600542,1196.0,0.12172987411357805,929.7,18,-1.1170070072329525,True
1044,1044,21215355500,honeybee,6.0,21206.0,1.0,0.8,21.4,2,1.3264442176525573,15,212,-0.7861862305709522,1288.0,honeybee,-0.16077549430369714,1288.0,0.19272392393652563,935.9166666666666,24,-1.1170070072329525,False
1045,1045,21215365300,honeybee,8.0,21208.0,1.0,2.5,44.4,2,1.34065290470872,15,212,-0.7861862305709522,431.0,honeybee,-0.09589168932981397,431.0,-0.46860108365332365,936.8833333333333,19,-0.4100740164276773,True
1047,1047,21215365300,honeybee,2.0,21202.0,1.0,5.1,63.9,2,1.34065290470872,15,212,0.17322194540795668,1627.0,honeybee,-0.6798459340947619,1627.0,0.4543215640449959,936.8833333333333,18,-0.4100740164276773,True
1048,1048,21215471000,honeybee,1.0,21201.0,1.0,7.5,77.1,2,1.4918039377027257,15,212,-0.7861862305709522,1963.0,honeybee,-0.7771716415555867,1963.0,0.7136041807896744,947.1666666666666,24,-0.4100740164276773,True
1049,1049,21215471000,honeybee,7.0,21207.0,1.0,4.1,80.3,2,1.4918039377027257,15,212,-0.30648214258149775,1963.0,honeybee,-0.42031071419922955,1963.0,0.7136041807896744,947.1666666666666,17,-0.4100740164276773,True
1050,1050,21215471000,honeybee,6.0,21206.0,1.0,1.1,23.2,2,1.4918039377027257,15,212,0.17322194540795668,675.0,honeybee,-0.7285087878251744,675.0,-0.2803125167315929,947.1666666666666,25,-0.4100740164276773,False
1051,1051,21215501700,honeybee,2.0,21202.0,1.0,6.3,57.5,2,1.5376147045906983,15,212,-0.7861862305709522,804.0,honeybee,-0.031007884355930933,804.0,-0.18076651208854674,950.2833333333333,19,-0.4100740164276773,True
1052,1052,21215501700,honeybee,9.0,21209.0,1.0,9.3,70.6,2,1.5376147045906983,15,212,-0.30648214258149775,3384.0,honeybee,-0.20943834803410946,3384.0,1.8101535807723763,950.2833333333333,18,-0.4100740164276773,True
1053,1053,21215501700,honeybee,8.0,21208.0,1.0,6.3,62.0,2,1.5376147045906983,15,212,0.17322194540795668,804.0,honeybee,-0.4527526166861711,804.0,-0.18076651208854674,950.2833333333333,20,-0.4100740164276773,True
1054,1054,21215515000,honeybee,7.0,21207.0,1.0,2.5,115.2,2,1.560397599353166,15,212,-0.7861862305709522,280.0,honeybee,-0.19321739679063873,280.0,-0.5851239262975094,951.8333333333334,18,-0.7635405118303149,True
1055,1055,21215515000,honeybee,6.0,21206.0,1.0,4.6,65.0,2,1.560397599353166,15,212,-0.30648214258149775,280.0,honeybee,-0.6798459340947619,280.0,-0.5851239262975094,951.8333333333334,26,-0.7635405118303149,True
1056,1056,21215573400,honeybee,0.0,21200.0,1.0,6.8,51.7,2,1.6446698122379926,15,212,-0.7861862305709522,2868.0,honeybee,-0.5662992753904666,2868.0,1.4119695622001918,957.5666666666667,20,-1.1170070072329525,True
1057,1057,21215583800,honeybee,8.0,21208.0,1.0,0.8,11.0,2,1.660348363472379,15,212,-0.7861862305709522,501.0,honeybee,0.16364353056571845,501.0,-0.4145838718315157,958.6333333333333,21,-1.1170070072329525,False
1066,1066,21512504510,honeybee,1.0,21501.0,1.0,9.8,85.1,2,-1.1012814500469539,12,215,-0.7861862305709522,2715.0,honeybee,-0.7771716415555867,2715.0,1.2939033706468117,770.75,2,-0.4100740164276773,True
1068,1068,21512504510,honeybee,1.0,21501.0,2.0,0.3,23.9,2,-1.1012814500469539,12,215,0.17322194540795668,0.0,honeybee,0.7313768240871958,0.0,-0.8011927735847415,770.75,3,-0.4100740164276773,False
1070,1070,21513110700,honeybee,1.0,21501.0,1.0,1.3,26.0,2,-0.8019191124153896,13,215,-0.7861862305709522,1222.0,honeybee,-0.8096135440425283,1222.0,0.14179340993310674,791.1166666666667,4,-0.7635405118303149,False
1071,1071,21513110700,honeybee,0.0,21500.0,1.0,9.8,82.4,2,-0.8019191124153896,13,215,-0.30648214258149775,1222.0,honeybee,1.2666682151217314,1222.0,0.14179340993310674,791.1166666666667,2,-0.7635405118303149,True
1079,1079,21514193400,honeybee,1.0,21501.0,1.0,5.5,52.1,2,0.2042029175787469,14,215,-0.7861862305709522,4107.0,honeybee,-0.6474040316078206,4107.0,2.368074211446194,859.5666666666667,5,-0.7635405118303149,True
1080,1080,21514193400,honeybee,0.0,21500.0,1.0,10.8,192.5,2,0.2042029175787469,14,215,-0.30648214258149775,4107.0,honeybee,0.7313768240871958,4107.0,2.368074211446194,859.5666666666667,3,-0.7635405118303149,True
1082,1082,21514245500,honeybee,0.0,21500.0,1.0,4.0,48.6,2,0.2828406511137159,14,215,-0.7861862305709522,321.0,honeybee,0.8935863365219037,321.0,-0.553485273659022,864.9166666666666,4,-0.7635405118303149,True
1083,1083,21514245500,honeybee,1.0,21501.0,1.0,1.6,34.5,2,0.2828406511137159,14,215,-0.30648214258149775,321.0,honeybee,0.03387592061795224,321.0,-0.553485273659022,864.9166666666666,6,-0.7635405118303149,False
1086,1086,21514370200,honeybee,1.0,21501.0,1.0,8.6,79.1,2,0.4609391940418233,14,215,-0.7861862305709522,727.0,honeybee,-0.5987411778774081,727.0,-0.24018544509253553,877.0333333333333,7,-0.7635405118303149,True
1087,1087,21514370200,honeybee,0.0,21500.0,1.0,6.3,81.6,2,0.4609391940418233,14,215,-0.30648214258149775,727.0,honeybee,-0.20943834803410946,727.0,-0.24018544509253553,877.0333333333333,5,-0.7635405118303149,True
1089,1089,21515030600,honeybee,0.0,21500.0,1.0,7.3,87.4,2,0.8440837898321397,15,215,-0.7861862305709522,1564.0,honeybee,0.16364353056571845,1564.0,0.40570607340536863,903.1,6,-0.7635405118303149,True
1090,1090,21515030600,honeybee,1.0,21501.0,1.0,6.3,72.0,2,0.8440837898321397,15,215,-0.30648214258149775,1564.0,honeybee,0.5367254091655463,1564.0,0.40570607340536863,903.1,8,-0.7635405118303149,True
1092,1092,21515062200,honeybee,0.0,21500.0,1.0,4.6,55.8,2,0.8920993529874479,15,215,-0.30648214258149775,196.0,honeybee,0.3258530430004262,196.0,-0.6499445804836791,906.3666666666667,7,-0.7635405118303149,True
1098,1098,21516002600,honeybee,1.0,21501.0,1.0,7.0,134.3,2,1.686805918680406,16,215,-0.7861862305709522,3440.0,honeybee,0.16364353056571845,3440.0,1.853367350229823,960.4333333333333,9,-1.1170070072329525,True
1102,1102,21710481200,honeybee,1.0,21701.0,2.0,0.3,6.4,2,-2.902600000460123,10,217,0.17322194540795668,0.0,honeybee,0.9746910927392576,0.0,-0.8011927735847415,648.2,2,1.003791965182873,False
1103,1103,21710481200,honeybee,0.0,21700.0,2.0,0.3,33.5,2,-2.902600000460123,10,217,0.6529260333974111,0.0,honeybee,1.5099824837737932,0.0,-0.8011927735847415,648.2,2,1.003791965182873,False
1106,1106,21710481200,honeybee,2.0,21702.0,2.0,0.3,9.8,2,-2.902600000460123,10,217,2.0920382973657743,0.0,honeybee,1.9803900698344457,0.0,-0.8011927735847415,648.2,2,1.003791965182873,False
1125,1125,21712380100,honeybee,1.0,21701.0,1.0,14.3,111.5,2,-1.288444155407441,12,217,-0.7861862305709522,532.0,moth,-0.5987411778774081,6589.0,-0.39066196373900064,758.0166666666667,7,1.3572584605855107,True
1127,1127,21712380100,honeybee,2.0,21702.0,1.0,10.0,106.3,2,-1.288444155407441,12,217,0.17322194540795668,5622.0,moth,1.4126567763129683,6589.0,3.5371610101610385,758.0166666666667,4,1.3572584605855107,True
1128,1128,21712380100,honeybee,0.0,21700.0,1.0,9.8,113.4,2,-1.288444155407441,12,217,0.6529260333974111,5622.0,moth,-0.8096135440425283,6589.0,3.5371610101610385,758.0166666666667,4,1.3572584605855107,True
1129,1129,21712380100,honeybee,1.0,21701.0,2.0,0.8,51.5,2,-1.288444155407441,12,217,1.1326301213868655,0.0,honeybee,1.4613196300433808,0.0,-0.8011927735847415,758.0166666666667,8,1.3572584605855107,False
1132,1132,21712380100,honeybee,1.0,21701.0,3.0,3.6,48.3,2,-1.288444155407441,12,217,2.571742385355229,0.0,honeybee,-0.7285087878251744,0.0,-0.8011927735847415,758.0166666666667,9,1.3572584605855107,True
1134,1134,21712394900,honeybee,3.0,21703.0,1.0,2.6,30.1,2,-1.261986600199414,12,217,-0.7861862305709522,108.0,honeybee,2.5967862170863354,108.0,-0.7178519324882376,759.8166666666667,4,-0.4100740164276773,True
1135,1135,21712394900,honeybee,2.0,21702.0,1.0,5.1,65.1,2,-1.261986600199414,12,217,-0.30648214258149775,108.0,honeybee,0.7638187265741373,108.0,-0.7178519324882376,759.8166666666667,5,-0.4100740164276773,True
1136,1136,21712394900,honeybee,1.0,21701.0,1.0,2.8,28.3,2,-1.261986600199414,12,217,0.17322194540795668,108.0,honeybee,-0.27432215300799256,108.0,-0.7178519324882376,759.8166666666667,10,-0.4100740164276773,True
1140,1140,21713030500,honeybee,3.0,21703.0,1.0,4.5,46.9,2,-0.9199982013993617,13,217,-0.7861862305709522,1396.0,honeybee,-0.43653166544270033,1396.0,0.2760647650330294,783.0833333333334,5,-0.05660752102503974,True
1141,1141,21713030500,honeybee,2.0,21702.0,1.0,8.6,79.3,2,-0.9199982013993617,13,217,-0.30648214258149775,1396.0,honeybee,-0.031007884355930933,1396.0,0.2760647650330294,783.0833333333334,6,-0.05660752102503974,True
1142,1142,21713030500,honeybee,0.0,21700.0,1.0,6.3,61.3,2,-0.9199982013993617,13,217,0.17322194540795668,1504.0,honeybee,0.7313768240871958,1504.0,0.3594056061295332,783.0833333333334,5,-0.05660752102503974,True
1143,1143,21713030500,honeybee,1.0,21701.0,1.0,9.6,80.7,2,-0.9199982013993617,13,217,0.6529260333974111,1396.0,honeybee,-0.4040897629557588,1396.0,0.2760647650330294,783.0833333333334,11,-0.05660752102503974,True
1146,1146,21713481000,honeybee,1.0,21701.0,1.0,5.5,39.6,2,-0.25733443438350123,13,217,-0.7861862305709522,2705.0,honeybee,0.6989349216002542,2705.0,1.2861866261008392,828.1666666666666,12,-1.1170070072329525,True
1148,1148,21713572000,honeybee,1.0,21701.0,1.0,6.6,72.5,2,-0.12259688471299357,13,217,-0.7861862305709522,550.0,honeybee,0.03387592061795224,550.0,-0.3767718235562501,837.3333333333334,13,-1.1170070072329525,True
1151,1151,21714274900,honeybee,1.0,21701.0,1.0,8.0,84.0,2,0.3254667122822038,14,217,-0.7861862305709522,1829.0,honeybee,0.21230638429613075,1829.0,0.6101998038736418,867.8166666666667,14,-0.7635405118303149,True
1152,1152,21714274900,honeybee,2.0,21702.0,1.0,8.8,75.0,2,0.3254667122822038,14,217,-0.30648214258149775,5084.0,honeybee,0.5367254091655463,5084.0,3.122000153587714,867.8166666666667,7,-0.7635405118303149,True
1168,1168,21715412600,honeybee,1.0,21701.0,1.0,8.0,64.2,2,1.4075317248178991,15,217,-0.7861862305709522,4417.0,honeybee,0.4393997017047217,4417.0,2.607293292371343,941.4333333333333,15,-0.4100740164276773,True
1169,1169,21715412600,honeybee,0.0,21700.0,1.0,9.7,101.0,2,1.4075317248178991,15,217,-0.30648214258149775,726.0,moth,0.552946360409017,9501.0,-0.2409571195471328,941.4333333333333,7,-0.4100740164276773,True
1170,1170,21715412600,honeybee,3.0,21703.0,1.0,2.3,32.9,2,1.4075317248178991,15,217,0.17322194540795668,9501.0,honeybee,-0.12833359181675555,9501.0,6.530486219543798,941.4333333333333,6,-0.4100740164276773,False
1173,1173,21715432000,honeybee,2.0,21702.0,1.0,0.3,29.0,2,1.4354591442041498,15,217,-0.7861862305709522,840.0,moth,0.8124815803045498,4531.0,-0.15298623172304548,943.3333333333334,9,-1.1170070072329525,False
1188,1188,30912295200,honeybee,5.0,30905.0,1.0,5.0,78.2,3,-1.4082380859326742,12,309,-0.7861862305709522,253.0,honeybee,-0.6149621291208789,253.0,-0.6059591365716355,749.8666666666667,2,0.29685897437759784,True
1189,1189,30912295200,honeybee,4.0,30904.0,1.0,0.3,26.1,3,-1.4082380859326742,12,309,-0.30648214258149775,18.0,honeybee,0.7313768240871958,18.0,-0.7873026334019908,749.8666666666667,2,0.29685897437759784,False
1192,1192,30912295200,honeybee,0.0,30900.0,1.0,0.3,22.1,3,-1.4082380859326742,12,309,1.1326301213868655,253.0,honeybee,0.35829494548736784,253.0,-0.6059591365716355,749.8666666666667,2,0.29685897437759784,False
1195,1195,30913122400,honeybee,2.0,30902.0,1.0,5.6,66.4,3,-0.7830558554615185,13,309,-0.7861862305709522,3171.0,honeybee,-0.8096135440425283,3171.0,1.6457869219431607,792.4,2,-0.7635405118303149,True
1196,1196,30913122400,honeybee,3.0,30903.0,1.0,10.4,88.0,3,-0.7830558554615185,13,309,-0.30648214258149775,2805.0,honeybee,-0.6798459340947619,2805.0,1.3633540715605648,792.4,2,-0.7635405118303149,True
1197,1197,30913123900,honeybee,1.0,30901.0,1.0,0.5,32.0,3,-0.7793811950159593,13,309,-0.7861862305709522,2820.0,honeybee,-0.12833359181675555,2820.0,1.3749291883795236,792.65,2,-1.1170070072329525,False
1203,1203,30913393000,honeybee,4.0,30904.0,1.0,7.1,87.1,3,-0.38472266316289033,13,309,-0.7861862305709522,4178.0,honeybee,-0.8096135440425283,4178.0,2.4228630977225993,819.5,3,0.6503254697802354,True
1205,1205,30913393000,honeybee,3.0,30903.0,1.0,5.5,72.7,3,-0.38472266316289033,13,309,0.17322194540795668,1626.0,honeybee,0.8287025315480204,1626.0,0.45354988959039866,819.5,3,0.6503254697802354,True
1206,1206,30913393000,honeybee,2.0,30902.0,1.0,3.9,38.1,3,-0.38472266316289033,13,309,0.6529260333974111,1626.0,honeybee,0.05009687186142296,1626.0,0.45354988959039866,819.5,3,0.6503254697802354,True
1207,1207,30913393000,honeybee,1.0,30901.0,1.0,1.4,45.0,3,-0.38472266316289033,13,309,1.1326301213868655,1611.0,honeybee,-0.7771716415555867,1611.0,0.4419747727714398,819.5,3,0.6503254697802354,False
1208,1208,30913393000,honeybee,0.0,30900.0,1.0,6.9,81.6,3,-0.38472266316289033,13,309,1.61233420937632,4178.0,honeybee,-0.8096135440425283,4178.0,2.4228630977225993,819.5,3,0.6503254697802354,True
1212,1212,30913461000,honeybee,4.0,30904.0,1.0,3.3,46.9,3,-0.28673171794797564,13,309,-0.7861862305709522,400.0,honeybee,0.29341114051348466,400.0,-0.4925229917458386,826.1666666666666,4,-0.4100740164276773,True
1213,1213,30913461000,honeybee,2.0,30902.0,1.0,2.3,43.4,3,-0.28673171794797564,13,309,-0.30648214258149775,400.0,honeybee,-0.22565929927758024,400.0,-0.4925229917458386,826.1666666666666,4,-0.4100740164276773,False
1214,1214,30913461000,honeybee,0.0,30900.0,1.0,6.8,91.2,3,-0.28673171794797564,13,309,0.17322194540795668,400.0,honeybee,0.2609692380265432,400.0,-0.4925229917458386,826.1666666666666,4,-0.4100740164276773,True
1217,1217,30913502900,honeybee,2.0,30902.0,1.0,3.9,93.4,3,-0.2232825809213184,13,309,-0.7861862305709522,259.0,honeybee,-0.48519451917311274,259.0,-0.6013290898440519,830.4833333333333,5,-0.4100740164276773,True
1219,1219,30913502900,honeybee,4.0,30904.0,1.0,1.7,36.8,3,-0.2232825809213184,13,309,0.17322194540795668,259.0,honeybee,-0.3229850067384049,259.0,-0.6013290898440519,830.4833333333333,5,-0.4100740164276773,False
1220,1220,30913503600,honeybee,4.0,30904.0,1.0,0.7,16.1,3,-0.2215677393800574,13,309,-0.7861862305709522,7.0,honeybee,-0.5825202266339373,7.0,-0.7957910524025607,830.6,6,-0.7635405118303149,False
1221,1221,30913503600,honeybee,5.0,30905.0,1.0,0.1,22.3,3,-0.2215677393800574,13,309,-0.30648214258149775,4844.0,honeybee,-0.04722883559940166,4844.0,2.936798284484372,830.6,3,-0.7635405118303149,False
1225,1225,30914061300,honeybee,1.0,30901.0,1.0,5.1,72.8,3,0.007976049785880238,14,309,-0.7861862305709522,1603.0,honeybee,-0.6311830803643497,1603.0,0.4358013771346616,846.2166666666667,4,-0.05660752102503974,True
1226,1226,30914061300,honeybee,2.0,30902.0,1.0,4.3,72.6,3,0.007976049785880238,14,309,-0.30648214258149775,944.0,honeybee,-0.22565929927758024,944.0,-0.07273208844493079,846.2166666666667,6,-0.05660752102503974,True
1227,1227,30914061300,honeybee,4.0,30904.0,1.0,0.5,41.4,3,0.007976049785880238,14,309,0.17322194540795668,937.0,honeybee,-0.7447297390686451,937.0,-0.07813380962711153,846.2166666666667,7,-0.05660752102503974,False
1228,1228,30914061300,honeybee,5.0,30905.0,1.0,1.5,27.0,3,0.007976049785880238,14,309,0.6529260333974111,937.0,honeybee,-0.8420554465294698,937.0,-0.07813380962711153,846.2166666666667,4,-0.05660752102503974,False
1229,1229,30914064100,honeybee,0.0,30900.0,1.0,0.3,18.0,3,0.014835415950924266,14,309,-0.7861862305709522,1231.0,honeybee,0.24474828678307234,1231.0,0.148738480024482,846.6833333333333,5,-1.1170070072329525,False
1234,1234,30914361800,honeybee,6.0,30906.0,1.0,9.0,71.4,3,0.45016019006818275,14,309,-0.7861862305709522,3408.0,honeybee,-0.8096135440425283,3408.0,1.8286737676827107,876.3,2,0.6503254697802354,True
1235,1235,30914361800,honeybee,5.0,30905.0,1.0,4.8,81.4,3,0.45016019006818275,14,309,-0.30648214258149775,1805.0,honeybee,-0.6149621291208789,1805.0,0.5916796169633076,876.3,5,0.6503254697802354,True
1236,1236,30914361800,honeybee,4.0,30904.0,1.0,8.8,90.6,3,0.45016019006818275,14,309,0.17322194540795668,1805.0,honeybee,-0.7771716415555867,1805.0,0.5916796169633076,876.3,8,0.6503254697802354,True
1237,1237,30914361800,honeybee,3.0,30903.0,1.0,1.8,49.2,3,0.45016019006818275,14,309,0.6529260333974111,3408.0,honeybee,0.03387592061795224,3408.0,1.8286737676827107,876.3,4,0.6503254697802354,False
1238,1238,30914361800,honeybee,2.0,30902.0,1.0,8.5,69.7,3,0.45016019006818275,14,309,1.1326301213868655,1805.0,honeybee,-0.16077549430369714,1805.0,0.5916796169633076,876.3,7,0.6503254697802354,True
1239,1239,30914361800,honeybee,1.0,30901.0,1.0,10.0,108.9,3,0.45016019006818275,14,309,1.61233420937632,1805.0,honeybee,-0.031007884355930933,1805.0,0.5916796169633076,876.3,5,0.6503254697802354,True
1242,1242,30914372100,honeybee,1.0,30901.0,1.0,4.5,57.7,3,0.4655937639395318,14,309,-0.7861862305709522,63.0,honeybee,0.7638187265741373,63.0,-0.7525772829451143,877.35,6,-0.4100740164276773,True
1243,1243,30914372100,honeybee,3.0,30903.0,1.0,4.8,54.8,3,0.4655937639395318,14,309,-0.30648214258149775,63.0,honeybee,-0.5662992753904666,63.0,-0.7525772829451143,877.35,5,-0.4100740164276773,True
1244,1244,30914372100,honeybee,4.0,30904.0,1.0,2.1,57.7,3,0.4655937639395318,14,309,0.17322194540795668,63.0,honeybee,0.569167311652488,63.0,-0.7525772829451143,877.35,9,-0.4100740164276773,False
1249,1249,30914435600,honeybee,6.0,30906.0,1.0,3.0,48.4,3,0.5623598223392601,14,309,-0.7861862305709522,458.0,honeybee,0.6016092141394295,458.0,-0.4477658733791977,883.9333333333333,3,-0.7635405118303149,True
1250,1250,30914435600,honeybee,2.0,30902.0,1.0,2.8,43.7,3,0.5623598223392601,14,309,-0.30648214258149775,458.0,honeybee,0.5205044579220757,458.0,-0.4477658733791977,883.9333333333333,8,-0.7635405118303149,True
1251,1251,30914441600,honeybee,6.0,30906.0,1.0,1.0,35.0,3,0.5672593696000058,14,309,-0.7861862305709522,20.0,honeybee,-0.37164786046881726,20.0,-0.7857592844927964,884.2666666666667,4,-0.4100740164276773,False
1252,1252,30914441600,honeybee,5.0,30905.0,1.0,1.8,34.3,3,0.5672593696000058,14,309,-0.30648214258149775,478.0,honeybee,-0.07967073808634324,478.0,-0.43233238428725257,884.2666666666667,6,-0.4100740164276773,False
1253,1253,30914441600,honeybee,2.0,30902.0,1.0,1.3,29.9,3,0.5672593696000058,14,309,0.17322194540795668,20.0,honeybee,-0.4040897629557588,20.0,-0.7857592844927964,884.2666666666667,9,-0.4100740164276773,False
1255,1255,30914470000,honeybee,6.0,30906.0,1.0,1.3,31.6,3,0.6074356571381208,14,309,-0.7861862305709522,164.0,honeybee,-0.6960668853382328,164.0,-0.6746381630307913,887.0,5,-1.1170070072329525,False
1258,1258,30914555200,honeybee,2.0,30902.0,1.0,4.5,55.9,3,0.7377636142739573,14,309,-0.7861862305709522,696.0,honeybee,-0.6474040316078206,696.0,-0.2641073531850505,895.8666666666667,10,-0.4100740164276773,True
1259,1259,30914555200,honeybee,1.0,30901.0,1.0,1.3,57.0,3,0.7377636142739573,14,309,-0.30648214258149775,1111.0,honeybee,-0.12833359181675555,1111.0,0.05613754547281114,895.8666666666667,7,-0.4100740164276773,False
1260,1260,30914555200,honeybee,2.0,30902.0,2.0,2.5,72.2,3,0.7377636142739573,14,309,0.17322194540795668,0.0,honeybee,-0.12833359181675555,0.0,-0.8011927735847415,895.8666666666667,11,-0.4100740164276773,True
1261,1261,30914575400,honeybee,0.0,30900.0,1.0,3.5,29.1,3,0.7676508525645063,14,309,-0.7861862305709522,3073.0,honeybee,-0.8096135440425283,3073.0,1.5701628253926299,897.9,6,-1.1170070072329525,True
1262,1262,30914591500,honeybee,6.0,30906.0,1.0,4.6,38.4,3,0.7874940189705265,14,309,-0.7861862305709522,735.0,honeybee,-0.6474040316078206,735.0,-0.2340120494557575,899.25,6,-1.1170070072329525,True
1263,1263,30915043900,honeybee,2.0,30902.0,1.0,4.1,58.1,3,0.8668666845946074,15,309,-0.7861862305709522,527.0,honeybee,-0.4527526166861711,527.0,-0.394520336011987,904.65,12,-0.7635405118303149,True
1264,1264,30915043900,honeybee,1.0,30901.0,1.0,6.1,76.5,3,0.8668666845946074,15,309,-0.30648214258149775,527.0,honeybee,-0.6474040316078206,527.0,-0.394520336011987,904.65,8,-0.7635405118303149,True
1267,1267,30915080600,honeybee,1.0,30901.0,1.0,2.1,53.5,3,0.9175769987433258,15,309,-0.7861862305709522,207.0,honeybee,0.13120162807877686,207.0,-0.6414561614831092,908.1,9,-1.1170070072329525,False
1268,1268,30915081600,honeybee,6.0,30906.0,1.0,3.4,47.0,3,0.9200267723736986,15,309,-0.7861862305709522,541.0,honeybee,-0.11211264057328484,541.0,-0.38371689364762535,908.2666666666667,7,-1.1170070072329525,True
1273,1273,30915355300,honeybee,6.0,30906.0,1.0,1.2,38.7,3,1.3259542629264827,15,309,-0.7861862305709522,1657.0,honeybee,-0.30676405549493413,1657.0,0.4774717976829136,935.8833333333333,8,-0.7635405118303149,False
1274,1274,30915355300,honeybee,1.0,30901.0,1.0,0.3,36.8,3,1.3259542629264827,15,309,-0.30648214258149775,1667.0,honeybee,-0.5176364216600542,1667.0,0.48518854222888624,935.8833333333333,10,-0.7635405118303149,False
1277,1277,30915425500,honeybee,1.0,30901.0,1.0,1.1,19.8,3,1.4293347101282177,15,309,-0.7861862305709522,422.0,honeybee,-0.8096135440425283,422.0,-0.475546153744699,942.9166666666666,11,-1.1170070072329525,False
1281,1281,31011141900,honeybee,3.0,31003.0,2.0,0.6,65.6,3,-2.5187204725806946,11,310,0.6529260333974111,0.0,honeybee,-0.7771716415555867,0.0,-0.8011927735847415,674.3166666666667,2,1.3572584605855107,False
1285,1285,31011141900,honeybee,7.0,31007.0,2.0,0.6,36.1,3,-2.5187204725806946,11,310,2.571742385355229,0.0,honeybee,-0.6149621291208789,0.0,-0.8011927735847415,674.3166666666667,2,1.3572584605855107,False
1286,1286,31011292600,honeybee,6.0,31006.0,1.0,4.3,100.7,3,-2.2965260043058757,11,310,-0.7861862305709522,907.0,honeybee,-0.6960668853382328,907.0,-0.10128404326502924,689.4333333333333,2,-1.1170070072329525,True
1289,1289,31011353000,honeybee,6.0,31006.0,1.0,0.5,44.6,3,-2.2073542441603036,11,310,-0.30648214258149775,364.0,honeybee,-0.16077549430369714,364.0,-0.5203032721113399,695.5,3,0.6503254697802354,False
1292,1292,31011353000,honeybee,8.0,31008.0,1.0,1.6,49.6,3,-2.2073542441603036,11,310,1.1326301213868655,1271.0,honeybee,0.08253877434836455,1271.0,0.17960545820837234,695.5,2,0.6503254697802354,False
1293,1293,31011353000,honeybee,9.0,31009.0,2.0,0.2,27.3,3,-2.2073542441603036,11,310,1.61233420937632,0.0,honeybee,0.2609692380265432,0.0,-0.8011927735847415,695.5,2,0.6503254697802354,False
1294,1294,31011375000,honeybee,6.0,31006.0,1.0,19.5,152.6,3,-2.173057413335083,11,310,-0.7861862305709522,140.0,honeybee,-0.7771716415555867,140.0,-0.6931583499411255,697.8333333333334,4,-1.1170070072329525,True
1296,1296,31011445300,honeybee,6.0,31006.0,1.0,5.8,114.2,3,-2.0694319887703108,11,310,-0.7861862305709522,423.0,honeybee,2.3048090947038613,423.0,-0.4747744792901017,704.8833333333333,5,-0.4100740164276773,True
1297,1297,31011445300,honeybee,7.0,31007.0,1.0,0.5,13.3,3,-2.0694319887703108,11,310,-0.30648214258149775,1834.0,honeybee,-0.760950690312116,1834.0,0.614058176146628,704.8833333333333,3,-0.4100740164276773,False
1298,1298,31011445300,honeybee,8.0,31008.0,1.0,6.3,65.7,3,-2.0694319887703108,11,310,0.17322194540795668,563.0,honeybee,-0.5987411778774081,563.0,-0.36674005564648576,704.8833333333333,3,-0.4100740164276773,True
1303,1303,31011502200,honeybee,6.0,31006.0,1.0,0.6,39.7,3,-1.9888344363310437,11,310,-0.30648214258149775,329.0,honeybee,0.08253877434836455,329.0,-0.5473118780222438,710.3666666666667,6,-0.7635405118303149,False
1305,1305,31011504500,honeybee,9.0,31009.0,1.0,0.5,28.0,3,-1.983199956981186,11,310,-0.30648214258149775,915.0,honeybee,-0.8258344952859991,915.0,-0.09511064762825121,710.75,3,-0.7635405118303149,False
1306,1306,31012005800,honeybee,0.0,31000.0,1.0,5.3,80.6,3,-1.8330288334393292,12,310,-0.7861862305709522,2799.0,honeybee,-0.29054310425146335,2799.0,1.358724024832981,720.9666666666667,2,-1.1170070072329525,True
1310,1310,31012193100,honeybee,6.0,31006.0,1.0,3.8,88.8,3,-1.5603690283788292,12,310,-0.7861862305709522,593.0,hoverfly,-0.6474040316078206,1749.0,-0.343589822008568,739.5166666666667,8,1.003791965182873,True
1311,1311,31012193100,honeybee,3.0,31003.0,1.0,13.5,191.9,3,-1.5603690283788292,12,310,-0.30648214258149775,3912.0,honeybee,-0.760950690312116,3912.0,2.2175976927997287,739.5166666666667,3,1.003791965182873,True
1312,1312,31012193100,honeybee,4.0,31004.0,1.0,11.5,123.3,3,-1.5603690283788292,12,310,0.17322194540795668,3912.0,honeybee,0.6989349216002542,3912.0,2.2175976927997287,739.5166666666667,2,1.003791965182873,True
1313,1313,31012193100,honeybee,3.0,31003.0,2.0,1.3,91.3,3,-1.5603690283788292,12,310,0.6529260333974111,0.0,honeybee,1.3315520200956144,0.0,-0.8011927735847415,739.5166666666667,4,1.003791965182873,False
1314,1314,31012193100,honeybee,4.0,31004.0,2.0,1.1,35.9,3,-1.5603690283788292,12,310,1.1326301213868655,0.0,honeybee,1.007132995226199,0.0,-0.8011927735847415,739.5166666666667,3,1.003791965182873,False
1315,1315,31012193100,honeybee,1.0,31001.0,1.0,1.6,50.9,3,-1.5603690283788292,12,310,1.61233420937632,593.0,hoverfly,-0.4527526166861711,,-0.343589822008568,739.5166666666667,2,1.003791965182873,False
1316,1316,31012193100,honeybee,0.0,31000.0,1.0,3.0,62.4,3,-1.5603690283788292,12,310,2.0920382973657743,1113.0,honeybee,0.0014340181310106524,1113.0,0.057680894382005736,739.5166666666667,3,1.003791965182873,True
1317,1317,31012212200,honeybee,0.0,31000.0,1.0,0.6,51.5,3,-1.5331765410816904,12,310,-0.7861862305709522,111.0,honeybee,-0.37164786046881726,111.0,-0.7155369091244459,741.3666666666667,4,1.003791965182873,False
1318,1318,31012212200,honeybee,1.0,31001.0,1.0,0.8,19.2,3,-1.5331765410816904,12,310,-0.30648214258149775,111.0,honeybee,-0.5987411778774081,111.0,-0.7155369091244459,741.3666666666667,3,1.003791965182873,False
1320,1320,31012212200,honeybee,3.0,31003.0,1.0,1.9,24.4,3,-1.5331765410816904,12,310,0.6529260333974111,111.0,honeybee,-0.6474040316078206,111.0,-0.7155369091244459,741.3666666666667,5,1.003791965182873,False
1321,1321,31012212200,honeybee,6.0,31006.0,1.0,8.8,138.2,3,-1.5331765410816904,12,310,1.1326301213868655,111.0,honeybee,-0.24188025052105103,111.0,-0.7155369091244459,741.3666666666667,9,1.003791965182873,True
1322,1322,31012212200,honeybee,7.0,31007.0,1.0,6.1,73.0,3,-1.5331765410816904,12,310,1.61233420937632,2189.0,honeybee,-0.7771716415555867,2189.0,0.8880026075286545,741.3666666666667,4,1.003791965182873,True
1323,1323,31012212200,honeybee,9.0,31009.0,1.0,3.6,38.9,3,-1.5331765410816904,12,310,2.0920382973657743,1837.0,honeybee,-0.7771716415555867,1837.0,0.6163731995104199,741.3666666666667,4,1.003791965182873,True
1325,1325,31012254400,honeybee,2.0,31002.0,1.0,0.4,26.9,3,-1.4689924719659213,12,310,-0.7861862305709522,262.0,honeybee,0.40695779921778014,262.0,-0.5990140664802601,745.7333333333333,2,-0.7635405118303149,False
1326,1326,31012254400,honeybee,3.0,31003.0,1.0,3.6,108.8,3,-1.4689924719659213,12,310,-0.30648214258149775,262.0,honeybee,-0.5500783241469959,262.0,-0.5990140664802601,745.7333333333333,6,-0.7635405118303149,True
1328,1328,31012372000,honeybee,8.0,31008.0,1.0,6.5,68.0,3,-1.2984882272919698,12,310,-0.7861862305709522,1662.0,hoverfly,-0.20943834803410946,3147.0,0.48133016995589983,757.3333333333334,5,-0.7635405118303149,True
1329,1329,31012372000,honeybee,9.0,31009.0,1.0,8.3,77.6,3,-1.2984882272919698,12,310,-0.30648214258149775,958.0,honeybee,-0.27432215300799256,958.0,-0.061928646080569145,757.3333333333334,5,-0.7635405118303149,True
1330,1330,31012382200,honeybee,9.0,31009.0,1.0,0.6,15.7,3,-1.283299630783658,12,310,-0.7861862305709522,62.0,honeybee,0.48806255543513416,62.0,-0.7533489573997114,758.3666666666667,6,-0.7635405118303149,False
1331,1331,31012382200,honeybee,8.0,31008.0,1.0,0.3,11.8,3,-1.283299630783658,12,310,-0.30648214258149775,62.0,honeybee,0.19608543305266002,62.0,-0.7533489573997114,758.3666666666667,6,-0.7635405118303149,False
1332,1332,31012391000,honeybee,9.0,31009.0,1.0,1.3,26.7,3,-1.2715407173578681,12,310,-0.7861862305709522,48.0,honeybee,-0.760950690312116,48.0,-0.7641523997640731,759.1666666666666,7,-0.4100740164276773,False
1333,1333,31012391000,honeybee,7.0,31007.0,1.0,4.1,97.5,3,-1.2715407173578681,12,310,-0.30648214258149775,1068.0,honeybee,0.13120162807877686,1068.0,0.022955543925129163,759.1666666666666,5,-0.4100740164276773,True
1334,1334,31012391000,honeybee,6.0,31006.0,1.0,3.4,57.5,3,-1.2715407173578681,12,310,0.17322194540795668,1068.0,honeybee,0.569167311652488,1068.0,0.022955543925129163,759.1666666666666,10,-0.4100740164276773,True
1335,1335,31012392200,honeybee,7.0,31007.0,1.0,4.3,96.6,3,-1.2686009890014207,12,310,-0.7861862305709522,12.0,honeybee,-0.19321739679063873,12.0,-0.7919326801295744,759.3666666666667,6,-0.7635405118303149,True
1336,1336,31012392200,honeybee,6.0,31006.0,1.0,3.3,111.9,3,-1.2686009890014207,12,310,-0.30648214258149775,12.0,honeybee,-0.30676405549493413,12.0,-0.7919326801295744,759.3666666666667,11,-0.7635405118303149,True
1339,1339,31012423900,honeybee,9.0,31009.0,1.0,5.0,105.5,3,-1.2203404484830753,12,310,-0.7861862305709522,209.0,honeybee,-0.6474040316078206,209.0,-0.6399128125739146,762.65,8,-1.1170070072329525,True
1340,1340,31012431000,honeybee,0.0,31000.0,1.0,10.1,135.8,3,-1.2127461502289194,12,310,-0.7861862305709522,1308.0,honeybee,-0.760950690312116,1308.0,0.20815741302847088,763.1666666666666,5,-1.1170070072329525,True
1341,1341,31012462900,honeybee,7.0,31007.0,1.0,2.0,66.6,3,-1.1639956549844994,12,310,-0.7861862305709522,427.0,honeybee,-0.16077549430369714,427.0,-0.47168778147171264,766.4833333333333,7,-0.7635405118303149,False
1342,1342,31012462900,honeybee,3.0,31003.0,1.0,4.1,90.2,3,-1.1639956549844994,12,310,-0.30648214258149775,1245.0,honeybee,-0.27432215300799256,1245.0,0.15954192238884365,766.4833333333333,7,-0.7635405118303149,True
1344,1344,31012533700,honeybee,1.0,31001.0,1.0,6.3,71.9,3,-1.0591453436045406,12,310,-0.7861862305709522,1935.0,honeybee,-0.7285087878251744,1935.0,0.6919972960609511,773.6166666666667,4,0.6503254697802354,True
1345,1345,31012533700,honeybee,0.0,31000.0,1.0,7.3,106.7,3,-1.0591453436045406,12,310,-0.30648214258149775,627.0,honeybee,0.7800396778176081,627.0,-0.3173528905522613,773.6166666666667,6,0.6503254697802354,True
1346,1346,31012533700,honeybee,4.0,31004.0,1.0,11.8,168.3,3,-1.0591453436045406,12,310,0.17322194540795668,2046.0,honeybee,-0.6798459340947619,2046.0,0.7776531605212467,773.6166666666667,4,0.6503254697802354,True
1347,1347,31012533700,honeybee,3.0,31003.0,1.0,0.5,47.9,3,-1.0591453436045406,12,310,0.6529260333974111,428.0,honeybee,-0.19321739679063873,428.0,-0.47091610701711545,773.6166666666667,8,0.6503254697802354,False
1348,1348,31012533700,honeybee,6.0,31006.0,1.0,6.7,221.5,3,-1.0591453436045406,12,310,1.1326301213868655,855.0,honeybee,-0.3229850067384049,855.0,-0.14141111490408664,773.6166666666667,12,0.6503254697802354,True
1349,1349,31012533700,honeybee,7.0,31007.0,1.0,1.3,16.8,3,-1.0591453436045406,12,310,1.61233420937632,428.0,honeybee,-0.5338573729035251,428.0,-0.47091610701711545,773.6166666666667,8,0.6503254697802354,False
1351,1351,31012542200,honeybee,2.0,31002.0,1.0,7.8,165.3,3,-1.0481213622678627,12,310,-0.7861862305709522,1718.0,honeybee,-0.7933925927990575,1718.0,0.5245439394133462,774.3666666666667,3,-0.4100740164276773,True
1352,1352,31012542200,honeybee,3.0,31003.0,1.0,9.5,130.4,3,-1.0481213622678627,12,310,-0.30648214258149775,45.0,honeybee,-0.7771716415555867,45.0,-0.7664674231278649,774.3666666666667,9,-0.4100740164276773,True
1353,1353,31012542200,honeybee,4.0,31004.0,1.0,2.7,62.0,3,-1.0481213622678627,12,310,0.17322194540795668,45.0,honeybee,1.0557958489566115,45.0,-0.7664674231278649,774.3666666666667,5,-0.4100740164276773,True
1354,1354,31012543300,honeybee,6.0,31006.0,1.0,0.3,22.9,3,-1.0454266112744526,12,310,-0.7861862305709522,56.0,honeybee,0.2285273355396016,56.0,-0.757979004127295,774.55,13,-1.1170070072329525,False
1356,1356,31013012600,honeybee,8.0,31008.0,1.0,12.6,226.0,3,-0.9442509603400532,13,310,-0.7861862305709522,1384.0,honeybee,-0.8096135440425283,1384.0,0.26680467157786236,781.4333333333333,7,0.6503254697802354,True
1357,1357,31013012600,honeybee,7.0,31007.0,1.0,0.3,53.4,3,-0.9442509603400532,13,310,-0.30648214258149775,469.0,honeybee,-0.6474040316078206,469.0,-0.4392774543786279,781.4333333333333,9,0.6503254697802354,False
1358,1358,31013012600,honeybee,6.0,31006.0,1.0,2.8,48.7,3,-0.9442509603400532,13,310,0.17322194540795668,413.0,honeybee,-0.8096135440425283,413.0,-0.4824912238360743,781.4333333333333,14,0.6503254697802354,True
1359,1359,31013012600,honeybee,3.0,31003.0,1.0,4.3,89.5,3,-0.9442509603400532,13,310,0.6529260333974111,424.0,honeybee,0.6827139703567834,424.0,-0.47400280483550444,781.4333333333333,10,0.6503254697802354,True
1360,1360,31013012600,honeybee,1.0,31001.0,1.0,2.0,45.7,3,-0.9442509603400532,13,310,1.1326301213868655,469.0,honeybee,0.16364353056571845,469.0,-0.4392774543786279,781.4333333333333,5,0.6503254697802354,False
1361,1361,31013012600,honeybee,0.0,31000.0,1.0,0.6,31.1,3,-0.9442509603400532,13,310,1.61233420937632,469.0,honeybee,0.3258530430004262,469.0,-0.4392774543786279,781.4333333333333,7,0.6503254697802354,False
1362,1362,31013051600,honeybee,4.0,31004.0,1.0,9.3,95.8,3,-0.8879061668414772,13,310,-0.7861862305709522,654.0,honeybee,-0.42031071419922955,654.0,-0.2965176802781353,785.2666666666667,6,0.29685897437759784,True
1363,1363,31013051600,honeybee,3.0,31003.0,1.0,3.6,76.5,3,-0.8879061668414772,13,310,-0.30648214258149775,230.0,honeybee,-0.16077549430369714,230.0,-0.6237076490273723,785.2666666666667,11,0.29685897437759784,True
1364,1364,31013051600,honeybee,6.0,31006.0,1.0,3.1,74.6,3,-0.8879061668414772,13,310,0.17322194540795668,230.0,honeybee,-0.4040897629557588,230.0,-0.6237076490273723,785.2666666666667,15,0.29685897437759784,True
1365,1365,31013051600,honeybee,7.0,31007.0,1.0,7.0,53.6,3,-0.8879061668414772,13,310,0.6529260333974111,230.0,honeybee,-0.8096135440425283,230.0,-0.6237076490273723,785.2666666666667,10,0.29685897437759784,True
1366,1366,31013051600,honeybee,6.0,31006.0,2.0,0.3,27.9,3,-0.8879061668414772,13,310,1.1326301213868655,0.0,honeybee,-0.3554269092253464,0.0,-0.8011927735847415,785.2666666666667,16,0.29685897437759784,False
1367,1367,31013052500,honeybee,1.0,31001.0,1.0,5.5,76.1,3,-0.8857013705741417,13,310,-0.7861862305709522,239.0,honeybee,-0.5338573729035251,239.0,-0.616762578935997,785.4166666666666,6,-1.1170070072329525,True
1371,1371,31013153200,honeybee,9.0,31009.0,1.0,5.8,85.8,3,-0.7370001112105086,13,310,-0.7861862305709522,1973.0,honeybee,-0.04722883559940166,1973.0,0.7213209253356468,795.5333333333333,9,-1.1170070072329525,True
1372,1372,31013153500,honeybee,2.0,31002.0,1.0,5.1,72.4,3,-0.7362651791213968,13,310,-0.7861862305709522,1273.0,honeybee,0.40695779921778014,1273.0,0.18114880711756676,795.5833333333334,4,-0.7635405118303149,True
1373,1373,31013153500,honeybee,6.0,31006.0,1.0,2.2,27.0,3,-0.7362651791213968,13,310,-0.30648214258149775,619.0,honeybee,-0.8096135440425283,619.0,-0.32352628618903934,795.5833333333334,17,-0.7635405118303149,False
1375,1375,31013365700,honeybee,2.0,31002.0,1.0,4.6,89.8,3,-0.4222041997075952,13,310,-0.7861862305709522,1282.0,honeybee,-0.031007884355930933,1282.0,0.1880938772089422,816.95,5,-0.05660752102503974,True
1376,1376,31013365700,honeybee,4.0,31004.0,1.0,6.5,100.5,3,-0.4222041997075952,13,310,-0.30648214258149775,1901.0,honeybee,0.6502720678698419,1901.0,0.6657603646046443,816.95,7,-0.05660752102503974,True
1378,1378,31013365700,honeybee,6.0,31006.0,1.0,1.8,52.0,3,-0.4222041997075952,13,310,0.6529260333974111,1282.0,honeybee,-0.5014154704165834,1282.0,0.1880938772089422,816.95,18,-0.05660752102503974,False
1382,1382,31013405500,honeybee,9.0,31009.0,1.0,4.6,58.7,3,-0.363899587304721,13,310,-0.7861862305709522,1523.0,honeybee,0.08253877434836455,1523.0,0.3740674207668811,820.9166666666666,10,-1.1170070072329525,True
1384,1384,31013410700,honeybee,2.0,31002.0,1.0,2.0,64.6,3,-0.36095985894827354,13,310,-0.7861862305709522,250.0,honeybee,-0.11211264057328484,250.0,-0.6082741599354271,821.1166666666667,6,-0.7635405118303149,False
1385,1385,31013410700,honeybee,3.0,31003.0,1.0,4.1,93.1,3,-0.36095985894827354,13,310,-0.30648214258149775,2151.0,honeybee,-0.27432215300799256,2151.0,0.8586789782539587,821.1166666666667,12,-0.7635405118303149,True
1386,1386,31013490300,honeybee,9.0,31009.0,1.0,1.3,27.9,3,-0.24435063414252506,13,310,-0.7861862305709522,488.0,honeybee,-0.11211264057328484,488.0,-0.42461563974128,829.05,11,-1.1170070072329525,False
1390,1390,31014144100,honeybee,2.0,31002.0,1.0,2.6,22.7,3,0.13242455020882188,14,310,-0.7861862305709522,2014.0,honeybee,-0.5338573729035251,2014.0,0.7529595779741345,854.6833333333333,7,-1.1170070072329525,True
1391,1391,31014144110,honeybee,2.0,31002.0,1.0,7.2,74.9,3,0.13242455020882188,14,310,-0.7861862305709522,0.0,honeybee,-0.43653166544270033,0.0,-0.8011927735847415,854.6833333333333,8,-1.1170070072329525,True
1392,1392,31014191800,honeybee,5.0,31005.0,1.0,14.4,247.0,3,0.20028327977015029,14,310,-0.7861862305709522,5801.0,honeybee,2.661670022060218,5801.0,3.6752907375339476,859.3,2,-1.1170070072329525,True
1395,1395,31014203100,honeybee,2.0,31002.0,1.0,0.2,19.8,3,0.21816662727187222,14,310,-0.7861862305709522,31.0,honeybee,2.580565265842864,31.0,-0.7772708654922266,860.5166666666667,10,-0.05660752102503974,False
1398,1398,31014203100,honeybee,3.0,31003.0,2.0,1.6,28.2,3,0.21816662727187222,14,310,0.6529260333974111,0.0,honeybee,3.6998109016423486,0.0,-0.8011927735847415,860.5166666666667,14,-0.05660752102503974,False
1403,1403,31014225700,honeybee,8.0,31008.0,2.0,3.4,82.9,3,0.25393332227531606,14,310,0.17322194540795668,0.0,honeybee,3.213182364338225,0.0,-0.8011927735847415,862.95,9,2.0641914513907857,True
1405,1405,31014225700,honeybee,2.0,31002.0,1.0,11.8,88.3,3,0.25393332227531606,14,310,1.1326301213868655,146.0,honeybee,-0.8258344952859991,146.0,-0.688528303213542,862.95,11,2.0641914513907857,True
1407,1407,31014225700,honeybee,9.0,31009.0,1.0,15.5,280.4,3,0.25393332227531606,14,310,2.0920382973657743,2034.0,honeybee,-0.6474040316078206,2034.0,0.7683930670660795,862.95,12,2.0641914513907857,True
1408,1408,31014225700,honeybee,7.0,31007.0,3.0,0.2,18.6,3,0.25393332227531606,14,310,2.571742385355229,0.0,honeybee,2.8563214369818675,0.0,-0.8011927735847415,862.95,12,2.0641914513907857,False
1409,1409,31014225700,honeybee,8.0,31008.0,3.0,5.3,70.8,3,0.25393332227531606,14,310,3.0514464733446833,0.0,honeybee,-0.30676405549493413,0.0,-0.8011927735847415,862.95,10,2.0641914513907857,True
1410,1410,31014225700,honeybee,3.0,31003.0,1.0,11.6,115.4,3,0.25393332227531606,14,310,3.5311505613341376,146.0,honeybee,-0.5987411778774081,146.0,-0.688528303213542,862.95,15,2.0641914513907857,True
1414,1414,31014232500,honeybee,8.0,31008.0,2.0,9.7,159.3,3,0.26079268844036013,14,310,0.6529260333974111,28.0,honeybee,0.0014340181310106524,28.0,-0.7795858888560183,863.4166666666666,11,-0.05660752102503974,True
1415,1415,31014283600,honeybee,4.0,31004.0,1.0,3.8,57.7,3,0.3369806483449563,14,310,-0.7861862305709522,485.0,honeybee,4.5595213175463,485.0,-0.4269306631050717,868.6,9,-1.1170070072329525,True
1418,1418,31014393400,honeybee,1.0,31001.0,1.0,8.3,81.8,3,0.4981757532234909,14,310,-0.7861862305709522,5649.0,honeybee,0.03387592061795224,5649.0,3.5579962204351645,879.5666666666667,7,-1.1170070072329525,True
1419,1419,31014394900,honeybee,5.0,31005.0,1.0,1.6,48.4,3,0.5018504136690503,14,310,-0.7861862305709522,1231.0,honeybee,1.4775405812868518,1231.0,0.148738480024482,879.8166666666667,3,-1.1170070072329525,False
1420,1420,31014421000,honeybee,4.0,31004.0,1.0,8.1,139.2,3,0.5363922218573076,14,310,-0.7861862305709522,814.0,honeybee,-0.24188025052105103,814.0,-0.1730497675425742,882.1666666666666,10,0.29685897437759784,True
1421,1421,31014421000,honeybee,3.0,31003.0,1.0,2.6,75.8,3,0.5363922218573076,14,310,-0.30648214258149775,1153.0,honeybee,1.0233539464696697,1153.0,0.08854787256589591,882.1666666666666,16,0.29685897437759784,True
1422,1422,31014421000,honeybee,6.0,31006.0,1.0,10.0,108.7,3,0.5363922218573076,14,310,0.17322194540795668,1153.0,honeybee,2.7752166807645136,1153.0,0.08854787256589591,882.1666666666666,20,0.29685897437759784,True
1423,1423,31014421000,honeybee,7.0,31007.0,1.0,4.1,87.9,3,0.5363922218573076,14,310,0.6529260333974111,1125.0,honeybee,2.548123363355923,1125.0,0.06694098783717278,882.1666666666666,14,0.29685897437759784,True
1424,1424,31014421000,honeybee,9.0,31009.0,1.0,4.9,49.1,3,0.5363922218573076,14,310,1.1326301213868655,1153.0,honeybee,1.65597104496503,1153.0,0.08854787256589591,882.1666666666666,13,0.29685897437759784,True
1425,1425,31014440400,honeybee,6.0,31006.0,1.0,1.0,54.7,3,0.5643196412435584,14,310,-0.7861862305709522,114.0,honeybee,0.7638187265741373,114.0,-0.7132218857606542,884.0666666666667,21,-1.1170070072329525,False
1428,1428,31014584900,honeybee,6.0,31006.0,1.0,8.6,133.2,3,0.7811246075315571,14,310,-0.7861862305709522,885.0,honeybee,-0.6960668853382328,885.0,-0.11826088126616892,898.8166666666667,22,-0.4100740164276773,True
1429,1429,31014584900,honeybee,7.0,31007.0,1.0,8.0,88.1,3,0.7811246075315571,14,310,-0.30648214258149775,999.0,honeybee,-0.19321739679063873,999.0,-0.030289993442081675,898.8166666666667,15,-0.4100740164276773,True
1430,1430,31014584900,honeybee,8.0,31008.0,1.0,9.5,104.4,3,0.7811246075315571,14,310,0.17322194540795668,2124.0,honeybee,0.7151558728437248,2124.0,0.8378437679798326,898.8166666666667,12,-0.4100740164276773,True
1432,1432,31015053400,honeybee,3.0,31003.0,1.0,5.4,67.5,3,0.8803404395616582,15,310,-0.7861862305709522,1404.0,honeybee,-0.43653166544270033,1404.0,0.28223816066980745,905.5666666666667,17,-0.7635405118303149,True
1433,1433,31015053400,honeybee,4.0,31004.0,1.0,6.7,138.0,3,0.8803404395616582,15,310,-0.30648214258149775,1404.0,honeybee,0.45562065294819243,1404.0,0.28223816066980745,905.5666666666667,11,-0.7635405118303149,True
1435,1435,31015060500,honeybee,8.0,31008.0,1.0,0.9,21.0,3,0.887934737815814,15,310,-0.7861862305709522,436.0,honeybee,0.6827139703567834,436.0,-0.4647427113803374,906.0833333333334,13,-1.1170070072329525,False
1436,1436,31015060700,honeybee,8.0,31008.0,1.0,2.1,70.2,3,0.8884246925418886,15,310,-0.7861862305709522,2.0,honeybee,-0.7122878365817036,2.0,-0.7996494246755469,906.1166666666667,14,-0.4100740164276773,False
1437,1437,31015060700,honeybee,6.0,31006.0,1.0,0.3,26.8,3,0.8884246925418886,15,310,-0.30648214258149775,438.0,honeybee,0.5367254091655463,438.0,-0.4631993624711428,906.1166666666667,23,-0.4100740164276773,False
1438,1438,31015060700,honeybee,3.0,31003.0,1.0,1.1,73.7,3,0.8884246925418886,15,310,0.17322194540795668,33.0,honeybee,0.017654969374481518,33.0,-0.775727516583032,906.1166666666667,18,-0.4100740164276773,False
1439,1439,31015071500,honeybee,3.0,31003.0,1.0,1.4,21.8,3,0.9050831532284241,15,310,-0.7861862305709522,68.0,honeybee,-0.6798459340947619,68.0,-0.748718910672128,907.25,19,-1.1170070072329525,False
1442,1442,31015133900,honeybee,9.0,31009.0,1.0,3.1,65.7,3,0.9991544606347422,15,310,-0.7861862305709522,1889.0,honeybee,-0.06344978684287238,1889.0,0.6565002711494773,913.65,14,-1.1170070072329525,True
1443,1443,31015153700,honeybee,1.0,31001.0,1.0,6.6,97.7,3,1.028061789473142,15,310,-0.7861862305709522,2163.0,honeybee,0.48806255543513416,2163.0,0.8679390717091255,915.6166666666667,8,-0.7635405118303149,True
1445,1445,31015175900,honeybee,2.0,31002.0,1.0,10.1,100.5,3,1.0628485750244367,15,310,-0.7861862305709522,3302.0,honeybee,1.0557958489566115,3302.0,1.7468762754954017,917.9833333333333,12,-0.4100740164276773,True
1446,1446,31015175900,honeybee,6.0,31006.0,1.0,5.8,69.1,3,1.0628485750244367,15,310,-0.30648214258149775,712.0,honeybee,-0.8096135440425283,712.0,-0.2517605619114944,917.9833333333333,24,-0.4100740164276773,True
1447,1447,31015175900,honeybee,7.0,31007.0,1.0,4.6,73.0,3,1.0628485750244367,15,310,0.17322194540795668,1150.0,honeybee,0.4393997017047217,1150.0,0.08623284920210426,917.9833333333333,16,-0.4100740164276773,True
1448,1448,31015190400,honeybee,4.0,31004.0,1.0,8.0,110.8,3,1.0787721036218605,15,310,-0.7861862305709522,810.0,honeybee,0.2285273355396016,810.0,-0.1761364653609632,919.0666666666667,12,-0.4100740164276773,True
1449,1449,31015190400,honeybee,3.0,31003.0,1.0,2.1,94.0,3,1.0787721036218605,15,310,-0.30648214258149775,709.0,honeybee,-0.6311830803643497,709.0,-0.2540755852752862,919.0666666666667,20,-0.4100740164276773,False
1450,1450,31015190400,honeybee,6.0,31006.0,1.0,0.5,71.8,3,1.0787721036218605,15,310,0.17322194540795668,65.0,honeybee,0.08253877434836455,65.0,-0.7510339340359198,919.0666666666667,25,-0.4100740164276773,False
1451,1451,31015213500,honeybee,7.0,31007.0,1.0,3.5,84.0,3,1.1157636854404906,15,310,-0.7861862305709522,216.0,honeybee,-0.11211264057328484,216.0,-0.634511091391734,921.5833333333334,17,-0.05660752102503974,True
1452,1452,31015213500,honeybee,6.0,31006.0,1.0,0.3,14.3,3,1.1157636854404906,15,310,-0.30648214258149775,151.0,honeybee,-0.7771716415555867,151.0,-0.6846699309405557,921.5833333333334,26,-0.05660752102503974,False
1453,1453,31015213500,honeybee,3.0,31003.0,1.0,2.1,72.3,3,1.1157636854404906,15,310,0.17322194540795668,151.0,honeybee,-0.5176364216600542,151.0,-0.6846699309405557,921.5833333333334,21,-0.05660752102503974,False
1454,1454,31015213500,honeybee,1.0,31001.0,1.0,6.3,84.4,3,1.1157636854404906,15,310,0.6529260333974111,358.0,honeybee,0.21230638429613075,358.0,-0.5249333188389235,921.5833333333334,9,-0.05660752102503974,True
1455,1455,31015224900,honeybee,2.0,31002.0,1.0,4.3,88.0,3,1.1338920103052499,15,310,-0.7861862305709522,290.0,honeybee,0.7800396778176081,290.0,-0.5774071817515369,922.8166666666667,13,-0.7635405118303149,True
1456,1456,31015224900,honeybee,1.0,31001.0,1.0,1.8,20.9,3,1.1338920103052499,15,310,-0.30648214258149775,74.0,honeybee,0.16364353056571845,74.0,-0.7440888639445444,922.8166666666667,10,-0.7635405118303149,False
1461,1461,31211010700,honeybee,5.0,31205.0,1.0,1.1,79.4,3,-2.712742544106226,11,312,0.6529260333974111,15.0,honeybee,1.2666682151217314,15.0,-0.7896176567657827,661.1166666666667,2,-0.05660752102503974,False
1466,1466,31211312100,honeybee,2.0,31202.0,1.0,12.0,123.0,3,-2.2683536075565875,11,312,-0.7861862305709522,1814.0,honeybee,0.6989349216002542,1814.0,0.598624687054683,691.35,2,-1.1170070072329525,True
1468,1468,31211372600,honeybee,3.0,31203.0,1.0,4.8,55.6,3,-2.1789368700479783,11,312,-0.7861862305709522,2179.0,honeybee,0.3258530430004262,2179.0,0.880285862982682,697.4333333333333,2,-1.1170070072329525,True
1470,1470,31211435700,honeybee,5.0,31205.0,1.0,8.1,63.5,3,-2.0831507211003992,11,312,-0.7861862305709522,2570.0,honeybee,-0.6798459340947619,2570.0,1.1820105747302094,703.95,3,1.003791965182873,True
1473,1473,31211435700,honeybee,4.0,31204.0,1.0,11.8,74.8,3,-2.0831507211003992,11,312,0.6529260333974111,2064.0,honeybee,-0.16077549430369714,2064.0,0.7915433007039971,703.95,2,1.003791965182873,True
1474,1474,31211435700,honeybee,3.0,31203.0,1.0,8.1,76.5,3,-2.0831507211003992,11,312,1.1326301213868655,391.0,honeybee,-0.07967073808634324,391.0,-0.499468061837214,703.95,3,1.003791965182873,True
1475,1475,31211435700,honeybee,2.0,31202.0,1.0,7.0,54.7,3,-2.0831507211003992,11,312,1.61233420937632,756.0,honeybee,1.0882377514435528,756.0,-0.2178068859092151,703.95,3,1.003791965182873,True
1492,1492,31212390300,honeybee,3.0,31203.0,1.0,7.3,113.3,3,-1.2732555588991292,12,312,-0.7861862305709522,3306.0,honeybee,0.45562065294819243,3306.0,1.7499629733137905,759.05,4,2.4176579467934234,True
1493,1493,31212390300,honeybee,4.0,31204.0,1.0,5.6,54.7,3,-1.2732555588991292,12,312,-0.30648214258149775,150.0,moth,0.3258530430004262,3306.0,-0.6854416053951529,759.05,4,2.4176579467934234,True
1495,1495,31212390300,honeybee,2.0,31202.0,1.0,9.4,438.2,3,-1.2732555588991292,12,312,0.6529260333974111,3306.0,honeybee,0.27719018927001393,3306.0,1.7499629733137905,759.05,4,2.4176579467934234,True
1496,1496,31212390300,honeybee,3.0,31203.0,3.0,0.2,33.4,3,-1.2732555588991292,12,312,1.1326301213868655,0.0,honeybee,0.3258530430004262,0.0,-0.8011927735847415,759.05,5,2.4176579467934234,False
1498,1498,31212390300,honeybee,5.0,31205.0,1.0,5.6,69.0,3,-1.2732555588991292,12,312,2.0920382973657743,3306.0,honeybee,0.45562065294819243,3306.0,1.7499629733137905,759.05,4,2.4176579467934234,True
1499,1499,31212390300,honeybee,3.0,31203.0,4.0,0.5,7.2,3,-1.2732555588991292,12,312,2.571742385355229,0.0,honeybee,-0.8258344952859991,0.0,-0.8011927735847415,759.05,6,2.4176579467934234,False
1500,1500,31212390300,honeybee,1.0,31201.0,1.0,6.1,84.9,3,-1.2732555588991292,12,312,3.0514464733446833,150.0,moth,1.9641691185909746,,-0.6854416053951529,759.05,3,2.4176579467934234,True
1501,1501,31212390300,honeybee,0.0,31200.0,1.0,6.8,105.7,3,-1.2732555588991292,12,312,3.5311505613341376,150.0,moth,1.0720168002000823,,-0.6854416053951529,759.05,3,2.4176579467934234,True
1502,1502,31212390300,honeybee,1.0,31201.0,2.0,0.6,23.4,3,-1.2732555588991292,12,312,4.010854649323592,0.0,honeybee,0.13120162807877686,0.0,-0.8011927735847415,759.05,4,2.4176579467934234,False
1504,1504,31212402700,honeybee,5.0,31205.0,1.0,5.3,64.8,3,-1.2526774604039972,12,312,-0.7861862305709522,84.0,honeybee,0.05009687186142296,84.0,-0.7363721193985718,760.45,5,-0.7635405118303149,True
1505,1505,31212402700,honeybee,1.0,31201.0,1.0,6.8,59.4,3,-1.2526774604039972,12,312,-0.30648214258149775,84.0,honeybee,-0.760950690312116,84.0,-0.7363721193985718,760.45,5,-0.7635405118303149,True
1506,1506,31212413000,honeybee,2.0,31202.0,1.0,2.8,41.4,3,-1.237243886532648,12,312,-0.7861862305709522,147.0,honeybee,0.6664930191133127,147.0,-0.6877566287589447,761.5,5,-0.4100740164276773,True
1507,1507,31212413000,honeybee,3.0,31203.0,1.0,1.0,16.3,3,-1.237243886532648,12,312,-0.30648214258149775,147.0,honeybee,-0.7771716415555867,147.0,-0.6877566287589447,761.5,7,-0.4100740164276773,False
1508,1508,31212413000,honeybee,4.0,31204.0,1.0,5.3,75.4,3,-1.237243886532648,12,312,0.17322194540795668,147.0,honeybee,0.05009687186142296,147.0,-0.6877566287589447,761.5,5,-0.4100740164276773,True
1510,1510,31212475700,honeybee,1.0,31201.0,1.0,3.6,56.3,3,-1.1424376470372182,12,312,-0.30648214258149775,450.0,honeybee,0.24474828678307234,450.0,-0.45393926901597575,767.95,6,-0.7635405118303149,True
1518,1518,31213114400,honeybee,5.0,31205.0,1.0,6.3,68.0,3,-0.79285494998301,13,312,-0.7861862305709522,1877.0,honeybee,0.0014340181310106524,1877.0,0.6472401776943102,791.7333333333333,6,1.3572584605855107,True
1519,1519,31213114400,honeybee,4.0,31204.0,1.0,5.7,64.1,3,-0.79285494998301,13,312,-0.30648214258149775,1814.0,honeybee,0.0014340181310106524,1814.0,0.598624687054683,791.7333333333333,6,1.3572584605855107,True
1520,1520,31213114400,honeybee,5.0,31205.0,2.0,2.1,100.9,3,-0.79285494998301,13,312,0.17322194540795668,0.0,honeybee,0.16364353056571845,0.0,-0.8011927735847415,791.7333333333333,7,1.3572584605855107,False
1521,1521,31213114400,honeybee,3.0,31203.0,1.0,6.5,66.4,3,-0.79285494998301,13,312,0.6529260333974111,1814.0,honeybee,-0.6960668853382328,1814.0,0.598624687054683,791.7333333333333,8,1.3572584605855107,True
1522,1522,31213114400,honeybee,2.0,31202.0,1.0,8.3,108.3,3,-0.79285494998301,13,312,1.1326301213868655,1814.0,honeybee,-0.4040897629557588,1814.0,0.598624687054683,791.7333333333333,6,1.3572584605855107,True
1523,1523,31213114400,honeybee,3.0,31203.0,2.0,1.3,25.2,3,-0.79285494998301,13,312,1.61233420937632,0.0,honeybee,0.19608543305266002,0.0,-0.8011927735847415,791.7333333333333,9,1.3572584605855107,False
1524,1524,31213114400,honeybee,1.0,31201.0,1.0,7.3,98.9,3,-0.79285494998301,13,312,2.0920382973657743,1427.0,honeybee,-0.27432215300799256,1427.0,0.2999866731255445,791.7333333333333,7,1.3572584605855107,True
1525,1525,31213114400,honeybee,0.0,31200.0,1.0,7.5,75.8,3,-0.79285494998301,13,312,2.571742385355229,1961.0,honeybee,0.24474828678307234,1961.0,0.7120608318804796,791.7333333333333,4,1.3572584605855107,True
1528,1528,31213171900,honeybee,2.0,31202.0,1.0,9.8,118.5,3,-0.7107875333655189,13,312,-0.7861862305709522,335.0,honeybee,0.48806255543513416,335.0,-0.5426818312946604,797.3166666666667,7,0.29685897437759784,True
1529,1529,31213171900,honeybee,3.0,31203.0,1.0,0.9,27.1,3,-0.7107875333655189,13,312,-0.30648214258149775,335.0,honeybee,-0.6474040316078206,335.0,-0.5426818312946604,797.3166666666667,10,0.29685897437759784,False
1530,1530,31213171900,honeybee,4.0,31204.0,1.0,9.6,89.8,3,-0.7107875333655189,13,312,0.17322194540795668,335.0,honeybee,0.06631782310489383,335.0,-0.5426818312946604,797.3166666666667,7,0.29685897437759784,True
1531,1531,31213171900,honeybee,6.0,31206.0,1.0,12.1,64.4,3,-0.7107875333655189,13,312,0.6529260333974111,5602.0,honeybee,-0.6149621291208789,5602.0,3.5217275210690926,797.3166666666667,2,0.29685897437759784,True
1532,1532,31213171900,honeybee,5.0,31205.0,1.0,3.5,65.8,3,-0.7107875333655189,13,312,1.1326301213868655,335.0,honeybee,-0.5176364216600542,335.0,-0.5426818312946604,797.3166666666667,8,0.29685897437759784,True
1534,1534,31213235800,honeybee,5.0,31205.0,1.0,4.5,100.4,3,-0.6130415655136415,13,312,-0.7861862305709522,399.0,honeybee,-0.29054310425146335,399.0,-0.4932946662004359,803.9666666666667,9,-0.7635405118303149,True
1535,1535,31213235800,honeybee,2.0,31202.0,1.0,5.8,74.5,3,-0.6130415655136415,13,312,-0.30648214258149775,399.0,honeybee,0.7313768240871958,399.0,-0.4932946662004359,803.9666666666667,8,-0.7635405118303149,True
1536,1536,31213245800,honeybee,3.0,31203.0,1.0,5.0,48.2,3,-0.5983429237314043,13,312,-0.7861862305709522,459.0,honeybee,-0.7122878365817036,459.0,-0.44699419892460046,804.9666666666667,11,-0.05660752102503974,True
1538,1538,31213245800,honeybee,1.0,31201.0,1.0,6.5,95.6,3,-0.5983429237314043,13,312,0.17322194540795668,794.0,honeybee,0.3258530430004262,794.0,-0.18848325663451937,804.9666666666667,8,-0.05660752102503974,True
1539,1539,31213245800,honeybee,0.0,31200.0,1.0,9.0,93.6,3,-0.5983429237314043,13,312,0.6529260333974111,794.0,honeybee,0.35829494548736784,794.0,-0.18848325663451937,804.9666666666667,5,-0.05660752102503974,True
1540,1540,31213282400,honeybee,4.0,31204.0,1.0,8.6,79.0,3,-0.5478775869457233,13,312,-0.7861862305709522,665.0,honeybee,0.6989349216002542,665.0,-0.28802926127756545,808.4,8,0.29685897437759784,True
1541,1541,31213282400,honeybee,5.0,31205.0,1.0,3.1,48.3,3,-0.5478775869457233,13,312,-0.30648214258149775,266.0,honeybee,-0.12833359181675555,266.0,-0.595927368661871,808.4,10,0.29685897437759784,True
1542,1542,31213282400,honeybee,3.0,31203.0,1.0,0.3,27.9,3,-0.5478775869457233,13,312,0.17322194540795668,206.0,honeybee,-0.04722883559940166,206.0,-0.6422278359377065,808.4,12,0.29685897437759784,False
1543,1543,31213282400,honeybee,1.0,31201.0,1.0,5.0,56.0,3,-0.5478775869457233,13,312,0.6529260333974111,206.0,honeybee,0.19608543305266002,206.0,-0.6422278359377065,808.4,9,0.29685897437759784,True
1544,1544,31213282400,honeybee,0.0,31200.0,1.0,0.5,30.8,3,-0.5478775869457233,13,312,1.1326301213868655,206.0,honeybee,0.6016092141394295,206.0,-0.6422278359377065,808.4,6,0.29685897437759784,False
1547,1547,31213342200,honeybee,0.0,31200.0,1.0,8.3,75.7,3,-0.46017569097837463,13,312,-0.7861862305709522,358.0,honeybee,-0.7771716415555867,358.0,-0.5249333188389235,814.3666666666667,7,-1.1170070072329525,True
1548,1548,31213374600,honeybee,4.0,31204.0,1.0,1.0,47.0,3,-0.41020030891876813,13,312,-0.7861862305709522,562.0,honeybee,0.5367254091655463,562.0,-0.36751173010108296,817.7666666666667,9,-1.1170070072329525,False
1550,1550,31213434200,honeybee,4.0,31204.0,1.0,6.1,68.7,3,-0.3229883676774941,13,312,-0.7861862305709522,356.0,honeybee,-0.6960668853382328,356.0,-0.526476667748118,823.7,10,-0.05660752102503974,True
1551,1551,31213434200,honeybee,5.0,31205.0,1.0,6.6,65.2,3,-0.3229883676774941,13,312,-0.30648214258149775,918.0,honeybee,-0.3554269092253464,918.0,-0.0927956242644594,823.7,11,-0.05660752102503974,True
1552,1552,31213434200,honeybee,6.0,31206.0,1.0,7.8,90.0,3,-0.3229883676774941,13,312,0.17322194540795668,1583.0,honeybee,1.1044587026870236,1583.0,0.4203678880427165,823.7,3,-0.05660752102503974,True
1553,1553,31213434200,honeybee,4.0,31204.0,2.0,0.5,51.9,3,-0.3229883676774941,13,312,0.6529260333974111,0.0,honeybee,0.13120162807877686,0.0,-0.8011927735847415,823.7,11,-0.05660752102503974,False
1557,1557,31213533600,honeybee,2.0,31202.0,1.0,12.0,88.4,3,-0.1774718140333458,13,312,-0.7861862305709522,1778.0,honeybee,0.08253877434836455,1778.0,0.5708444066891817,833.6,9,-0.4100740164276773,True
1558,1558,31213533600,honeybee,3.0,31203.0,1.0,3.1,55.6,3,-0.1774718140333458,13,312,-0.30648214258149775,1512.0,honeybee,-0.8096135440425283,1512.0,0.36557900176631125,833.6,13,-0.4100740164276773,True
1559,1559,31213533600,honeybee,4.0,31204.0,1.0,0.5,19.9,3,-0.1774718140333458,13,312,0.17322194540795668,594.0,honeybee,-0.7771716415555867,594.0,-0.3428181475539707,833.6,12,-0.4100740164276773,False
1560,1560,31213543900,honeybee,0.0,31200.0,1.0,2.9,42.9,3,-0.16203824016199672,13,312,-0.7861862305709522,1217.0,honeybee,0.48806255543513416,1217.0,0.13793503766012052,834.65,8,-0.7635405118303149,True
1561,1561,31213543900,honeybee,1.0,31201.0,1.0,3.8,55.6,3,-0.16203824016199672,13,312,-0.30648214258149775,1575.0,honeybee,-0.04722883559940166,1575.0,0.4141944924059385,834.65,10,-0.7635405118303149,True
1562,1562,31213543910,honeybee,0.0,31200.0,1.0,3.3,52.0,3,-0.16203824016199672,13,312,-0.7861862305709522,0.0,honeybee,-0.38786881171228804,0.0,-0.8011927735847415,834.65,9,-0.7635405118303149,True
1563,1563,31213543910,honeybee,1.0,31201.0,1.0,4.1,37.6,3,-0.16203824016199672,13,312,-0.30648214258149775,0.0,honeybee,-0.24188025052105103,0.0,-0.8011927735847415,834.65,11,-0.7635405118303149,True
1564,1564,31213553200,honeybee,4.0,31204.0,1.0,1.3,17.5,3,-0.14905443992102055,13,312,-0.7861862305709522,116.0,honeybee,-0.7771716415555867,116.0,-0.7116785368514597,835.5333333333333,13,-0.7635405118303149,False
1565,1565,31213553200,honeybee,3.0,31203.0,1.0,2.6,29.1,3,-0.14905443992102055,13,312,-0.30648214258149775,116.0,honeybee,-0.3554269092253464,116.0,-0.7116785368514597,835.5333333333333,14,-0.7635405118303149,True
1566,1566,31214065500,honeybee,0.0,31200.0,1.0,8.4,294.8,3,0.01826509903344628,14,312,-0.7861862305709522,736.0,honeybee,-0.3229850067384049,736.0,-0.23324037500116018,846.9166666666666,10,-0.4100740164276773,True
1567,1567,31214065500,honeybee,1.0,31201.0,1.0,5.9,83.0,3,0.01826509903344628,14,312,-0.30648214258149775,736.0,honeybee,-0.19321739679063873,736.0,-0.23324037500116018,846.9166666666666,12,-0.4100740164276773,True
1568,1568,31214065500,honeybee,2.0,31202.0,1.0,7.3,64.5,3,0.01826509903344628,14,312,0.17322194540795668,799.0,honeybee,1.0882377514435528,799.0,-0.18462488436153304,846.9166666666666,10,-0.4100740164276773,True
1569,1569,31214102900,honeybee,4.0,31204.0,1.0,0.8,30.4,3,0.07069025472342563,14,312,-0.7861862305709522,897.0,honeybee,-0.6474040316078206,897.0,-0.10900078781100186,850.4833333333333,14,0.6503254697802354,False
1570,1570,31214102900,honeybee,6.0,31206.0,1.0,0.5,42.7,3,0.07069025472342563,14,312,-0.30648214258149775,1607.0,honeybee,0.40695779921778014,1607.0,0.4388880749530508,850.4833333333333,4,0.6503254697802354,False
1571,1571,31214102900,honeybee,5.0,31205.0,1.0,5.6,91.9,3,0.07069025472342563,14,312,0.17322194540795668,1236.0,moth,-0.42031071419922955,1607.0,0.1525968522974684,850.4833333333333,13,0.6503254697802354,True
1572,1572,31214102900,honeybee,2.0,31202.0,1.0,5.8,93.0,3,0.07069025472342563,14,312,0.6529260333974111,214.0,honeybee,0.3258530430004262,214.0,-0.6360544403009285,850.4833333333333,11,0.6503254697802354,True
1573,1573,31214102900,honeybee,1.0,31201.0,1.0,5.3,46.5,3,0.07069025472342563,14,312,1.1326301213868655,214.0,honeybee,0.09875972559183542,214.0,-0.6360544403009285,850.4833333333333,13,0.6503254697802354,True
1574,1574,31214102900,honeybee,0.0,31200.0,1.0,1.1,35.4,3,0.07069025472342563,14,312,1.61233420937632,214.0,honeybee,0.5042835066786049,214.0,-0.6360544403009285,850.4833333333333,11,0.6503254697802354,False
1575,1575,31214105600,honeybee,2.0,31202.0,1.0,0.2,26.9,3,0.07730464352543237,14,312,-0.7861862305709522,27.0,honeybee,0.08253877434836455,27.0,-0.7803575633106156,850.9333333333333,12,-1.1170070072329525,False
1577,1577,31214141600,honeybee,0.0,31200.0,1.0,5.5,72.6,3,0.12630011613288972,14,312,-0.7861862305709522,227.0,honeybee,-0.6798459340947619,227.0,-0.6260226723911642,854.2666666666667,12,-0.7635405118303149,True
1578,1578,31214141600,honeybee,1.0,31201.0,1.0,2.9,48.8,3,0.12630011613288972,14,312,-0.30648214258149775,227.0,honeybee,0.0014340181310106524,227.0,-0.6260226723911642,854.2666666666667,14,-0.7635405118303149,True
1579,1579,31214144700,honeybee,0.0,31200.0,1.0,4.5,62.1,3,0.1338944143870456,14,312,-0.7861862305709522,31.0,honeybee,0.03387592061795224,31.0,-0.7772708654922266,854.7833333333333,13,1.003791965182873,True
1580,1580,31214144700,honeybee,1.0,31201.0,1.0,1.5,64.0,3,0.1338944143870456,14,312,-0.30648214258149775,31.0,honeybee,-0.38786881171228804,31.0,-0.7772708654922266,854.7833333333333,15,1.003791965182873,False
1581,1581,31214144700,honeybee,2.0,31202.0,1.0,4.3,64.1,3,0.1338944143870456,14,312,0.17322194540795668,231.0,honeybee,-0.8258344952859991,231.0,-0.622935974572775,854.7833333333333,13,1.003791965182873,True
1582,1582,31214144700,honeybee,3.0,31203.0,1.0,2.3,43.2,3,0.1338944143870456,14,312,0.6529260333974111,1155.0,honeybee,-0.43653166544270033,1155.0,0.0900912214750905,854.7833333333333,15,1.003791965182873,False
1583,1583,31214144700,honeybee,4.0,31204.0,1.0,9.0,100.2,3,0.1338944143870456,14,312,1.1326301213868655,258.0,honeybee,-0.7285087878251744,258.0,-0.6021007642986491,854.7833333333333,15,1.003791965182873,True
1584,1584,31214144700,honeybee,5.0,31205.0,1.0,0.3,33.1,3,0.1338944143870456,14,312,1.61233420937632,52.0,hoverfly,-0.5338573729035251,258.0,-0.7610657019456841,854.7833333333333,15,1.003791965182873,False
1585,1585,31214144700,honeybee,6.0,31206.0,1.0,7.6,73.0,3,0.1338944143870456,14,312,2.0920382973657743,258.0,honeybee,-0.7771716415555867,258.0,-0.6021007642986491,854.7833333333333,5,1.003791965182873,True
1589,1589,31214191100,honeybee,4.0,31204.0,1.0,0.5,9.2,3,0.19856843822888928,14,312,-0.7861862305709522,264.0,honeybee,0.6016092141394295,264.0,-0.5974707175710656,859.1833333333333,16,-0.7635405118303149,False
1590,1590,31214191100,honeybee,3.0,31203.0,1.0,0.3,9.9,3,0.19856843822888928,14,312,-0.30648214258149775,264.0,honeybee,-0.48519451917311274,264.0,-0.5974707175710656,859.1833333333333,16,-0.7635405118303149,False
1591,1591,31214194400,honeybee,4.0,31204.0,1.0,10.5,140.1,3,0.20665269120911975,14,312,-0.7861862305709522,33.0,honeybee,-0.7771716415555867,33.0,-0.775727516583032,859.7333333333333,17,-1.1170070072329525,True
1596,1596,31214262300,honeybee,0.0,31200.0,1.0,2.0,46.2,3,0.30439865906099717,14,312,-0.7861862305709522,696.0,honeybee,-0.12833359181675555,696.0,-0.2641073531850505,866.3833333333333,14,-0.7635405118303149,False
1597,1597,31214262300,honeybee,1.0,31201.0,1.0,5.1,71.9,3,0.30439865906099717,14,312,-0.30648214258149775,696.0,honeybee,-0.6149621291208789,696.0,-0.2641073531850505,866.3833333333333,16,-0.7635405118303149,True
1598,1598,31214263300,honeybee,3.0,31203.0,1.0,0.8,26.0,3,0.30684843269137,14,312,-0.7861862305709522,116.0,honeybee,3.94312517029441,116.0,-0.7116785368514597,866.55,18,-1.1170070072329525,False
1601,1601,31214401400,honeybee,2.0,31202.0,1.0,7.6,106.0,3,0.5079748477449824,14,312,-0.7861862305709522,937.0,honeybee,3.034751900660046,937.0,-0.07813380962711153,880.2333333333333,15,0.29685897437759784,True
1602,1602,31214401400,honeybee,3.0,31203.0,1.0,0.4,30.1,3,0.5079748477449824,14,312,-0.30648214258149775,821.0,honeybee,-0.7285087878251744,821.0,-0.16764804636039338,880.2333333333333,19,0.29685897437759784,False
1603,1603,31214401400,honeybee,5.0,31205.0,1.0,8.8,103.3,3,0.5079748477449824,14,312,0.17322194540795668,1527.0,honeybee,-0.8096135440425283,1527.0,0.3771541185852701,880.2333333333333,16,0.29685897437759784,True
1604,1604,31214401400,honeybee,4.0,31204.0,1.0,4.1,40.5,3,0.5079748477449824,14,312,0.6529260333974111,937.0,honeybee,9.052724811987707,937.0,-0.07813380962711153,880.2333333333333,19,0.29685897437759784,True
1605,1605,31214401400,honeybee,3.0,31203.0,2.0,2.0,37.5,3,0.5079748477449824,14,312,1.1326301213868655,0.0,honeybee,-0.7933925927990575,0.0,-0.8011927735847415,880.2333333333333,20,0.29685897437759784,False
1606,1606,31214440500,honeybee,4.0,31204.0,1.0,0.8,46.1,3,0.5645646186065956,14,312,-0.7861862305709522,231.0,honeybee,-0.19321739679063873,231.0,-0.622935974572775,884.0833333333334,20,-0.7635405118303149,False
1607,1607,31214440500,honeybee,5.0,31205.0,1.0,1.5,59.3,3,0.5645646186065956,14,312,-0.30648214258149775,231.0,honeybee,0.569167311652488,231.0,-0.622935974572775,884.0833333333334,17,-0.7635405118303149,False
1610,1610,31214571400,honeybee,5.0,31205.0,1.0,16.3,180.2,3,0.7578517580430149,14,312,-0.30648214258149775,789.0,honeybee,-0.6149621291208789,789.0,-0.19234162890750559,897.2333333333333,18,4.891923414611886,True
1613,1613,31214571400,honeybee,4.0,31204.0,3.0,5.5,54.8,3,0.7578517580430149,14,312,1.1326301213868655,0.0,honeybee,9.912435227891658,0.0,-0.8011927735847415,897.2333333333333,22,4.891923414611886,True
1614,1614,31214571400,honeybee,6.0,31206.0,2.0,7.5,81.5,3,0.7578517580430149,14,312,1.61233420937632,0.0,honeybee,2.840100485738397,0.0,-0.8011927735847415,897.2333333333333,7,4.891923414611886,True
1615,1615,31214571400,honeybee,5.0,31205.0,2.0,7.8,76.1,3,0.7578517580430149,14,312,2.0920382973657743,0.0,honeybee,1.7857386549127963,0.0,-0.8011927735847415,897.2333333333333,19,4.891923414611886,True
1616,1616,31214571400,honeybee,3.0,31203.0,1.0,16.1,139.8,3,0.7578517580430149,14,312,2.571742385355229,1020.0,honeybee,-0.5338573729035251,1020.0,-0.01408482989553921,897.2333333333333,21,4.891923414611886,True
1618,1618,31214571400,honeybee,3.0,31203.0,2.0,0.5,20.2,3,0.7578517580430149,14,312,3.5311505613341376,0.0,honeybee,1.753296752425855,0.0,-0.8011927735847415,897.2333333333333,22,4.891923414611886,False
1619,1619,31214571400,honeybee,4.0,31204.0,4.0,0.6,38.6,3,0.7578517580430149,14,312,4.010854649323592,0.0,honeybee,0.03387592061795224,0.0,-0.8011927735847415,897.2333333333333,23,4.891923414611886,False
1620,1620,31214571400,honeybee,5.0,31205.0,3.0,0.3,23.4,3,0.7578517580430149,14,312,4.490558737313046,0.0,honeybee,0.40695779921778014,0.0,-0.8011927735847415,897.2333333333333,20,4.891923414611886,False
1624,1624,31214571400,honeybee,2.0,31202.0,3.0,10.3,138.7,3,0.7578517580430149,14,312,6.409375089270864,0.0,honeybee,2.710332875790631,0.0,-0.8011927735847415,897.2333333333333,17,4.891923414611886,True
1625,1625,31214571400,honeybee,4.0,31204.0,5.0,4.1,33.7,3,0.7578517580430149,14,312,6.889079177260319,0.0,honeybee,-0.760950690312116,0.0,-0.8011927735847415,897.2333333333333,24,4.891923414611886,True
1626,1626,31214571400,honeybee,5.0,31205.0,4.0,4.1,42.4,3,0.7578517580430149,14,312,7.368783265249773,0.0,honeybee,-0.8096135440425283,0.0,-0.8011927735847415,897.2333333333333,21,4.891923414611886,True
1627,1627,31215002900,honeybee,4.0,31204.0,1.0,4.0,41.5,3,0.8056223438352857,15,312,-0.7861862305709522,195.0,honeybee,-0.19321739679063873,195.0,-0.6507162549382763,900.4833333333333,25,-0.05660752102503974,True
1628,1628,31215002900,honeybee,5.0,31205.0,1.0,1.6,49.7,3,0.8056223438352857,15,312,-0.30648214258149775,195.0,honeybee,-0.19321739679063873,195.0,-0.6507162549382763,900.4833333333333,22,-0.05660752102503974,False
1629,1629,31215002900,honeybee,3.0,31203.0,1.0,3.6,40.1,3,0.8056223438352857,15,312,0.17322194540795668,195.0,honeybee,-0.7771716415555867,195.0,-0.6507162549382763,900.4833333333333,23,-0.05660752102503974,True
1630,1630,31215002900,honeybee,2.0,31202.0,1.0,1.8,24.1,3,0.8056223438352857,15,312,0.6529260333974111,195.0,honeybee,0.8124815803045498,195.0,-0.6507162549382763,900.4833333333333,18,-0.05660752102503974,False
1632,1632,31215031000,honeybee,3.0,31203.0,1.0,1.1,15.8,3,0.8450636992842889,15,312,-0.7861862305709522,161.0,honeybee,-0.27432215300799256,161.0,-0.676953186394583,903.1666666666666,24,-0.7635405118303149,False
1633,1633,31215031000,honeybee,2.0,31202.0,1.0,0.2,20.3,3,0.8450636992842889,15,312,-0.30648214258149775,161.0,honeybee,-0.5662992753904666,161.0,-0.676953186394583,903.1666666666666,19,-0.7635405118303149,False
1634,1634,31215111600,honeybee,4.0,31204.0,1.0,3.5,62.3,3,0.9641226977204103,15,312,-0.7861862305709522,647.0,honeybee,-0.20943834803410946,647.0,-0.3019194014603161,911.2666666666667,26,-1.1170070072329525,True
1635,1635,31215142000,honeybee,0.0,31200.0,1.0,1.3,46.0,3,1.009198532519271,15,312,-0.7861862305709522,1026.0,honeybee,3.1158566568774,1026.0,-0.009454783167955602,914.3333333333334,16,0.6503254697802354,False
1636,1636,31215142000,honeybee,1.0,31201.0,1.0,5.5,67.9,3,1.009198532519271,15,312,-0.30648214258149775,1026.0,honeybee,3.3591709255294617,1026.0,-0.009454783167955602,914.3333333333334,18,0.6503254697802354,True
1637,1637,31215142000,honeybee,2.0,31202.0,1.0,3.1,54.1,3,1.009198532519271,15,312,0.17322194540795668,670.0,honeybee,-0.8258344952859991,670.0,-0.2841708890045792,914.3333333333334,20,0.6503254697802354,True
1638,1638,31215142000,honeybee,3.0,31203.0,1.0,0.5,11.1,3,1.009198532519271,15,312,0.6529260333974111,670.0,honeybee,-0.6798459340947619,670.0,-0.2841708890045792,914.3333333333334,25,0.6503254697802354,False
1639,1639,31215142000,honeybee,4.0,31204.0,1.0,0.3,28.3,3,1.009198532519271,15,312,1.1326301213868655,184.0,honeybee,-0.29054310425146335,184.0,-0.6592046739388462,914.3333333333334,27,0.6503254697802354,False
1640,1640,31215142000,honeybee,5.0,31205.0,1.0,0.6,34.0,3,1.009198532519271,15,312,1.61233420937632,831.0,honeybee,-0.5987411778774081,831.0,-0.15993130181442083,914.3333333333334,23,0.6503254697802354,False
1641,1641,31215304000,honeybee,4.0,31204.0,1.0,6.8,92.9,3,1.249276348295812,15,312,-0.7861862305709522,980.0,honeybee,-0.8096135440425283,980.0,-0.04495180807942955,930.6666666666666,28,1.003791965182873,True
1643,1643,31215304000,honeybee,1.0,31201.0,1.0,9.5,102.4,3,1.249276348295812,15,312,0.17322194540795668,980.0,honeybee,0.03387592061795224,980.0,-0.04495180807942955,930.6666666666666,19,1.003791965182873,True
1644,1644,31215304000,honeybee,0.0,31200.0,1.0,10.0,144.3,3,1.249276348295812,15,312,0.6529260333974111,980.0,honeybee,-0.6474040316078206,980.0,-0.04495180807942955,930.6666666666666,17,1.003791965182873,True
1645,1645,31215304000,honeybee,2.0,31202.0,1.0,8.3,72.3,3,1.249276348295812,15,312,1.1326301213868655,980.0,honeybee,-0.3554269092253464,980.0,-0.04495180807942955,930.6666666666666,21,1.003791965182873,True
1646,1646,31215304000,honeybee,4.0,31204.0,2.0,0.5,6.3,3,1.249276348295812,15,312,1.61233420937632,0.0,honeybee,0.24474828678307234,0.0,-0.8011927735847415,930.6666666666666,29,1.003791965182873,False
1647,1647,31215304000,honeybee,5.0,31205.0,1.0,8.9,107.2,3,1.249276348295812,15,312,2.0920382973657743,980.0,honeybee,-0.760950690312116,980.0,-0.04495180807942955,930.6666666666666,24,1.003791965182873,True
1649,1649,31215314800,honeybee,2.0,31202.0,1.0,8.1,84.6,3,1.2659348089823474,15,312,-0.30648214258149775,68.0,honeybee,0.48806255543513416,68.0,-0.748718910672128,931.8,22,-0.05660752102503974,True
1650,1650,31215314800,honeybee,3.0,31203.0,1.0,10.1,102.3,3,1.2659348089823474,15,312,0.17322194540795668,1048.0,honeybee,-0.7771716415555867,1048.0,0.007522054833183912,931.8,26,-0.05660752102503974,True
1651,1651,31215314800,honeybee,5.0,31205.0,1.0,5.3,80.3,3,1.2659348089823474,15,312,0.6529260333974111,68.0,honeybee,0.5853882628959588,68.0,-0.748718910672128,931.8,25,-0.05660752102503974,True
1652,1652,31215321700,honeybee,1.0,31201.0,1.0,3.9,40.7,3,1.2730391525104288,15,312,-0.7861862305709522,97.0,honeybee,0.6827139703567834,97.0,-0.7263403514888075,932.2833333333333,20,-1.1170070072329525,True
1654,1654,31215372300,honeybee,0.0,31200.0,1.0,6.1,71.3,3,1.3480022255998385,15,312,-0.7861862305709522,403.0,honeybee,0.7638187265741373,403.0,-0.49020796838204683,937.3833333333333,18,-0.4100740164276773,True
1655,1655,31215372300,honeybee,1.0,31201.0,1.0,2.0,19.0,3,1.3480022255998385,15,312,-0.30648214258149775,306.0,honeybee,-0.22565929927758024,306.0,-0.5650603904779808,937.3833333333333,21,-0.4100740164276773,False
1656,1656,31215372300,honeybee,2.0,31202.0,1.0,0.5,31.5,3,1.3480022255998385,15,312,0.17322194540795668,335.0,honeybee,0.45562065294819243,335.0,-0.5426818312946604,937.3833333333333,23,-0.4100740164276773,False
1657,1657,31215384300,honeybee,0.0,31200.0,1.0,4.8,59.8,3,1.3676004146428213,15,312,-0.7861862305709522,80.0,honeybee,0.13120162807877686,80.0,-0.7394588172169608,938.7166666666667,19,-0.4100740164276773,True
1658,1658,31215384300,honeybee,1.0,31201.0,1.0,2.8,73.8,3,1.3676004146428213,15,312,-0.30648214258149775,80.0,honeybee,-0.5338573729035251,80.0,-0.7394588172169608,938.7166666666667,22,-0.4100740164276773,True
1659,1659,31215384300,honeybee,2.0,31202.0,1.0,5.6,58.5,3,1.3676004146428213,15,312,0.17322194540795668,80.0,honeybee,-0.7771716415555867,80.0,-0.7394588172169608,938.7166666666667,24,-0.4100740164276773,True
1662,1662,31215453500,honeybee,0.0,31200.0,1.0,1.3,59.3,3,1.4685310882141835,15,312,-0.7861862305709522,412.0,honeybee,-0.07967073808634324,412.0,-0.48326289829067154,945.5833333333334,20,-0.4100740164276773,False
1663,1663,31215453500,honeybee,1.0,31201.0,1.0,1.1,44.0,3,1.4685310882141835,15,312,-0.30648214258149775,412.0,honeybee,-0.4040897629557588,412.0,-0.48326289829067154,945.5833333333334,23,-0.4100740164276773,False
1664,1664,31215453500,honeybee,2.0,31202.0,1.0,4.1,75.3,3,1.4685310882141835,15,312,0.17322194540795668,412.0,honeybee,0.05009687186142296,412.0,-0.48326289829067154,945.5833333333334,25,-0.4100740164276773,True
1679,1679,31512502600,honeybee,3.0,31503.0,1.0,18.0,188.4,3,-1.1059360199446624,12,315,-0.7861862305709522,2629.0,honeybee,-0.07967073808634324,2629.0,1.2275393675514477,770.4333333333333,2,-0.4100740164276773,True
1681,1681,31512502600,honeybee,0.0,31500.0,1.0,8.5,95.9,3,-1.1059360199446624,12,315,0.17322194540795668,2629.0,honeybee,0.6178301653829003,2629.0,1.2275393675514477,770.4333333333333,2,-0.4100740164276773,True
1697,1697,31513112500,honeybee,0.0,31500.0,1.0,6.1,86.2,3,-0.7975095198807184,13,315,-0.7861862305709522,1259.0,honeybee,0.5205044579220757,1259.0,0.17034536475320528,791.4166666666666,3,-0.7635405118303149,True
1698,1698,31513112500,honeybee,3.0,31503.0,1.0,0.3,3.7,3,-0.7975095198807184,13,315,-0.30648214258149775,1118.0,hoverfly,0.8773653852784327,1259.0,0.061539266654991966,791.4166666666666,4,-0.7635405118303149,False
1704,1704,31513392400,honeybee,0.0,31500.0,1.0,7.5,85.3,3,-0.38619252734111403,13,315,-0.7861862305709522,1679.0,honeybee,0.13120162807877686,1679.0,0.4944486356840533,819.4,4,1.003791965182873,True
1705,1705,31513392400,honeybee,1.0,31501.0,1.0,9.5,109.7,3,-0.38619252734111403,13,315,-0.30648214258149775,345.0,hoverfly,-0.6149621291208789,2938.0,-0.5349650867486878,819.4,4,1.003791965182873,True
1706,1706,31513392400,honeybee,4.0,31504.0,1.0,10.1,95.8,3,-0.38619252734111403,13,315,0.17322194540795668,2821.0,hoverfly,0.48806255543513416,3830.0,1.3757008628341207,819.4,3,1.003791965182873,True
1707,1707,31513392400,honeybee,6.0,31506.0,1.0,8.1,81.3,3,-0.38619252734111403,13,315,0.6529260333974111,2554.0,hoverfly,-0.7771716415555867,,1.1696637834566534,819.4,4,1.003791965182873,True
1708,1708,31513392400,honeybee,7.0,31507.0,1.0,9.5,100.2,3,-0.38619252734111403,13,315,1.1326301213868655,2554.0,hoverfly,2.1588205335126243,3830.0,1.1696637834566534,819.4,5,1.003791965182873,True
1709,1709,31513392400,honeybee,4.0,31504.0,2.0,2.8,38.1,3,-0.38619252734111403,13,315,1.61233420937632,0.0,honeybee,0.7800396778176081,0.0,-0.8011927735847415,819.4,4,1.003791965182873,True
1710,1710,31513392400,honeybee,6.0,31506.0,2.0,1.1,22.1,3,-0.38619252734111403,13,315,2.0920382973657743,0.0,honeybee,0.45562065294819243,0.0,-0.8011927735847415,819.4,5,1.003791965182873,False
1712,1712,31513440900,honeybee,2.0,31502.0,1.0,11.0,119.6,3,-0.31637397887548735,13,315,-0.7861862305709522,3082.0,hoverfly,6.944001150336505,5852.0,1.5771078954840048,824.15,3,0.6503254697802354,True
1713,1713,31513440900,honeybee,3.0,31503.0,1.0,8.3,94.5,3,-0.31637397887548735,13,315,-0.30648214258149775,1964.0,honeybee,-0.8096135440425283,1964.0,0.7143758552442716,824.15,5,0.6503254697802354,True
1714,1714,31513440900,honeybee,5.0,31505.0,1.0,13.3,134.6,3,-0.31637397887548735,13,315,0.17322194540795668,2968.0,hoverfly,1.1855634589043775,5852.0,1.489137007659918,824.15,3,0.6503254697802354,True
1715,1715,31513440900,honeybee,3.0,31503.0,2.0,1.0,26.5,3,-0.31637397887548735,13,315,0.6529260333974111,0.0,honeybee,0.48806255543513416,0.0,-0.8011927735847415,824.15,6,0.6503254697802354,False
1716,1716,31513440900,honeybee,1.0,31501.0,1.0,6.1,63.8,3,-0.31637397887548735,13,315,1.1326301213868655,285.0,honeybee,0.6827139703567834,285.0,-0.5812655540245232,824.15,5,0.6503254697802354,True
1717,1717,31513440900,honeybee,0.0,31500.0,1.0,4.6,70.0,3,-0.31637397887548735,13,315,1.61233420937632,285.0,honeybee,0.35829494548736784,285.0,-0.5812655540245232,824.15,5,0.6503254697802354,True
1722,1722,31513561100,honeybee,7.0,31507.0,1.0,2.6,94.9,3,-0.13950032276256635,13,315,-0.7861862305709522,1007.0,honeybee,0.6827139703567834,1007.0,-0.024116597805303477,836.1833333333333,6,1.003791965182873,True
1724,1724,31513561100,honeybee,5.0,31505.0,1.0,4.5,35.8,3,-0.13950032276256635,13,315,0.17322194540795668,722.0,honeybee,1.299110117608673,722.0,-0.24404381736552183,836.1833333333333,4,1.003791965182873,True
1725,1725,31513561100,honeybee,3.0,31503.0,1.0,6.8,91.0,3,-0.13950032276256635,13,315,0.6529260333974111,722.0,honeybee,-0.6960668853382328,722.0,-0.24404381736552183,836.1833333333333,7,1.003791965182873,True
1726,1726,31513561100,honeybee,2.0,31502.0,1.0,5.8,92.4,3,-0.13950032276256635,13,315,1.1326301213868655,722.0,honeybee,0.9260282390088451,722.0,-0.24404381736552183,836.1833333333333,4,1.003791965182873,True
1727,1727,31513561100,honeybee,3.0,31503.0,2.0,0.6,17.2,3,-0.13950032276256635,13,315,1.61233420937632,0.0,honeybee,0.24474828678307234,0.0,-0.8011927735847415,836.1833333333333,8,1.003791965182873,False
1728,1728,31513561100,honeybee,0.0,31500.0,1.0,4.0,65.4,3,-0.13950032276256635,13,315,2.0920382973657743,722.0,honeybee,-0.11211264057328484,722.0,-0.24404381736552183,836.1833333333333,6,1.003791965182873,True
1734,1734,31513594100,honeybee,7.0,31507.0,1.0,1.1,12.7,3,-0.08805507652473615,13,315,-0.7861862305709522,210.0,honeybee,-0.43653166544270033,210.0,-0.6391411381193175,839.6833333333333,7,-1.1170070072329525,False
1735,1735,31513594400,honeybee,1.0,31501.0,1.0,5.1,99.0,3,-0.08732014443562429,13,315,-0.7861862305709522,935.0,honeybee,0.13120162807877686,935.0,-0.07967715853630604,839.7333333333333,6,-0.7635405118303149,True
1736,1736,31513594400,honeybee,2.0,31502.0,1.0,4.5,53.1,3,-0.08732014443562429,13,315,-0.30648214258149775,213.0,honeybee,0.08253877434836455,213.0,-0.6368261147555256,839.7333333333333,5,-0.7635405118303149,True
1737,1737,31514012500,honeybee,6.0,31506.0,1.0,5.3,74.9,3,-0.06257743076885833,14,315,-0.7861862305709522,1321.0,honeybee,-0.6798459340947619,1321.0,0.21818918093823514,841.4166666666666,6,-1.1170070072329525,True
1747,1747,31514124900,honeybee,2.0,31502.0,1.0,2.4,36.2,3,0.10498708554864578,14,315,-0.7861862305709522,785.0,honeybee,-0.12833359181675555,785.0,-0.1954283267258946,852.8166666666667,6,-0.4100740164276773,True
1748,1748,31514124900,honeybee,3.0,31503.0,1.0,2.8,63.1,3,0.10498708554864578,14,315,-0.30648214258149775,998.0,honeybee,-0.760950690312116,998.0,-0.03106166789667889,852.8166666666667,9,-0.4100740164276773,True
1749,1749,31514124900,honeybee,5.0,31505.0,1.0,2.3,38.2,3,0.10498708554864578,14,315,0.17322194540795668,998.0,honeybee,-0.12833359181675555,998.0,-0.03106166789667889,852.8166666666667,5,-0.4100740164276773,False
1754,1754,31514161500,honeybee,1.0,31501.0,1.0,7.3,128.7,3,0.15545242233432682,14,315,-0.7861862305709522,701.0,hoverfly,-0.6960668853382328,991.0,-0.2602489809120642,856.25,8,-0.4100740164276773,True
1755,1755,31514161500,honeybee,4.0,31504.0,1.0,7.8,65.4,3,0.15545242233432682,14,315,-0.30648214258149775,2211.0,honeybee,-0.4040897629557588,2211.0,0.904979445529794,856.25,5,-0.4100740164276773,True
1756,1756,31514161500,honeybee,6.0,31506.0,1.0,5.8,93.9,3,0.15545242233432682,14,315,0.17322194540795668,890.0,honeybee,0.0014340181310106524,890.0,-0.1144025089931826,856.25,7,-0.4100740164276773,True
1762,1762,31514240800,honeybee,3.0,31503.0,1.0,3.8,67.0,3,0.27132671505096345,14,315,-0.7861862305709522,679.0,honeybee,-0.4040897629557588,679.0,-0.2772258189132039,864.1333333333333,10,1.003791965182873,True
1763,1763,31514240800,honeybee,1.0,31501.0,1.0,2.9,46.6,3,0.27132671505096345,14,315,-0.30648214258149775,473.0,honeybee,0.3258530430004262,473.0,-0.43619075656023887,864.1333333333333,9,1.003791965182873,True
1764,1764,31514240800,honeybee,0.0,31500.0,1.0,11.3,123.8,3,0.27132671505096345,14,315,0.17322194540795668,242.0,moth,8.728305787118291,1677.0,-0.6144475555722052,864.1333333333333,8,1.003791965182873,True
1766,1766,31514240800,honeybee,5.0,31505.0,1.0,5.1,87.4,3,0.27132671505096345,14,315,1.1326301213868655,679.0,honeybee,-0.48519451917311274,679.0,-0.2772258189132039,864.1333333333333,6,1.003791965182873,True
1767,1767,31514240800,honeybee,6.0,31506.0,1.0,0.5,22.7,3,0.27132671505096345,14,315,1.61233420937632,268.0,moth,-0.06344978684287238,473.0,-0.5943840197526765,864.1333333333333,10,1.003791965182873,False
1768,1768,31514240800,honeybee,7.0,31507.0,1.0,0.5,18.5,3,0.27132671505096345,14,315,2.0920382973657743,607.0,moth,5.143475562311248,1467.0,-0.3327863796442064,864.1333333333333,12,1.003791965182873,False
1770,1770,31514285200,honeybee,3.0,31503.0,1.0,4.6,88.1,3,0.34090028615355283,14,315,-0.30648214258149775,284.0,honeybee,-0.24188025052105103,284.0,-0.5820372284791204,868.8666666666667,11,-0.4100740164276773,True
1771,1771,31514285200,honeybee,5.0,31505.0,1.0,0.6,43.3,3,0.34090028615355283,14,315,0.17322194540795668,284.0,honeybee,-0.031007884355930933,284.0,-0.5820372284791204,868.8666666666667,7,-0.4100740164276773,False
1781,1781,31514424300,honeybee,7.0,31507.0,1.0,1.5,23.8,3,0.5444764748375381,14,315,-0.7861862305709522,1115.0,honeybee,-0.7771716415555867,1115.0,0.059224243291200164,882.7166666666667,13,-1.1170070072329525,False
1787,1787,31514475700,honeybee,0.0,31500.0,1.0,5.8,75.4,3,0.6213993668312461,14,315,-0.7861862305709522,1429.0,honeybee,0.9746910927392576,1429.0,0.30153002203473894,887.95,9,-0.05660752102503974,True
1788,1788,31514475700,honeybee,4.0,31504.0,1.0,8.1,60.7,3,0.6213993668312461,14,315,-0.30648214258149775,1902.0,honeybee,0.40695779921778014,1902.0,0.6665320390592415,887.95,6,-0.05660752102503974,True
1789,1789,31514475700,honeybee,5.0,31505.0,1.0,8.5,101.0,3,0.6213993668312461,14,315,0.17322194540795668,166.0,moth,-0.6960668853382328,1145.0,-0.6730948141215969,887.95,9,-0.05660752102503974,True
1790,1790,31514475700,honeybee,3.0,31503.0,1.0,1.6,34.2,3,0.6213993668312461,14,315,0.6529260333974111,1145.0,honeybee,-0.11211264057328484,1145.0,0.08237447692911787,887.95,12,-0.05660752102503974,False
1794,1794,31514500900,honeybee,3.0,31503.0,1.0,1.9,51.1,3,0.653736378752168,14,315,-0.30648214258149775,66.0,moth,-0.7285087878251744,132.0,-0.7502622595813224,890.15,14,-0.7635405118303149,False
1798,1798,31515024800,honeybee,0.0,31500.0,1.0,3.6,45.7,3,0.8396741972974686,15,315,-0.7861862305709522,891.0,honeybee,0.08253877434836455,891.0,-0.1136308345385854,902.8,10,-0.4100740164276773,True
1799,1799,31515024800,honeybee,4.0,31504.0,1.0,2.8,41.1,3,0.8396741972974686,15,315,-0.30648214258149775,891.0,honeybee,0.45562065294819243,891.0,-0.1136308345385854,902.8,7,-0.4100740164276773,True
1800,1800,31515024800,honeybee,6.0,31506.0,1.0,0.6,27.5,3,0.8396741972974686,15,315,0.17322194540795668,2320.0,honeybee,-0.7771716415555867,2320.0,0.9890919610808949,902.8,11,-0.4100740164276773,False
1801,1801,31515061300,honeybee,7.0,31507.0,1.0,7.5,82.0,3,0.8898945567201123,15,315,-0.7861862305709522,1410.0,honeybee,-0.6149621291208789,1410.0,0.28686820739739105,906.2166666666667,14,-0.7635405118303149,True
1802,1802,31515061300,honeybee,4.0,31504.0,1.0,4.0,60.4,3,0.8898945567201123,15,315,-0.30648214258149775,205.0,honeybee,-0.4040897629557588,205.0,-0.6429995103923037,906.2166666666667,8,-0.7635405118303149,True
1807,1807,31515081900,honeybee,7.0,31507.0,1.0,2.0,41.4,3,0.9207617044628105,15,315,-0.7861862305709522,97.0,hoverfly,1.2342263126347899,126.0,-0.7263403514888075,908.3166666666667,16,-0.05660752102503974,False
1808,1808,31515081900,honeybee,6.0,31506.0,1.0,5.0,58.2,3,0.9207617044628105,15,315,-0.30648214258149775,331.0,honeybee,-0.760950690312116,331.0,-0.5457685291130494,908.3166666666667,12,-0.05660752102503974,True
1809,1809,31515081900,honeybee,1.0,31501.0,1.0,10.5,150.6,3,0.9207617044628105,15,315,0.17322194540795668,2651.0,honeybee,-0.38786881171228804,2651.0,1.244516205552587,908.3166666666667,10,-0.05660752102503974,True
1810,1810,31515081900,honeybee,0.0,31500.0,1.0,1.6,35.6,3,0.9207617044628105,15,315,0.6529260333974111,331.0,honeybee,-0.27432215300799256,331.0,-0.5457685291130494,908.3166666666667,11,-0.05660752102503974,False
1811,1811,31515213300,honeybee,0.0,31500.0,1.0,6.8,78.7,3,1.115273730714416,15,315,-0.7861862305709522,794.0,honeybee,-0.5987411778774081,794.0,-0.18848325663451937,921.55,12,-1.1170070072329525,True
1822,1822,31711314800,honeybee,6.0,31706.0,1.0,0.3,23.6,3,-2.261739218754581,11,317,-0.7861862305709522,27.0,honeybee,1.380214873826027,27.0,-0.7803575633106156,691.8,2,0.6503254697802354,False
1826,1826,31711314800,honeybee,6.0,31706.0,2.0,1.5,53.7,3,-2.261739218754581,11,317,1.1326301213868655,0.0,honeybee,-0.8096135440425283,0.0,-0.8011927735847415,691.8,3,0.6503254697802354,False
1827,1827,31711314800,honeybee,7.0,31707.0,2.0,0.3,39.3,3,-2.261739218754581,11,317,1.61233420937632,0.0,honeybee,1.3477729713390854,0.0,-0.8011927735847415,691.8,2,0.6503254697802354,False
1830,1830,31711501000,honeybee,6.0,31706.0,1.0,1.6,26.7,3,-1.9917741646874911,11,317,-0.7861862305709522,1102.0,honeybee,-0.6149621291208789,1102.0,0.049192475381435896,710.1666666666666,4,-1.1170070072329525,False
1833,1833,31711570900,honeybee,9.0,31709.0,1.0,5.5,256.3,3,-1.889128649574868,11,317,-0.7861862305709522,1521.0,honeybee,0.9909120439827283,1521.0,0.37252407185768666,717.15,2,-0.4100740164276773,True
1835,1835,31711570900,honeybee,7.0,31707.0,1.0,2.2,39.4,3,-1.889128649574868,11,317,0.17322194540795668,1521.0,honeybee,-0.8096135440425283,1521.0,0.37252407185768666,717.15,3,-0.4100740164276773,False
1836,1836,31711571000,honeybee,9.0,31709.0,1.0,3.9,108.8,3,-1.8888836722118307,11,317,-0.7861862305709522,1.0,honeybee,0.03387592061795224,1.0,-0.8004210991301443,717.1666666666666,3,-0.7635405118303149,True
1837,1837,31711571000,honeybee,7.0,31707.0,1.0,3.3,28.6,3,-1.8888836722118307,11,317,-0.30648214258149775,1.0,honeybee,-0.5014154704165834,1.0,-0.8004210991301443,717.1666666666666,4,-0.7635405118303149,True
1841,1841,31711573300,honeybee,6.0,31706.0,1.0,6.3,88.3,3,-1.883249192861973,11,317,0.6529260333974111,443.0,honeybee,-0.5987411778774081,443.0,-0.4593409901981566,717.55,5,-0.05660752102503974,True
1843,1843,31712002700,honeybee,5.0,31705.0,1.0,1.4,26.5,3,-1.8406231316934851,12,317,-0.7861862305709522,174.0,honeybee,-0.07967073808634324,174.0,-0.6669214184848187,720.45,2,-1.1170070072329525,False
1847,1847,31712175400,honeybee,6.0,31706.0,1.0,7.5,85.4,3,-1.584131832593446,12,317,-0.7861862305709522,1221.0,honeybee,0.16364353056571845,1221.0,0.14102173547850955,737.9,6,1.003791965182873,True
1848,1848,31712175400,honeybee,7.0,31707.0,1.0,5.6,101.6,3,-1.584131832593446,12,317,-0.30648214258149775,1244.0,honeybee,-0.3229850067384049,1244.0,0.15877024793424643,737.9,5,1.003791965182873,True
1849,1849,31712175400,honeybee,8.0,31708.0,1.0,3.6,87.4,3,-1.584131832593446,12,317,0.17322194540795668,2766.0,honeybee,1.0882377514435528,2766.0,1.3332587678312717,737.9,2,1.003791965182873,True
1850,1850,31712175400,honeybee,9.0,31709.0,1.0,5.0,309.7,3,-1.584131832593446,12,317,0.6529260333974111,1244.0,honeybee,-0.22565929927758024,1244.0,0.15877024793424643,737.9,4,1.003791965182873,True
1853,1853,31712175400,honeybee,6.0,31706.0,2.0,0.3,36.6,3,-1.584131832593446,12,317,2.0920382973657743,0.0,honeybee,0.35829494548736784,0.0,-0.8011927735847415,737.9,7,1.003791965182873,False
1855,1855,31712354300,honeybee,5.0,31705.0,1.0,4.6,84.6,3,-1.3222510315065865,12,317,-0.7861862305709522,2116.0,honeybee,-0.6311830803643497,2116.0,0.8316703723430545,755.7166666666667,3,-0.7635405118303149,True
1856,1856,31712354300,honeybee,9.0,31709.0,1.0,3.8,193.4,3,-1.3222510315065865,12,317,-0.30648214258149775,1069.0,honeybee,-0.04722883559940166,1069.0,0.023727218379726377,755.7166666666667,5,-0.7635405118303149,True
1857,1857,31712355000,honeybee,9.0,31709.0,1.0,3.0,86.6,3,-1.3205361899653256,12,317,-0.7861862305709522,7.0,honeybee,-0.24188025052105103,7.0,-0.7957910524025607,755.8333333333334,6,-1.1170070072329525,True
1858,1858,31712381500,honeybee,0.0,31700.0,1.0,10.5,74.8,3,-1.285014472324919,12,317,-0.7861862305709522,2678.0,honeybee,-0.19321739679063873,2678.0,1.2653514158267132,758.25,2,-0.4100740164276773,True
1859,1859,31712381500,honeybee,3.0,31703.0,1.0,7.6,66.1,3,-1.285014472324919,12,317,-0.30648214258149775,2442.0,honeybee,0.27719018927001393,2442.0,1.0832362445417605,758.25,2,-0.4100740164276773,True
1860,1860,31712381500,honeybee,5.0,31705.0,1.0,1.9,63.9,3,-1.285014472324919,12,317,0.17322194540795668,152.0,honeybee,-0.11211264057328484,152.0,-0.6838982564859584,758.25,4,-0.4100740164276773,False
1863,1863,31712574000,honeybee,5.0,31705.0,1.0,6.5,101.7,3,-0.99961584438648,12,317,-0.7861862305709522,1165.0,honeybee,-0.5500783241469959,1165.0,0.09780796602106312,777.6666666666666,5,-1.1170070072329525,True
1866,1866,31713022200,honeybee,9.0,31709.0,1.0,7.3,181.5,3,-0.930532228009965,13,317,-0.7861862305709522,1592.0,honeybee,-0.37164786046881726,1592.0,0.4273129581340919,782.3666666666667,7,-0.7635405118303149,True
1867,1867,31713022200,honeybee,3.0,31703.0,1.0,5.1,77.7,3,-0.930532228009965,13,317,-0.30648214258149775,1447.0,honeybee,0.37451589673083857,1447.0,0.3154201622174896,782.3666666666667,3,-0.7635405118303149,True
1869,1869,31713303000,honeybee,9.0,31709.0,1.0,5.8,235.0,3,-0.5170104392030251,13,317,-0.7861862305709522,1688.0,honeybee,0.3258530430004262,1688.0,0.5013937057754285,810.5,8,-0.7635405118303149,True
1870,1870,31713303000,honeybee,8.0,31708.0,1.0,4.2,107.5,3,-0.5170104392030251,13,317,-0.30648214258149775,4356.0,honeybee,-0.27432215300799256,4356.0,2.5602211506409103,810.5,3,-0.7635405118303149,True
1871,1871,31713303010,honeybee,9.0,31709.0,1.0,2.8,151.3,3,-0.5170104392030251,13,317,-0.7861862305709522,0.0,honeybee,0.08253877434836455,0.0,-0.8011927735847415,810.5,9,1.003791965182873,True
1872,1872,31713303010,honeybee,8.0,31708.0,1.0,7.5,91.9,3,-0.5170104392030251,13,317,-0.30648214258149775,0.0,honeybee,-0.17699644554716787,0.0,-0.8011927735847415,810.5,4,1.003791965182873,True
1873,1873,31713303010,honeybee,6.0,31706.0,1.0,0.3,26.2,3,-0.5170104392030251,13,317,0.17322194540795668,4356.0,honeybee,-0.8096135440425283,4356.0,2.5602211506409103,810.5,8,1.003791965182873,False
1874,1874,31713303010,honeybee,7.0,31707.0,1.0,9.6,53.1,3,-0.5170104392030251,13,317,0.6529260333974111,4356.0,honeybee,0.05009687186142296,4356.0,2.5602211506409103,810.5,6,1.003791965182873,True
1877,1877,31713303010,honeybee,5.0,31705.0,1.0,4.8,48.4,3,-0.5170104392030251,13,317,2.0920382973657743,1970.0,honeybee,0.19608543305266002,1970.0,0.7190059019718552,810.5,6,1.003791965182873,True
1879,1879,31713312800,honeybee,0.0,31700.0,1.0,5.6,73.6,3,-0.5028017521468625,13,317,-0.7861862305709522,3193.0,honeybee,0.8449234827914912,3193.0,1.6627637599443008,811.4666666666667,3,-1.1170070072329525,True
1881,1881,31713313700,honeybee,0.0,31700.0,1.0,0.3,55.4,3,-0.5005969558795269,13,317,-0.7861862305709522,9.0,honeybee,0.05009687186142296,9.0,-0.7942477034933663,811.6166666666667,4,-1.1170070072329525,False
1883,1883,31713362300,honeybee,9.0,31709.0,1.0,2.1,45.8,3,-0.430533430050863,13,317,-0.7861862305709522,353.0,honeybee,-0.4040897629557588,353.0,-0.5287916911119097,816.3833333333333,10,-1.1170070072329525,False
1884,1884,31713362700,honeybee,0.0,31700.0,1.0,5.6,88.4,3,-0.4295535205987138,13,317,-0.7861862305709522,290.0,honeybee,-0.8096135440425283,290.0,-0.5774071817515369,816.45,5,-1.1170070072329525,True
1885,1885,31713404900,honeybee,9.0,31709.0,1.0,4.1,67.7,3,-0.3653694514829447,13,317,-0.7861862305709522,266.0,honeybee,-0.5176364216600542,266.0,-0.595927368661871,820.8166666666667,11,-0.4100740164276773,True
1886,1886,31713404900,honeybee,8.0,31708.0,1.0,1.0,27.5,3,-0.3653694514829447,13,317,-0.30648214258149775,619.0,honeybee,0.35829494548736784,619.0,-0.32352628618903934,820.8166666666667,5,-0.4100740164276773,False
1887,1887,31713404900,honeybee,7.0,31707.0,1.0,2.6,43.6,3,-0.3653694514829447,13,317,0.17322194540795668,619.0,honeybee,0.6989349216002542,619.0,-0.32352628618903934,820.8166666666667,7,-0.4100740164276773,True
1888,1888,31713405800,honeybee,0.0,31700.0,1.0,3.8,47.8,3,-0.3631646552156091,13,317,-0.7861862305709522,271.0,honeybee,0.05009687186142296,271.0,-0.5920689963888849,820.9666666666667,6,-1.1170070072329525,True
1889,1889,31713443800,honeybee,9.0,31709.0,1.0,1.1,27.4,3,-0.30926963534740604,13,317,-0.7861862305709522,229.0,honeybee,-0.19321739679063873,229.0,-0.6244793234819696,824.6333333333333,12,1.003791965182873,False
1890,1890,31713443800,honeybee,7.0,31707.0,1.0,0.8,11.9,3,-0.30926963534740604,13,317,-0.30648214258149775,229.0,honeybee,-0.43653166544270033,229.0,-0.6244793234819696,824.6333333333333,8,1.003791965182873,False
1892,1892,31713443800,honeybee,7.0,31707.0,2.0,1.5,10.9,3,-0.30926963534740604,13,317,0.6529260333974111,0.0,honeybee,-0.7285087878251744,0.0,-0.8011927735847415,824.6333333333333,9,1.003791965182873,False
1894,1894,31713443800,honeybee,3.0,31703.0,1.0,5.5,70.2,3,-0.30926963534740604,13,317,1.61233420937632,2536.0,honeybee,-0.031007884355930933,2536.0,1.1557736432739025,824.6333333333333,4,1.003791965182873,True
1895,1895,31713443800,honeybee,2.0,31702.0,1.0,0.3,8.7,3,-0.30926963534740604,13,317,2.0920382973657743,6425.0,honeybee,-0.8096135440425283,6425.0,4.156815597202636,824.6333333333333,2,1.003791965182873,False
1896,1896,31713445000,honeybee,5.0,31705.0,1.0,4.0,73.0,3,-0.3063299069909586,13,317,-0.7861862305709522,860.0,honeybee,-0.07967073808634324,860.0,-0.13755274263110032,824.8333333333334,7,-1.1170070072329525,True
1897,1897,31713510200,honeybee,5.0,31705.0,1.0,0.5,12.7,3,-0.21519832794108795,13,317,-0.7861862305709522,372.0,honeybee,-0.20943834803410946,372.0,-0.5141298764745619,831.0333333333333,8,-0.7635405118303149,False
1898,1898,31713510200,honeybee,0.0,31700.0,1.0,5.0,54.4,3,-0.21519832794108795,13,317,-0.30648214258149775,604.0,honeybee,-0.24188025052105103,604.0,-0.3351014030079982,831.0333333333333,7,-0.7635405118303149,True
1899,1899,31713555200,honeybee,9.0,31709.0,1.0,0.3,42.6,3,-0.1441548926602748,13,317,-0.7861862305709522,674.0,honeybee,-0.6798459340947619,674.0,-0.2810841911861902,835.8666666666667,13,-0.4100740164276773,False
1900,1900,31713555200,honeybee,6.0,31706.0,1.0,1.3,16.2,3,-0.1441548926602748,13,317,-0.30648214258149775,1522.0,honeybee,-0.8096135440425283,1522.0,0.3732957463122839,835.8666666666667,9,-0.4100740164276773,False
1901,1901,31713555200,honeybee,7.0,31707.0,1.0,1.6,36.0,3,-0.1441548926602748,13,317,0.17322194540795668,674.0,honeybee,-0.6149621291208789,674.0,-0.2810841911861902,835.8666666666667,10,-0.4100740164276773,False
1902,1902,31714144200,honeybee,5.0,31705.0,1.0,2.8,32.8,3,0.13266952757185918,14,317,-0.7861862305709522,1420.0,honeybee,-0.7771716415555867,1420.0,0.2945849519433637,854.7,9,-1.1170070072329525,True
1903,1903,31714302100,honeybee,0.0,31700.0,1.0,6.3,66.0,3,0.3627032714638714,14,317,-0.7861862305709522,2359.0,honeybee,-0.04722883559940166,2359.0,1.0191872648101883,870.35,8,-1.1170070072329525,True
1908,1908,31714305200,honeybee,9.0,31709.0,1.0,7.0,133.3,3,0.37029756971802724,14,317,0.6529260333974111,2100.0,honeybee,-0.8096135440425283,2100.0,0.8193235810694984,870.8666666666667,14,-0.05660752102503974,True
1909,1909,31714310600,honeybee,5.0,31705.0,1.0,2.1,33.0,3,0.3737272528005493,14,317,-0.7861862305709522,984.0,honeybee,-0.4040897629557588,984.0,-0.04186511026104053,871.1,10,-0.7635405118303149,False
1910,1910,31714310600,honeybee,3.0,31703.0,1.0,5.1,89.6,3,0.3737272528005493,14,317,-0.30648214258149775,2788.0,honeybee,0.03387592061795224,2788.0,1.3502356058324114,871.1,5,-0.7635405118303149,True
1911,1911,31714311900,honeybee,0.0,31700.0,1.0,1.8,43.4,3,0.376911958520034,14,317,-0.7861862305709522,58.0,honeybee,0.16364353056571845,58.0,-0.7564356552181006,871.3166666666667,9,-1.1170070072329525,False
1914,1914,31714331200,honeybee,5.0,31705.0,1.0,3.6,80.1,3,0.4045944005432474,14,317,-0.7861862305709522,126.0,honeybee,-0.5176364216600542,126.0,-0.703961792305487,873.2,11,5.245389910014524,True
1915,1915,31714331200,honeybee,8.0,31708.0,1.0,4.9,153.0,3,0.4045944005432474,14,317,-0.30648214258149775,3143.0,honeybee,-0.6960668853382328,3143.0,1.6241800372144375,873.2,6,5.245389910014524,True
1916,1916,31714331200,honeybee,9.0,31709.0,1.0,3.9,216.8,3,0.4045944005432474,14,317,0.17322194540795668,140.0,honeybee,0.27719018927001393,140.0,-0.6931583499411255,873.2,15,5.245389910014524,True
1918,1918,31714331200,honeybee,6.0,31706.0,1.0,0.6,31.8,3,0.4045944005432474,14,317,1.1326301213868655,2240.0,honeybee,-0.6474040316078206,2240.0,0.9273580047131146,873.2,10,5.245389910014524,False
1920,1920,31714331200,honeybee,6.0,31706.0,2.0,0.5,7.6,3,0.4045944005432474,14,317,2.0920382973657743,0.0,honeybee,-0.760950690312116,0.0,-0.8011927735847415,873.2,11,5.245389910014524,False
1922,1922,31714331200,honeybee,6.0,31706.0,3.0,0.4,9.6,3,0.4045944005432474,14,317,3.0514464733446833,0.0,honeybee,-0.7771716415555867,0.0,-0.8011927735847415,873.2,12,5.245389910014524,False
1925,1925,31714331200,honeybee,7.0,31707.0,4.0,0.3,3.5,3,0.4045944005432474,14,317,4.490558737313046,2240.0,honeybee,-0.5987411778774081,2240.0,0.9273580047131146,873.2,11,5.245389910014524,False
1927,1927,31714331200,honeybee,7.0,31707.0,5.0,4.3,34.0,3,0.4045944005432474,14,317,5.449966913291956,0.0,honeybee,-0.8096135440425283,0.0,-0.8011927735847415,873.2,12,5.245389910014524,True
1929,1929,31714331200,honeybee,8.0,31708.0,3.0,1.0,38.2,3,0.4045944005432474,14,317,6.409375089270864,0.0,honeybee,-0.06344978684287238,0.0,-0.8011927735847415,873.2,7,5.245389910014524,False
1931,1931,31714331200,honeybee,3.0,31703.0,1.0,1.6,48.7,3,0.4045944005432474,14,317,7.368783265249773,126.0,honeybee,-0.031007884355930933,126.0,-0.703961792305487,873.2,6,5.245389910014524,False
1932,1932,31714331200,honeybee,0.0,31700.0,1.0,1.9,152.6,3,0.4045944005432474,14,317,7.848487353239228,113.0,honeybee,-0.5662992753904666,113.0,-0.7139935602152514,873.2,10,5.245389910014524,False
1934,1934,31714375800,honeybee,9.0,31709.0,1.0,1.1,21.6,3,0.4746579263719114,14,317,-0.7861862305709522,286.0,honeybee,-0.22565929927758024,286.0,-0.5804938795699259,877.9666666666667,16,-1.1170070072329525,False
1935,1935,31714390200,honeybee,6.0,31706.0,1.0,2.0,21.1,3,0.4903364776062977,14,317,-0.7861862305709522,350.0,honeybee,-0.7933925927990575,350.0,-0.5311067144757016,879.0333333333333,13,-1.1170070072329525,False
1937,1937,31714393900,honeybee,9.0,31709.0,1.0,0.2,34.6,3,0.49940064003867735,14,317,-0.7861862305709522,101.0,honeybee,-0.6798459340947619,101.0,-0.7232536536704185,879.65,17,-0.7635405118303149,False
1938,1938,31714393900,honeybee,5.0,31705.0,1.0,1.1,36.9,3,0.49940064003867735,14,317,-0.30648214258149775,387.0,honeybee,-0.27432215300799256,387.0,-0.502554759655603,879.65,12,-0.7635405118303149,False
1940,1940,31714452800,honeybee,9.0,31709.0,1.0,5.3,117.7,3,0.5848977397386904,14,317,-0.7861862305709522,349.0,honeybee,-0.8258344952859991,349.0,-0.5318783889302987,885.4666666666667,18,-0.05660752102503974,True
1942,1942,31714452800,honeybee,7.0,31707.0,1.0,4.8,39.9,3,0.5848977397386904,14,317,0.17322194540795668,736.0,honeybee,-0.16077549430369714,736.0,-0.23324037500116018,885.4666666666667,13,-0.05660752102503974,True
1943,1943,31714452800,honeybee,3.0,31703.0,1.0,3.5,50.2,3,0.5848977397386904,14,317,0.6529260333974111,736.0,honeybee,-0.5987411778774081,736.0,-0.23324037500116018,885.4666666666667,7,-0.05660752102503974,True
1948,1948,31715142400,honeybee,0.0,31700.0,1.0,8.1,66.3,3,1.0101784419714201,15,317,-0.7861862305709522,2472.0,honeybee,-0.5500783241469959,2472.0,1.1063864781796782,914.4,11,-0.4100740164276773,True
1950,1950,31715142400,honeybee,6.0,31706.0,1.0,4.5,20.1,3,1.0101784419714201,15,317,0.17322194540795668,2122.0,honeybee,-0.5338573729035251,2122.0,0.8363004190706381,914.4,14,-0.4100740164276773,True
1952,1952,31715144600,honeybee,6.0,31706.0,1.0,1.9,47.6,3,1.0155679439582403,15,317,-0.7861862305709522,22.0,honeybee,-0.12833359181675555,22.0,-0.7842159355836018,914.7666666666667,15,1.003791965182873,False
1954,1954,31715144600,honeybee,6.0,31706.0,2.0,0.3,1.3,3,1.0155679439582403,15,317,0.17322194540795668,0.0,honeybee,-0.5500783241469959,0.0,-0.8011927735847415,914.7666666666667,16,1.003791965182873,False
1955,1955,31715144600,honeybee,7.0,31707.0,2.0,4.8,38.7,3,1.0155679439582403,15,317,0.6529260333974111,1758.0,honeybee,-0.07967073808634324,1758.0,0.5554109175972366,914.7666666666667,14,1.003791965182873,True
1957,1957,31715144600,honeybee,8.0,31708.0,1.0,4.8,63.4,3,1.0155679439582403,15,317,1.61233420937632,2494.0,honeybee,-0.6960668853382328,2494.0,1.1233633161808179,914.7666666666667,8,1.003791965182873,True
1958,1958,31715144600,honeybee,9.0,31709.0,1.0,6.0,327.0,3,1.0155679439582403,15,317,2.0920382973657743,1758.0,honeybee,0.0014340181310106524,1758.0,0.5554109175972366,914.7666666666667,19,1.003791965182873,True
1959,1959,31715202600,honeybee,9.0,31709.0,1.0,6.0,336.5,3,1.098860247390918,15,317,-0.7861862305709522,340.0,honeybee,0.11498067683530613,340.0,-0.538823459021674,920.4333333333333,20,-0.7635405118303149,True
1960,1960,31715202600,honeybee,6.0,31706.0,1.0,2.5,32.8,3,1.098860247390918,15,317,-0.30648214258149775,340.0,honeybee,-0.8096135440425283,340.0,-0.538823459021674,920.4333333333333,17,-0.7635405118303149,True
1961,1961,31715204200,honeybee,7.0,31707.0,1.0,0.8,32.2,3,1.1027798851995145,15,317,-0.7861862305709522,356.0,honeybee,-0.07967073808634324,356.0,-0.526476667748118,920.7,15,0.29685897437759784,False
1963,1963,31715204200,honeybee,7.0,31707.0,2.0,0.8,14.1,3,1.1027798851995145,15,317,0.17322194540795668,0.0,honeybee,-0.7285087878251744,0.0,-0.8011927735847415,920.7,16,0.29685897437759784,False
1965,1965,31715204200,honeybee,9.0,31709.0,1.0,1.6,90.8,3,1.1027798851995145,15,317,1.1326301213868655,16.0,honeybee,0.11498067683530613,16.0,-0.7888459823111854,920.7,21,0.29685897437759784,False
1966,1966,31715204700,honeybee,5.0,31705.0,1.0,6.1,117.6,3,1.1040047720147008,15,317,-0.7861862305709522,2468.0,honeybee,-0.6798459340947619,2468.0,1.1032997803612892,920.7833333333333,13,-0.4100740164276773,True
1967,1967,31715204700,honeybee,3.0,31703.0,1.0,6.8,73.6,3,1.1040047720147008,15,317,-0.30648214258149775,2119.0,honeybee,-0.29054310425146335,2119.0,0.8339853957068465,920.7833333333333,8,-0.4100740164276773,True
1968,1968,31715204700,honeybee,0.0,31700.0,1.0,4.8,56.6,3,1.1040047720147008,15,317,0.17322194540795668,383.0,honeybee,0.45562065294819243,383.0,-0.505641457473992,920.7833333333333,12,-0.4100740164276773,True
1969,1969,31715222200,honeybee,9.0,31709.0,1.0,3.3,76.1,3,1.1272776215032432,15,317,-0.7861862305709522,100.0,honeybee,-0.5987411778774081,100.0,-0.7240253281250157,922.3666666666667,22,-1.1170070072329525,True
1973,1973,31715225900,honeybee,3.0,31703.0,1.0,1.0,20.7,3,1.1363417839356227,15,317,-0.7861862305709522,132.0,honeybee,0.24474828678307234,132.0,-0.6993317455779036,922.9833333333333,9,-1.1170070072329525,False
1978,1978,31715380400,honeybee,5.0,31705.0,1.0,1.0,27.6,3,1.3580462974843672,15,317,-0.7861862305709522,1037.0,honeybee,0.13120162807877686,1037.0,-0.0009663641673857631,938.0666666666667,14,-0.7635405118303149,False
1979,1979,31715380400,honeybee,3.0,31703.0,1.0,6.5,81.2,3,1.3580462974843672,15,317,-0.30648214258149775,905.0,honeybee,-0.6960668853382328,905.0,-0.10282739217422375,938.0666666666667,10,-0.7635405118303149,True
1980,1980,31715401800,honeybee,5.0,31705.0,1.0,2.3,29.2,3,1.3908732641313637,15,317,-0.7861862305709522,134.0,honeybee,-0.6960668853382328,134.0,-0.697788396668709,940.3,15,-0.4100740164276773,False
1981,1981,31715401800,honeybee,8.0,31708.0,1.0,6.4,115.5,3,1.3908732641313637,15,317,-0.30648214258149775,1532.0,honeybee,-0.07967073808634324,1532.0,0.3810124908582565,940.3,9,-0.4100740164276773,True
1982,1982,31715401800,honeybee,9.0,31709.0,1.0,2.8,237.8,3,1.3908732641313637,15,317,0.17322194540795668,1076.0,honeybee,-0.3229850067384049,1076.0,0.029128939561907197,940.3,23,-0.4100740164276773,True
1983,1983,31715512300,honeybee,5.0,31705.0,1.0,1.1,35.5,3,1.5537832105511593,15,317,-0.7861862305709522,665.0,honeybee,-0.48519451917311274,665.0,-0.28802926127756545,951.3833333333333,16,-0.7635405118303149,False
1984,1984,31715512300,honeybee,3.0,31703.0,1.0,3.1,28.3,3,1.5537832105511593,15,317,-0.30648214258149775,799.0,honeybee,0.19608543305266002,799.0,-0.18462488436153304,951.3833333333333,11,-0.7635405118303149,True
1985,1985,31715530800,honeybee,9.0,31709.0,1.0,6.0,128.5,3,1.5795058336700745,15,317,-0.7861862305709522,770.0,honeybee,-0.4040897629557588,770.0,-0.20700344354485348,953.1333333333333,24,-0.7635405118303149,True
1986,1986,31715530800,honeybee,5.0,31705.0,1.0,3.5,74.9,3,1.5795058336700745,15,317,-0.30648214258149775,105.0,honeybee,-0.6798459340947619,105.0,-0.7201669558520295,953.1333333333333,17,-0.7635405118303149,True
1987,1987,31715582000,honeybee,1.0,31701.0,1.0,5.3,54.8,3,1.6559387709377078,15,317,-0.7861862305709522,14683.0,honeybee,-0.20943834803410946,14683.0,10.529303243266785,958.3333333333334,2,-0.7635405118303149,True
1988,1988,31715582000,honeybee,3.0,31703.0,1.0,6.3,69.1,3,1.6559387709377078,15,317,-0.30648214258149775,417.0,honeybee,-0.3554269092253464,417.0,-0.4794045260176853,958.3333333333334,12,-0.7635405118303149,True
2008,2008,40913341400,honeybee,5.0,40905.0,1.0,9.9,93.5,4,-0.46213550988267293,13,409,-0.7861862305709522,121.0,hoverfly,-0.7285087878251744,3222.0,-0.7078201645784734,814.2333333333333,3,-0.7635405118303149,True
2013,2013,40913345500,honeybee,0.0,40900.0,2.0,0.3,7.0,4,-0.45209143799814416,13,409,0.17322194540795668,0.0,honeybee,1.4126567763129683,0.0,-0.8011927735847415,814.9166666666666,2,1.7107249559881483,False
2015,2015,40913345500,honeybee,1.0,40901.0,1.0,9.1,164.9,4,-0.45209143799814416,13,409,1.1326301213868655,180.0,hoverfly,0.569167311652488,4318.0,-0.6622913717572352,814.9166666666666,3,1.7107249559881483,True
2017,2017,40913345500,honeybee,4.0,40904.0,1.0,11.8,101.9,4,-0.45209143799814416,13,409,2.0920382973657743,2860.0,honeybee,-0.27432215300799256,2860.0,1.4057961665634138,814.9166666666666,2,1.7107249559881483,True
2018,2018,40913345500,honeybee,5.0,40905.0,1.0,3.0,42.1,4,-0.45209143799814416,13,409,2.571742385355229,41.0,honeybee,0.7475977753306666,41.0,-0.769554120946254,814.9166666666666,4,1.7107249559881483,True
2019,2019,40913345500,honeybee,1.0,40901.0,2.0,0.5,29.2,4,-0.45209143799814416,13,409,3.0514464733446833,0.0,honeybee,0.6178301653829003,0.0,-0.8011927735847415,814.9166666666666,4,1.7107249559881483,False
2020,2020,40913362200,honeybee,0.0,40900.0,1.0,1.3,43.1,4,-0.4307784074139002,13,409,-0.7861862305709522,87.0,honeybee,-0.8096135440425283,87.0,-0.7340570960347801,816.3666666666667,3,-0.7635405118303149,False
2021,2021,40913362200,honeybee,5.0,40905.0,1.0,1.8,63.7,4,-0.4307784074139002,13,409,-0.30648214258149775,87.0,honeybee,-0.37164786046881726,87.0,-0.7340570960347801,816.3666666666667,5,-0.7635405118303149,False
2022,2022,40913375700,honeybee,1.0,40901.0,1.0,1.7,133.6,4,-0.407505557925358,13,409,-0.7861862305709522,182.0,honeybee,-0.7771716415555867,182.0,-0.6607480228480407,817.95,5,-1.1170070072329525,False
2023,2023,40913375900,honeybee,1.0,40901.0,1.0,3.3,62.1,4,-0.4070156031992834,13,409,-0.7861862305709522,2.0,honeybee,-0.5825202266339373,2.0,-0.7996494246755469,817.9833333333333,6,-0.7635405118303149,True
2024,2024,40913375900,honeybee,0.0,40900.0,1.0,7.1,112.7,4,-0.4070156031992834,13,409,-0.30648214258149775,97.0,honeybee,-0.6474040316078206,97.0,-0.7263403514888075,817.9833333333333,4,-0.7635405118303149,True
2025,2025,40913482900,honeybee,4.0,40904.0,1.0,8.3,103.9,4,-0.2526798644857928,13,409,-0.7861862305709522,814.0,honeybee,1.0557958489566115,814.0,-0.1730497675425742,828.4833333333333,3,-0.05660752102503974,True
2026,2026,40913482900,honeybee,5.0,40905.0,1.0,8.1,103.4,4,-0.2526798644857928,13,409,-0.30648214258149775,727.0,honeybee,-0.5662992753904666,727.0,-0.24018544509253553,828.4833333333333,6,-0.05660752102503974,True
2028,2028,40913482900,honeybee,1.0,40901.0,1.0,4.6,43.2,4,-0.2526798644857928,13,409,0.6529260333974111,630.0,honeybee,-0.3229850067384049,630.0,-0.3150378671884695,828.4833333333333,7,-0.05660752102503974,True
2029,2029,40913580800,honeybee,4.0,40904.0,1.0,4.5,59.9,4,-0.11083797128720381,13,409,-0.7861862305709522,579.0,honeybee,0.48806255543513416,579.0,-0.35439326437292956,838.1333333333333,4,-1.1170070072329525,True
2030,2030,40914003300,honeybee,4.0,40904.0,1.0,1.6,159.9,4,-0.07531625364679724,14,409,-0.7861862305709522,145.0,honeybee,-0.12833359181675555,145.0,-0.6892999776681392,840.55,5,-1.1170070072329525,False
2031,2031,40914020700,honeybee,4.0,40904.0,1.0,0.5,27.0,4,-0.05228838152129229,14,409,-0.7861862305709522,94.0,honeybee,-0.5987411778774081,94.0,-0.7286553748525993,842.1166666666667,6,-0.7635405118303149,False
2032,2032,40914020700,honeybee,5.0,40905.0,1.0,1.1,29.2,4,-0.05228838152129229,14,409,-0.30648214258149775,818.0,honeybee,0.45562065294819243,818.0,-0.16996306972418518,842.1166666666667,7,-0.7635405118303149,False
2033,2033,40914064400,honeybee,7.0,40907.0,1.0,1.6,16.7,4,0.015570348040036125,14,409,-0.7861862305709522,1909.0,honeybee,-0.031007884355930933,1909.0,0.6719337602414224,846.7333333333333,2,-0.4100740164276773,False
2035,2035,40914064400,honeybee,5.0,40905.0,1.0,1.8,110.7,4,0.015570348040036125,14,409,0.17322194540795668,277.0,honeybee,-0.6798459340947619,277.0,-0.5874389496613013,846.7333333333333,8,-0.4100740164276773,False
2036,2036,40914134400,honeybee,0.0,40900.0,1.0,1.7,62.3,4,0.11846084051569654,14,409,-0.7861862305709522,2145.0,honeybee,0.29341114051348466,2145.0,0.8540489315263751,853.7333333333333,5,-0.4100740164276773,False
2037,2037,40914134400,honeybee,2.0,40902.0,1.0,0.3,35.0,4,0.11846084051569654,14,409,-0.30648214258149775,2370.0,honeybee,4.008008975268293,2370.0,1.027675683810758,853.7333333333333,3,-0.4100740164276773,False
2038,2038,40914134400,honeybee,1.0,40901.0,1.0,7.4,174.1,4,0.11846084051569654,14,409,0.17322194540795668,1515.0,honeybee,-0.11211264057328484,1515.0,0.36789402513010305,853.7333333333333,8,-0.4100740164276773,True
2041,2041,40914262600,honeybee,0.0,40900.0,1.0,0.3,21.7,4,0.305133591150109,14,409,-0.7861862305709522,762.0,honeybee,-0.5825202266339373,762.0,-0.21317683918163158,866.4333333333333,6,-0.7635405118303149,False
2042,2042,40914262600,honeybee,1.0,40901.0,1.0,6.4,174.1,4,0.305133591150109,14,409,-0.30648214258149775,762.0,honeybee,0.3420739942438971,762.0,-0.21317683918163158,866.4333333333333,9,-0.7635405118303149,True
2044,2044,40914281200,honeybee,2.0,40902.0,1.0,0.3,22.6,4,0.33110119163206136,14,409,-0.7861862305709522,868.0,honeybee,-0.8096135440425283,868.0,-0.1313793469943223,868.2,4,-1.1170070072329525,False
2047,2047,40914332200,honeybee,1.0,40901.0,1.0,1.1,27.8,4,0.40704417417362027,14,409,-0.7861862305709522,416.0,honeybee,0.17986448180918932,416.0,-0.4801762004722825,873.3666666666667,10,-1.1170070072329525,False
2048,2048,40914454800,honeybee,4.0,40904.0,1.0,9.8,95.6,4,0.5897972869994361,14,409,-0.7861862305709522,2621.0,honeybee,-0.7771716415555867,2621.0,1.2213659719146692,885.8,7,-0.4100740164276773,True
2049,2049,40914454800,honeybee,2.0,40902.0,1.0,13.0,122.2,4,0.5897972869994361,14,409,-0.30648214258149775,1056.0,honeybee,-0.8096135440425283,1056.0,0.01369545046996211,885.8,5,-0.4100740164276773,True
2050,2050,40914454800,honeybee,0.0,40900.0,1.0,16.6,130.2,4,0.5897972869994361,14,409,0.17322194540795668,1162.0,honeybee,-0.8096135440425283,1162.0,0.09549294265727132,885.8,7,-0.4100740164276773,True
2053,2053,40914543800,honeybee,7.0,40907.0,1.0,4.6,56.9,4,0.7196352894091981,14,409,-0.30648214258149775,2874.0,honeybee,-0.5987411778774081,2874.0,1.4165996089277755,894.6333333333333,3,-0.05660752102503974,True
2054,2054,40914543800,honeybee,0.0,40900.0,2.0,0.8,19.2,4,0.7196352894091981,14,409,0.17322194540795668,530.0,honeybee,1.8344015086432088,530.0,-0.3922053126481952,894.6333333333333,8,-0.05660752102503974,False
2055,2055,40914543800,honeybee,2.0,40902.0,1.0,2.0,54.2,4,0.7196352894091981,14,409,0.6529260333974111,530.0,honeybee,1.2504472638782607,530.0,-0.3922053126481952,894.6333333333333,6,-0.05660752102503974,False
2056,2056,40914545100,honeybee,5.0,40905.0,1.0,5.9,74.5,4,0.7228199951286828,14,409,-0.7861862305709522,2887.0,honeybee,-0.5662992753904666,2887.0,1.4266313768375398,894.85,9,-1.1170070072329525,True
2058,2058,40914564300,honeybee,1.0,40901.0,1.0,2.1,112.8,4,0.7502574597888589,14,409,-0.7861862305709522,1401.0,honeybee,-0.6798459340947619,1401.0,0.2799231373060158,896.7166666666667,11,-0.7635405118303149,False
2059,2059,40914564300,honeybee,4.0,40904.0,1.0,3.5,178.0,4,0.7502574597888589,14,409,-0.30648214258149775,655.0,honeybee,0.7313768240871958,655.0,-0.2957460058235381,896.7166666666667,8,-0.7635405118303149,True
2060,2060,40915181100,honeybee,1.0,40901.0,1.0,6.3,80.4,4,1.0657883033808841,15,409,-0.7861862305709522,1288.0,honeybee,-0.5176364216600542,1288.0,0.19272392393652563,918.1833333333333,12,-0.7635405118303149,True
2061,2061,40915181100,honeybee,2.0,40902.0,1.0,1.5,20.2,4,1.0657883033808841,15,409,-0.30648214258149775,1413.0,honeybee,-0.5338573729035251,1413.0,0.28918323076118285,918.1833333333333,7,-0.7635405118303149,False
2063,2063,40915264300,honeybee,7.0,40907.0,1.0,0.3,30.8,4,1.191216713255975,15,409,-0.7861862305709522,1925.0,honeybee,-0.11211264057328484,1925.0,0.6842805515149786,926.7166666666667,4,-0.05660752102503974,False
2064,2064,40915264300,honeybee,0.0,40900.0,1.0,6.3,46.6,4,1.191216713255975,15,409,-0.30648214258149775,1925.0,honeybee,-0.7285087878251744,1925.0,0.6842805515149786,926.7166666666667,9,-0.05660752102503974,True
2065,2065,40915264300,honeybee,2.0,40902.0,1.0,0.5,34.9,4,1.191216713255975,15,409,0.17322194540795668,512.0,honeybee,-0.6149621291208789,512.0,-0.40609545283094584,926.7166666666667,8,-0.05660752102503974,False
2066,2066,40915264300,honeybee,4.0,40904.0,1.0,3.3,62.4,4,1.191216713255975,15,409,0.6529260333974111,1800.0,honeybee,-0.29054310425146335,1800.0,0.5878212446903214,926.7166666666667,9,-0.05660752102503974,True
2068,2068,40915343400,honeybee,1.0,40901.0,1.0,3.3,101.7,4,1.306601051246537,15,409,-0.7861862305709522,983.0,honeybee,0.16364353056571845,983.0,-0.04263678471563775,934.5666666666667,13,-0.7635405118303149,True
2069,2069,40915343400,honeybee,0.0,40900.0,1.0,3.3,97.1,4,1.306601051246537,15,409,-0.30648214258149775,471.0,honeybee,0.16364353056571845,471.0,-0.43773410546943337,934.5666666666667,10,-0.7635405118303149,True
2070,2070,40915565000,honeybee,5.0,40905.0,1.0,12.6,115.9,4,1.633890808264352,15,409,-0.7861862305709522,3719.0,honeybee,0.09875972559183542,3719.0,2.068664523062458,956.8333333333334,10,-0.05660752102503974,True
2071,2071,40915565000,honeybee,1.0,40901.0,1.0,3.6,200.6,4,1.633890808264352,15,409,-0.30648214258149775,1336.0,honeybee,-0.3229850067384049,1336.0,0.229764297757194,956.8333333333334,14,-0.05660752102503974,True
2072,2072,40915565000,honeybee,0.0,40900.0,1.0,6.1,85.3,4,1.633890808264352,15,409,0.17322194540795668,1336.0,honeybee,-0.3229850067384049,1336.0,0.229764297757194,956.8333333333334,11,-0.05660752102503974,True
2073,2073,40915565000,honeybee,7.0,40907.0,1.0,2.7,35.9,4,1.633890808264352,15,409,0.6529260333974111,1807.0,honeybee,-0.8096135440425283,1807.0,0.5932229658725021,956.8333333333334,5,-0.05660752102503974,True
2076,2076,40916051600,honeybee,2.0,40902.0,1.0,9.1,164.4,4,1.7578493539612192,16,409,-0.7861862305709522,2313.0,honeybee,-0.7771716415555867,2313.0,0.9836902398987141,965.2666666666667,9,-0.7635405118303149,True
2077,2077,40916051600,honeybee,3.0,40903.0,1.0,12.5,128.6,4,1.7578493539612192,16,409,-0.30648214258149775,9021.0,honeybee,-0.7933925927990575,9021.0,6.160082481337115,965.2666666666667,2,-0.7635405118303149,True
2088,2088,41012163300,honeybee,3.0,41003.0,1.0,6.6,65.0,4,-1.6039749989994663,12,410,-0.7861862305709522,312.0,honeybee,1.591087239991147,312.0,-0.5604303437503972,736.55,2,-0.7635405118303149,True
2090,2090,41012320600,honeybee,7.0,41007.0,1.0,10.3,110.8,4,-1.3754111192856777,12,410,-0.7861862305709522,1245.0,honeybee,0.7962606290610788,1245.0,0.15954192238884365,752.1,2,-0.05660752102503974,True
2091,2091,41012320600,honeybee,3.0,41003.0,1.0,4.8,87.1,4,-1.3754111192856777,12,410,-0.30648214258149775,933.0,honeybee,0.21230638429613075,933.0,-0.08122050744550055,752.1,3,-0.05660752102503974,True
2093,2093,41012320600,honeybee,0.0,41000.0,1.0,9.3,94.8,4,-1.3754111192856777,12,410,0.6529260333974111,1245.0,honeybee,-0.5176364216600542,1245.0,0.15954192238884365,752.1,2,-0.05660752102503974,True
2094,2094,41012324900,honeybee,3.0,41003.0,1.0,0.5,35.7,4,-1.3648770926750744,12,410,-0.7861862305709522,43.0,honeybee,-0.07967073808634324,43.0,-0.7680107720370595,752.8166666666667,4,-1.1170070072329525,False
2095,2095,41012360600,honeybee,7.0,41007.0,1.0,0.8,28.3,4,-1.316616552156729,12,410,-0.7861862305709522,240.0,honeybee,0.8124815803045498,240.0,-0.6159909044813998,756.1,3,-1.1170070072329525,False
2097,2097,41012483600,honeybee,2.0,41002.0,1.0,7.5,200.2,4,-1.1328835298787638,12,410,-0.7861862305709522,990.0,honeybee,1.2180053613913193,990.0,-0.03723506353345692,768.6,2,-0.7635405118303149,True
2098,2098,41012483600,honeybee,0.0,41000.0,1.0,1.0,45.2,4,-1.1328835298787638,12,410,-0.30648214258149775,990.0,honeybee,0.6502720678698419,990.0,-0.03723506353345692,768.6,3,-0.7635405118303149,False
2099,2099,41012510200,honeybee,2.0,41002.0,1.0,3.1,77.9,4,-1.09711683487532,12,410,-0.7861862305709522,146.0,honeybee,0.35829494548736784,146.0,-0.688528303213542,771.0333333333333,3,-1.1170070072329525,True
2101,2101,41013054000,honeybee,3.0,41003.0,1.0,13.3,135.3,4,-0.8820267101285824,13,410,-0.30648214258149775,1971.0,honeybee,-0.7771716415555867,1971.0,0.7197775764264523,785.6666666666666,5,0.29685897437759784,True
2102,2102,41013054000,honeybee,1.0,41001.0,1.0,0.3,28.4,4,-0.8820267101285824,13,410,0.17322194540795668,2947.0,honeybee,-0.8096135440425283,2947.0,1.4729318441133752,785.6666666666666,2,0.29685897437759784,False
2104,2104,41013054000,honeybee,0.0,41000.0,1.0,3.5,105.3,4,-0.8820267101285824,13,410,1.1326301213868655,1024.0,honeybee,-0.6960668853382328,1024.0,-0.010998132077150193,785.6666666666666,4,0.29685897437759784,True
2107,2107,41013260300,honeybee,1.0,41001.0,1.0,1.0,63.1,4,-0.5824193951339807,13,410,-0.7861862305709522,1223.0,honeybee,-0.8096135440425283,1223.0,0.14256508438770396,806.05,3,-0.4100740164276773,False
2108,2108,41013260300,honeybee,3.0,41003.0,1.0,8.4,143.7,4,-0.5824193951339807,13,410,-0.30648214258149775,1223.0,honeybee,1.299110117608673,1223.0,0.14256508438770396,806.05,6,-0.4100740164276773,True
2109,2109,41013260300,honeybee,5.0,41005.0,1.0,0.6,37.6,4,-0.5824193951339807,13,410,0.17322194540795668,4482.0,honeybee,-0.6798459340947619,4482.0,2.657452131920165,806.05,2,-0.4100740164276773,False
2112,2112,41013344200,honeybee,9.0,41009.0,1.0,0.6,51.6,4,-0.4552761437176289,13,410,-0.7861862305709522,1742.0,honeybee,0.3907368479743094,1742.0,0.5430641263236805,814.7,2,0.6503254697802354,False
2113,2113,41013344200,honeybee,0.0,41000.0,1.0,5.0,79.9,4,-0.4552761437176289,13,410,-0.30648214258149775,1742.0,honeybee,-0.29054310425146335,1742.0,0.5430641263236805,814.7,5,0.6503254697802354,True
2114,2114,41013344200,honeybee,2.0,41002.0,1.0,8.0,102.5,4,-0.4552761437176289,13,410,0.17322194540795668,2620.0,honeybee,-0.3554269092253464,2620.0,1.220594297460072,814.7,4,0.6503254697802354,True
2115,2115,41013344200,honeybee,3.0,41003.0,1.0,0.5,34.4,4,-0.4552761437176289,13,410,0.6529260333974111,210.0,moth,-0.5825202266339373,519.0,-0.6391411381193175,814.7,8,0.6503254697802354,False
2116,2116,41013344200,honeybee,6.0,41006.0,1.0,7.1,96.9,4,-0.4552761437176289,13,410,1.1326301213868655,5001.0,honeybee,0.19608543305266002,5001.0,3.057951173856141,814.7,2,0.6503254697802354,True
2117,2117,41013344200,honeybee,7.0,41007.0,1.0,10.0,140.8,4,-0.4552761437176289,13,410,1.61233420937632,3516.0,honeybee,-0.7285087878251744,3516.0,1.9120146087792145,814.7,4,0.6503254697802354,True
2118,2118,41013351700,honeybee,2.0,41002.0,1.0,3.2,49.7,4,-0.44670193601132385,13,410,-0.7861862305709522,35.0,honeybee,0.4393997017047217,35.0,-0.7741841676738376,815.2833333333333,5,-1.1170070072329525,True
2119,2119,41013383200,honeybee,2.0,41002.0,1.0,3.8,55.0,4,-0.39893135021905296,13,410,-0.7861862305709522,195.0,honeybee,-0.33920595798187564,195.0,-0.6507162549382763,818.5333333333333,6,-0.4100740164276773,True
2120,2120,41013383200,honeybee,0.0,41000.0,1.0,10.1,124.7,4,-0.39893135021905296,13,410,-0.30648214258149775,230.0,honeybee,-0.04722883559940166,230.0,-0.6237076490273723,818.5333333333333,6,-0.4100740164276773,True
2121,2121,41013383200,honeybee,9.0,41009.0,1.0,15.6,50.4,4,-0.39893135021905296,13,410,0.17322194540795668,230.0,honeybee,-0.760950690312116,230.0,-0.6237076490273723,818.5333333333333,3,-0.4100740164276773,True
2122,2122,41013594200,honeybee,3.0,41003.0,1.0,8.0,83.0,4,-0.08781009916169887,13,410,-0.7861862305709522,1500.0,honeybee,-0.7771716415555867,1500.0,0.3563189083111442,839.7,9,1.3572584605855107,True
2123,2123,41013594200,honeybee,1.0,41001.0,1.0,6.0,49.4,4,-0.08781009916169887,13,410,-0.30648214258149775,2019.0,honeybee,-0.6960668853382328,2019.0,0.7568179502471206,839.7,4,1.3572584605855107,True
2124,2124,41013594200,honeybee,9.0,41009.0,1.0,8.1,103.3,4,-0.08781009916169887,13,410,0.17322194540795668,1270.0,honeybee,1.672191996208501,1270.0,0.17883378375377512,839.7,4,1.3572584605855107,True
2125,2125,41013594200,honeybee,0.0,41000.0,1.0,3.8,46.0,4,-0.08781009916169887,13,410,0.6529260333974111,1270.0,honeybee,0.7800396778176081,1270.0,0.17883378375377512,839.7,7,1.3572584605855107,True
2126,2126,41013594200,honeybee,9.0,41009.0,2.0,16.6,43.1,4,-0.08781009916169887,13,410,1.1326301213868655,0.0,honeybee,0.45562065294819243,0.0,-0.8011927735847415,839.7,5,1.3572584605855107,True
2127,2127,41013594200,honeybee,2.0,41002.0,1.0,3.9,48.2,4,-0.08781009916169887,13,410,1.61233420937632,1270.0,honeybee,-0.24188025052105103,1270.0,0.17883378375377512,839.7,7,1.3572584605855107,True
2128,2128,41013594200,honeybee,0.0,41000.0,2.0,0.5,79.1,4,-0.08781009916169887,13,410,2.0920382973657743,0.0,honeybee,-0.24188025052105103,0.0,-0.8011927735847415,839.7,8,1.3572584605855107,False
2129,2129,41013594200,honeybee,9.0,41009.0,3.0,6.3,13.6,4,-0.08781009916169887,13,410,2.571742385355229,0.0,honeybee,1.8344015086432088,0.0,-0.8011927735847415,839.7,6,1.3572584605855107,True
2131,2131,41014005600,honeybee,2.0,41002.0,1.0,3.3,104.1,4,-0.06968177429693964,14,410,-0.7861862305709522,74.0,honeybee,-0.22565929927758024,74.0,-0.7440888639445444,840.9333333333333,8,-0.7635405118303149,True
2132,2132,41014005600,honeybee,0.0,41000.0,1.0,0.3,22.9,4,-0.06968177429693964,14,410,-0.30648214258149775,74.0,honeybee,-0.7771716415555867,74.0,-0.7440888639445444,840.9333333333333,9,-0.7635405118303149,False
2134,2134,41014072300,honeybee,1.0,41001.0,1.0,0.6,32.7,4,0.025124465198490306,14,410,-0.7861862305709522,461.0,honeybee,0.11498067683530613,461.0,-0.4454508500154059,847.3833333333333,5,-0.7635405118303149,False
2135,2135,41014072300,honeybee,3.0,41003.0,1.0,4.2,37.2,4,0.025124465198490306,14,410,-0.30648214258149775,461.0,honeybee,0.4393997017047217,461.0,-0.4454508500154059,847.3833333333333,10,-0.7635405118303149,True
2137,2137,41014120400,honeybee,9.0,41009.0,1.0,3.8,67.1,4,0.09396310421196787,14,410,-0.7861862305709522,742.0,honeybee,0.16364353056571845,742.0,-0.22861032827357666,852.0666666666667,7,-0.4100740164276773,True
2138,2138,41014120400,honeybee,0.0,41000.0,1.0,0.3,25.1,4,0.09396310421196787,14,410,-0.30648214258149775,668.0,honeybee,-0.8096135440425283,668.0,-0.28571423791377376,852.0666666666667,10,-0.4100740164276773,False
2139,2139,41014120400,honeybee,2.0,41002.0,1.0,4.1,70.5,4,0.09396310421196787,14,410,0.17322194540795668,668.0,honeybee,-0.3229850067384049,668.0,-0.28571423791377376,852.0666666666667,9,-0.4100740164276773,True
2140,2140,41014121800,honeybee,3.0,41003.0,1.0,3.0,47.7,4,0.09739278729448989,14,410,-0.7861862305709522,295.0,honeybee,-0.17699644554716787,295.0,-0.5735488094785506,852.3,11,-0.4100740164276773,True
2142,2142,41014121800,honeybee,7.0,41007.0,1.0,8.6,75.7,4,0.09739278729448989,14,410,0.17322194540795668,2256.0,honeybee,0.7638187265741373,2256.0,0.9397047959866707,852.3,5,-0.4100740164276773,True
2143,2143,41014274200,honeybee,5.0,41005.0,1.0,10.0,142.9,4,0.3237518707409428,14,410,-0.7861862305709522,3699.0,honeybee,-0.760950690312116,3699.0,2.0532310339705124,867.7,3,-0.7635405118303149,True
2144,2144,41014274200,honeybee,2.0,41002.0,1.0,8.0,114.7,4,0.3237518707409428,14,410,-0.30648214258149775,938.0,honeybee,-0.19321739679063873,938.0,-0.07736213517251432,867.7,10,-0.7635405118303149,True
2149,2149,41014315000,honeybee,2.0,41002.0,1.0,2.3,50.8,4,0.38450625677418987,14,410,-0.7861862305709522,114.0,moth,0.06631782310489383,248.0,-0.7132218857606542,871.8333333333334,12,-0.05660752102503974,False
2150,2150,41014315000,honeybee,0.0,41000.0,1.0,9.8,123.5,4,0.38450625677418987,14,410,-0.30648214258149775,1186.0,honeybee,-0.8096135440425283,1186.0,0.11401312956760543,871.8333333333334,11,-0.05660752102503974,True
2151,2151,41014315000,honeybee,9.0,41009.0,1.0,7.3,46.1,4,0.38450625677418987,14,410,0.17322194540795668,1186.0,honeybee,-0.24188025052105103,1186.0,0.11401312956760543,871.8333333333334,8,-0.05660752102503974,True
2152,2152,41014315000,honeybee,0.0,41000.0,2.0,0.3,25.3,4,0.38450625677418987,14,410,0.6529260333974111,0.0,honeybee,0.7313768240871958,0.0,-0.8011927735847415,871.8333333333334,12,-0.05660752102503974,False
2153,2153,41014322500,honeybee,3.0,41003.0,1.0,8.3,86.4,4,0.39308046448049494,14,410,-0.7861862305709522,1207.0,honeybee,-0.37164786046881726,1207.0,0.1302182931141479,872.4166666666666,12,-0.4100740164276773,True
2155,2155,41014322500,honeybee,8.0,41008.0,1.0,12.6,87.3,4,0.39308046448049494,14,410,0.17322194540795668,8464.0,honeybee,-0.8096135440425283,8464.0,5.730259810126443,872.4166666666666,2,-0.4100740164276773,True
2156,2156,41014463800,honeybee,2.0,41002.0,1.0,6.5,100.6,4,0.6020461551513004,14,410,-0.7861862305709522,888.0,honeybee,-0.48519451917311274,888.0,-0.11594585790237712,886.6333333333333,13,-0.7635405118303149,True
2157,2157,41014463800,honeybee,0.0,41000.0,1.0,9.3,103.8,4,0.6020461551513004,14,410,-0.30648214258149775,888.0,honeybee,-0.8096135440425283,888.0,-0.11594585790237712,886.6333333333333,13,-0.7635405118303149,True
2165,2165,41211131100,honeybee,3.0,41203.0,1.0,0.6,75.3,4,-2.5353789332672303,11,412,-0.30648214258149775,29.0,honeybee,0.03387592061795224,29.0,-0.778814214401421,673.1833333333333,2,-0.05660752102503974,False
2168,2168,41211133300,honeybee,4.0,41204.0,1.0,0.4,13.2,4,-2.52998943128041,11,412,-0.7861862305709522,51.0,honeybee,0.27719018927001393,51.0,-0.7618373764002813,673.55,2,-1.1170070072329525,False
2171,2171,41211314700,honeybee,3.0,41203.0,1.0,11.5,122.0,4,-2.261984196117618,11,412,-0.7861862305709522,1116.0,honeybee,-0.760950690312116,1116.0,0.05999591774579754,691.7833333333333,3,-0.4100740164276773,True
2172,2172,41211314700,honeybee,2.0,41202.0,1.0,4.8,58.1,4,-2.261984196117618,11,412,-0.30648214258149775,1116.0,honeybee,-0.29054310425146335,1116.0,0.05999591774579754,691.7833333333333,2,-0.4100740164276773,True
2173,2173,41211314700,honeybee,4.0,41204.0,1.0,9.1,111.8,4,-2.261984196117618,11,412,0.17322194540795668,1094.0,honeybee,-0.7933925927990575,1094.0,0.04301907974465786,691.7833333333333,3,-0.4100740164276773,True
2175,2175,41212114800,honeybee,1.0,41201.0,1.0,6.1,167.2,4,-1.673793547465093,12,412,-0.7861862305709522,3517.0,honeybee,-0.11211264057328484,3517.0,1.9127862832338116,731.8,2,-0.4100740164276773,True
2176,2176,41212114800,honeybee,2.0,41202.0,1.0,2.0,28.4,4,-1.673793547465093,12,412,-0.30648214258149775,2401.0,honeybee,-0.07967073808634324,2401.0,1.0515975919032727,731.8,3,-0.4100740164276773,False
2177,2177,41212114800,honeybee,3.0,41203.0,1.0,6.5,141.5,4,-1.673793547465093,12,412,0.17322194540795668,2401.0,honeybee,1.007132995226199,2401.0,1.0515975919032727,731.8,4,-0.4100740164276773,True
2178,2178,41212131300,honeybee,2.0,41202.0,1.0,2.0,76.0,4,-1.6529704716069236,12,412,-0.7861862305709522,85.0,honeybee,-0.5338573729035251,85.0,-0.7356004449439747,733.2166666666667,4,-1.1170070072329525,False
2181,2181,41212230500,honeybee,2.0,41202.0,1.0,7.3,113.5,4,-1.5079438726888499,12,412,-0.7861862305709522,592.0,honeybee,-0.5338573729035251,592.0,-0.3443614964631652,743.0833333333334,5,-0.7635405118303149,True
2182,2182,41212230500,honeybee,4.0,41204.0,1.0,11.7,88.1,4,-1.5079438726888499,12,412,-0.30648214258149775,3078.0,honeybee,0.6178301653829003,3078.0,1.574021197665616,743.0833333333334,4,-0.7635405118303149,True
2183,2183,41212234200,honeybee,5.0,41205.0,1.0,20.0,167.3,4,-1.4988797102564702,12,412,-0.7861862305709522,4260.0,honeybee,0.0014340181310106524,4260.0,2.486140402999574,743.7,2,-1.1170070072329525,True
2185,2185,41212283100,honeybee,5.0,41205.0,1.0,6.0,192.1,4,-1.4280812523386943,12,412,-0.7861862305709522,289.0,honeybee,2.385913850921215,289.0,-0.5781788562061342,748.5166666666667,3,-1.1170070072329525,True
2188,2188,41212373200,honeybee,4.0,41204.0,1.0,3.9,33.4,4,-1.2955484989355224,12,412,-0.30648214258149775,867.0,honeybee,1.0395748977131405,867.0,-0.13215102144891958,757.5333333333333,5,-0.7635405118303149,True
2189,2189,41212374200,honeybee,4.0,41204.0,1.0,6.7,124.4,4,-1.2930987253051494,12,412,-0.7861862305709522,10.0,honeybee,-0.22565929927758024,10.0,-0.7934760290387688,757.7,6,-0.7635405118303149,True
2190,2190,41212374200,honeybee,2.0,41202.0,1.0,1.1,35.0,4,-1.2930987253051494,12,412,-0.30648214258149775,877.0,honeybee,0.3258530430004262,877.0,-0.12443427690294696,757.7,6,-0.7635405118303149,False
2192,2192,41213163400,honeybee,5.0,41205.0,1.0,17.2,235.9,4,-0.7218115147021968,13,412,-0.7861862305709522,2883.0,honeybee,0.11498067683530613,2883.0,1.4235446790191506,796.5666666666667,4,-1.1170070072329525,True
2196,2196,41213554300,honeybee,2.0,41202.0,1.0,2.9,62.8,4,-0.1463596889276104,13,412,-0.7861862305709522,4681.0,honeybee,-0.6798459340947619,4681.0,2.8110153483850193,835.7166666666667,7,-0.7635405118303149,True
2197,2197,41213554300,honeybee,4.0,41204.0,1.0,6.0,79.2,4,-0.1463596889276104,13,412,-0.30648214258149775,4681.0,honeybee,0.2285273355396016,4681.0,2.8110153483850193,835.7166666666667,7,-0.7635405118303149,True
2198,2198,41214222800,honeybee,5.0,41205.0,1.0,7.0,73.1,4,0.24682897874723478,14,412,-0.7861862305709522,3954.0,honeybee,1.931727216104033,3954.0,2.2500080198928134,862.4666666666667,5,-1.1170070072329525,True
2199,2199,41214225000,honeybee,3.0,41203.0,1.0,3.6,75.9,4,0.25221848073405506,14,412,-0.7861862305709522,2479.0,hoverfly,-0.760950690312116,7862.0,1.111788199361859,862.8333333333334,6,-0.4100740164276773,True
2200,2200,41214225000,honeybee,2.0,41202.0,1.0,2.0,62.1,4,0.25221848073405506,14,412,-0.30648214258149775,1627.0,honeybee,-0.38786881171228804,1627.0,0.4543215640449959,862.8333333333334,8,-0.4100740164276773,False
2201,2201,41214225000,honeybee,4.0,41204.0,1.0,5.7,71.7,4,0.25221848073405506,14,412,0.17322194540795668,1627.0,honeybee,0.11498067683530613,1627.0,0.4543215640449959,862.8333333333334,8,-0.4100740164276773,True
2202,2202,41214245400,honeybee,0.0,41200.0,1.0,8.0,101.0,4,0.2825956737506786,14,412,-0.7861862305709522,11503.0,honeybee,0.6016092141394295,11503.0,8.075378477647508,864.9,2,-0.7635405118303149,True
2203,2203,41214245400,honeybee,4.0,41204.0,1.0,0.8,23.6,4,0.2825956737506786,14,412,-0.30648214258149775,124.0,honeybee,0.06631782310489383,124.0,-0.7055051412146816,864.9,9,-0.7635405118303149,False
2205,2205,41214403000,honeybee,3.0,41203.0,1.0,4.1,106.5,4,0.511894485553579,14,412,-0.7861862305709522,1060.0,honeybee,-0.27432215300799256,1060.0,0.016782148288351128,880.5,7,-0.4100740164276773,True
2206,2206,41214403000,honeybee,2.0,41202.0,1.0,1.3,30.3,4,0.511894485553579,14,412,-0.30648214258149775,1060.0,honeybee,-0.5338573729035251,1060.0,0.016782148288351128,880.5,9,-0.4100740164276773,False
2207,2207,41214403000,honeybee,4.0,41204.0,1.0,0.8,17.9,4,0.511894485553579,14,412,0.17322194540795668,936.0,honeybee,-0.7285087878251744,936.0,-0.07890548408170883,880.5,10,-0.4100740164276773,False
2209,2209,41214543900,honeybee,4.0,41204.0,1.0,3.0,40.0,4,0.7198802667722354,14,412,-0.7861862305709522,849.0,honeybee,-0.7285087878251744,849.0,-0.14604116163167016,894.65,11,-1.1170070072329525,True
2210,2210,41214594200,honeybee,5.0,41205.0,1.0,5.1,69.4,4,0.7941084077725332,14,412,-0.7861862305709522,2234.0,honeybee,0.27719018927001393,2234.0,0.922727957985531,899.7,6,-0.05660752102503974,True
2211,2211,41214594200,honeybee,3.0,41203.0,1.0,3.8,86.8,4,0.7941084077725332,14,412,-0.30648214258149775,1152.0,honeybee,-0.19321739679063873,1152.0,0.08777619811129869,899.7,8,-0.05660752102503974,True
2213,2213,41214594200,honeybee,0.0,41200.0,1.0,4.8,80.8,4,0.7941084077725332,14,412,0.6529260333974111,2088.0,honeybee,0.4393997017047217,2088.0,0.8100634876143312,899.7,3,-0.05660752102503974,True
2215,2215,41215084900,honeybee,5.0,41205.0,1.0,16.0,157.3,4,0.9281110253539291,15,412,-0.7861862305709522,547.0,honeybee,-0.031007884355930933,547.0,-0.3790868469200418,908.8166666666667,7,-1.1170070072329525,True
2217,2217,41215180200,honeybee,0.0,41200.0,1.0,4.5,108.1,4,1.0635835071135487,15,412,-0.7861862305709522,1100.0,honeybee,-0.07967073808634324,1100.0,0.0476491264722413,918.0333333333333,4,-1.1170070072329525,True
2220,2220,41215265100,honeybee,5.0,41205.0,1.0,1.1,54.0,4,1.1931765321602732,15,412,-0.30648214258149775,1082.0,honeybee,1.737075801182384,1082.0,0.033758986289490804,926.85,8,-0.7635405118303149,False
2221,2221,41215381400,honeybee,3.0,41203.0,1.0,5.5,66.0,4,1.36049607111474,15,412,-0.7861862305709522,2312.0,honeybee,-0.24188025052105103,2312.0,0.9829185654441169,938.2333333333333,9,-1.1170070072329525,True
2222,2222,41215500100,honeybee,0.0,41200.0,1.0,6.3,63.5,4,1.5336950667821019,15,412,-0.7861862305709522,1919.0,honeybee,-0.12833359181675555,1919.0,0.679650504787395,950.0166666666667,5,-1.1170070072329525,True
2224,2224,41215555800,honeybee,5.0,41205.0,1.0,7.0,71.0,4,1.6211519853864131,15,412,-0.7861862305709522,1747.0,honeybee,-0.6798459340947619,1747.0,0.5469224985966668,955.9666666666667,9,-1.1170070072329525,True
2225,2225,41215561100,honeybee,3.0,41203.0,1.0,5.5,81.6,4,1.6243366911058978,15,412,-0.7861862305709522,1077.0,honeybee,0.03387592061795224,1077.0,0.02990061401650441,956.1833333333333,10,-0.4100740164276773,True
2226,2226,41215561100,honeybee,2.0,41202.0,1.0,3.3,53.7,4,1.6243366911058978,15,412,-0.30648214258149775,4541.0,honeybee,-0.6474040316078206,4541.0,2.7029809247414036,956.1833333333333,10,-0.4100740164276773,True
2227,2227,41215561100,honeybee,0.0,41200.0,1.0,3.8,55.7,4,1.6243366911058978,15,412,0.17322194540795668,370.0,honeybee,0.16364353056571845,370.0,-0.5156732253837563,956.1833333333333,6,-0.4100740164276773,True
2228,2228,41215573200,honeybee,5.0,41205.0,1.0,0.3,4.9,4,1.6441798575119182,15,412,-0.7861862305709522,94.0,honeybee,0.27719018927001393,94.0,-0.7286553748525993,957.5333333333333,10,-1.1170070072329525,False
2241,2241,41513301800,honeybee,2.0,41502.0,1.0,8.6,58.9,4,-0.5199501675594725,13,415,-0.30648214258149775,2195.0,honeybee,0.16364353056571845,2195.0,0.8926326542562381,810.3,2,-0.05660752102503974,True
2243,2243,41513301800,honeybee,3.0,41503.0,1.0,6.3,69.8,4,-0.5199501675594725,13,415,0.6529260333974111,2217.0,honeybee,-0.3554269092253464,2217.0,0.9096094922573776,810.3,2,-0.05660752102503974,True
2256,2256,41515121000,honeybee,1.0,41501.0,1.0,15.0,143.0,4,0.9773514753244237,15,415,-0.7861862305709522,6112.0,honeybee,0.19608543305266002,6112.0,3.915281492913694,912.1666666666666,2,-0.7635405118303149,True
2257,2257,41515121000,honeybee,3.0,41503.0,1.0,13.3,187.4,4,0.9773514753244237,15,415,-0.30648214258149775,3818.0,hoverfly,1.4288777275564393,6112.0,2.145060294067586,912.1666666666666,4,-0.7635405118303149,True
2261,2261,41515205700,honeybee,0.0,41500.0,1.0,7.4,95.0,4,1.1064545456450738,15,415,-0.7861862305709522,400.0,hoverfly,0.17986448180918932,8856.0,-0.4925229917458386,920.95,5,-1.1170070072329525,True
2262,2262,41515381300,honeybee,2.0,41502.0,1.0,2.8,20.3,4,1.3602510937517027,15,415,-0.7861862305709522,7675.0,honeybee,0.5367254091655463,7675.0,5.1214086654492075,938.2166666666667,3,-1.1170070072329525,True
2264,2264,41515382700,honeybee,1.0,41501.0,1.0,4.0,38.9,4,1.3636807768342247,15,415,-0.30648214258149775,1577.0,honeybee,1.574866288747676,1577.0,0.4157378413151331,938.45,3,-0.4100740164276773,True
2265,2265,41515382700,honeybee,3.0,41503.0,1.0,1.8,80.7,4,1.3636807768342247,15,415,0.17322194540795668,1577.0,honeybee,1.299110117608673,1577.0,0.4157378413151331,938.45,5,-0.4100740164276773,False
2284,2284,41713410000,honeybee,7.0,41707.0,1.0,5.8,75.7,4,-0.36267470048953454,13,417,-0.7861862305709522,5399.0,hoverfly,-0.6960668853382328,,3.36507760678585,821.0,2,0.29685897437759784,True
2286,2286,41713410000,honeybee,4.0,41704.0,1.0,2.8,75.5,4,-0.36267470048953454,13,417,0.17322194540795668,1196.0,honeybee,0.29341114051348466,1196.0,0.12172987411357805,821.0,2,0.29685897437759784,True
2287,2287,41713410000,honeybee,2.0,41702.0,1.0,12.6,149.0,4,-0.36267470048953454,13,417,0.6529260333974111,5381.0,hoverfly,1.3315520200956144,,3.3511874666030996,821.0,2,0.29685897437759784,True
2294,2294,41714462700,honeybee,6.0,41706.0,1.0,6.0,59.5,4,0.5993514041578903,14,417,-0.7861862305709522,5123.0,honeybee,-0.3554269092253464,5123.0,3.152095457317007,886.45,2,1.003791965182873,True
2295,2295,41714462700,honeybee,7.0,41707.0,1.0,6.0,78.2,4,0.5993514041578903,14,417,-0.30648214258149775,3927.0,honeybee,0.08253877434836455,3927.0,2.2291728096186874,886.45,3,1.003791965182873,True
2296,2296,41714462700,honeybee,5.0,41705.0,1.0,9.3,96.0,4,0.5993514041578903,14,417,0.17322194540795668,3927.0,honeybee,0.19608543305266002,3927.0,2.2291728096186874,886.45,2,1.003791965182873,True
2297,2297,41714462700,honeybee,2.0,41702.0,1.0,11.6,131.3,4,0.5993514041578903,14,417,0.6529260333974111,3927.0,honeybee,1.1855634589043775,3927.0,2.2291728096186874,886.45,3,1.003791965182873,True
2298,2298,41714462700,honeybee,0.0,41700.0,1.0,10.3,87.7,4,0.5993514041578903,14,417,1.1326301213868655,5123.0,honeybee,0.13120162807877686,5123.0,3.152095457317007,886.45,2,1.003791965182873,True
2299,2299,41714462700,honeybee,3.0,41703.0,1.0,10.3,128.6,4,0.5993514041578903,14,417,1.61233420937632,5123.0,honeybee,0.19608543305266002,5123.0,3.152095457317007,886.45,2,1.003791965182873,True
2300,2300,41714462700,honeybee,2.0,41702.0,2.0,0.6,20.3,4,0.5993514041578903,14,417,2.0920382973657743,0.0,honeybee,1.0233539464696697,0.0,-0.8011927735847415,886.45,4,1.003791965182873,False
2306,2306,41715550900,honeybee,6.0,41706.0,1.0,3.6,74.6,4,1.609148094597586,15,417,-0.7861862305709522,4122.0,honeybee,0.11498067683530613,4122.0,2.3796493282651525,955.15,3,-1.1170070072329525,True
2308,2308,41716040100,honeybee,4.0,41704.0,1.0,7.6,69.5,4,1.7394760517334227,16,417,-0.30648214258149775,8581.0,honeybee,-0.4040897629557588,8581.0,5.820545721314323,964.0166666666667,3,0.29685897437759784,True
2309,2309,41716040100,honeybee,3.0,41703.0,1.0,7.6,63.6,4,1.7394760517334227,16,417,0.17322194540795668,4654.0,honeybee,0.8124815803045498,4654.0,2.7901801381108933,964.0166666666667,3,0.29685897437759784,True
2310,2310,41716040100,honeybee,2.0,41702.0,1.0,5.1,79.7,4,1.7394760517334227,16,417,0.6529260333974111,1178.0,hoverfly,-0.5176364216600542,4654.0,0.1078397339308274,964.0166666666667,6,0.29685897437759784,True
2311,2311,41716040100,honeybee,0.0,41700.0,1.0,3.5,93.6,4,1.7394760517334227,16,417,1.1326301213868655,4654.0,honeybee,0.8124815803045498,4654.0,2.7901801381108933,964.0166666666667,3,0.29685897437759784,True
2313,2313,41716065500,honeybee,3.0,41703.0,1.0,4.6,56.8,4,1.7821021129019106,16,417,-0.30648214258149775,174.0,honeybee,0.37451589673083857,174.0,-0.6669214184848187,966.9166666666666,4,-0.05660752102503974,True
2314,2314,41716065500,honeybee,4.0,41704.0,1.0,7.5,111.4,4,1.7821021129019106,16,417,0.17322194540795668,174.0,honeybee,0.37451589673083857,174.0,-0.6669214184848187,966.9166666666666,4,-0.05660752102503974,True
2318,2318,41716200700,honeybee,6.0,41706.0,1.0,0.8,7.5,4,1.9761241844274415,16,417,-0.7861862305709522,1498.0,honeybee,-0.27432215300799256,1498.0,0.3547755594019496,980.1166666666667,4,-1.1170070072329525,False
2326,2326,50913541100,honeybee,1.0,50901.0,1.0,4.5,99.6,5,-0.16889760632704076,13,509,0.17322194540795668,650.0,honeybee,0.6827139703567834,650.0,-0.2996043780965243,834.1833333333333,2,-0.05660752102503974,True
2328,2328,50913544300,honeybee,2.0,50902.0,1.0,0.3,22.4,5,-0.16105833070984757,13,509,-0.7861862305709522,32.0,honeybee,0.48806255543513416,32.0,-0.7764991910376292,834.7166666666667,2,-0.7635405118303149,False
2329,2329,50913544300,honeybee,3.0,50903.0,1.0,1.5,49.8,5,-0.16105833070984757,13,509,-0.30648214258149775,32.0,honeybee,0.5367254091655463,32.0,-0.7764991910376292,834.7166666666667,2,-0.7635405118303149,False
2331,2331,50914070500,honeybee,3.0,50903.0,1.0,7.6,92.7,5,0.020714872663819148,14,509,-0.7861862305709522,742.0,honeybee,-0.6149621291208789,742.0,-0.22861032827357666,847.0833333333334,3,-0.05660752102503974,True
2332,2332,50914070500,honeybee,2.0,50902.0,1.0,0.6,22.8,5,0.020714872663819148,14,509,-0.30648214258149775,742.0,honeybee,-0.8096135440425283,742.0,-0.22861032827357666,847.0833333333334,3,-0.05660752102503974,False
2333,2333,50914070500,honeybee,1.0,50901.0,1.0,6.8,105.6,5,0.020714872663819148,14,509,0.17322194540795668,774.0,honeybee,-0.12833359181675555,774.0,-0.20391674572646445,847.0833333333334,3,-0.05660752102503974,True
2334,2334,50914070500,honeybee,0.0,50900.0,1.0,5.3,71.2,5,0.020714872663819148,14,509,0.6529260333974111,774.0,honeybee,0.11498067683530613,774.0,-0.20391674572646445,847.0833333333334,2,-0.05660752102503974,True
2336,2336,50914220600,honeybee,3.0,50903.0,1.0,4.3,48.4,5,0.24143947676041447,14,509,-0.7861862305709522,901.0,honeybee,0.37451589673083857,901.0,-0.10591408999261277,862.1,4,-0.7635405118303149,True
2337,2337,50914220600,honeybee,0.0,50900.0,1.0,0.3,7.1,5,0.24143947676041447,14,509,-0.30648214258149775,901.0,honeybee,0.0014340181310106524,901.0,-0.10591408999261277,862.1,3,-0.7635405118303149,False
2338,2338,50914361900,honeybee,3.0,50903.0,1.0,6.6,143.1,5,0.45040516743122,14,509,-0.7861862305709522,853.0,honeybee,-0.16077549430369714,853.0,-0.14295446381328114,876.3166666666667,5,-0.7635405118303149,True
2339,2339,50914361900,honeybee,2.0,50902.0,1.0,7.5,136.4,5,0.45040516743122,14,509,-0.30648214258149775,1754.0,honeybee,-0.760950690312116,1754.0,0.5523242197788476,876.3166666666667,4,-0.7635405118303149,True
2341,2341,50914370400,honeybee,2.0,50902.0,1.0,0.5,30.2,5,0.4614291487678979,14,509,-0.7861862305709522,45.0,honeybee,0.35829494548736784,45.0,-0.7664674231278649,877.0666666666667,5,-1.1170070072329525,False
2342,2342,50914370600,honeybee,1.0,50901.0,1.0,11.1,113.2,5,0.46191910349397247,14,509,-0.7861862305709522,1801.0,honeybee,0.24474828678307234,1801.0,0.5885929191449185,877.1,4,-0.4100740164276773,True
2343,2343,50914370600,honeybee,0.0,50900.0,1.0,9.9,138.0,5,0.46191910349397247,14,509,-0.30648214258149775,900.0,honeybee,-0.8096135440425283,900.0,-0.10668576444721006,877.1,4,-0.4100740164276773,True
2344,2344,50914370600,honeybee,1.0,50901.0,2.0,1.5,56.6,5,0.46191910349397247,14,509,0.17322194540795668,0.0,honeybee,0.9422491902523158,0.0,-0.8011927735847415,877.1,5,-0.4100740164276773,False
2345,2345,50914385300,honeybee,3.0,50903.0,1.0,10.0,112.4,5,0.4881316813389622,14,509,-0.7861862305709522,154.0,honeybee,0.21230638429613075,154.0,-0.6823549075767639,878.8833333333333,6,-1.1170070072329525,True
2348,2348,50914581300,honeybee,0.0,50900.0,1.0,4.2,39.1,5,0.7723054224622148,14,509,-0.7861862305709522,1267.0,honeybee,0.7475977753306666,1267.0,0.17651876038998332,898.2166666666667,5,-0.7635405118303149,True
2349,2349,50914581300,honeybee,1.0,50901.0,1.0,3.1,25.6,5,0.7723054224622148,14,509,-0.30648214258149775,1267.0,honeybee,-0.6149621291208789,1267.0,0.17651876038998332,898.2166666666667,6,-0.7635405118303149,True
2350,2350,50914582700,honeybee,2.0,50902.0,1.0,3.8,59.6,5,0.7757351055447368,14,509,-0.7861862305709522,1283.0,honeybee,-0.7771716415555867,1283.0,0.18886555166353938,898.45,6,-1.1170070072329525,True
2351,2351,50915025800,honeybee,2.0,50902.0,1.0,0.8,13.6,5,0.8421239709278414,15,509,-0.7861862305709522,271.0,honeybee,-0.24188025052105103,271.0,-0.5920689963888849,902.9666666666667,7,-1.1170070072329525,False
2352,2352,50915171900,honeybee,2.0,50902.0,1.0,7.9,105.8,5,1.0530494805029453,15,509,-0.7861862305709522,861.0,honeybee,-0.7285087878251744,861.0,-0.1367810681765031,917.3166666666667,8,-1.1170070072329525,True
2354,2354,50915341800,honeybee,3.0,50903.0,1.0,16.0,181.6,5,1.3026814134379405,15,509,-0.7861862305709522,3325.0,honeybee,0.7638187265741373,3325.0,1.764624787951138,934.3,7,-0.7635405118303149,True
2355,2355,50915341800,honeybee,2.0,50902.0,1.0,9.0,113.3,5,1.3026814134379405,15,509,-0.30648214258149775,1019.0,honeybee,0.423178750461251,1019.0,-0.014856504350136425,934.3,9,-0.7635405118303149,True
2364,2364,51013222100,honeybee,3.0,51003.0,1.0,0.5,17.9,5,-0.6368043697282584,13,510,-0.7861862305709522,3855.0,honeybee,-0.8096135440425283,3855.0,2.173612248887685,802.35,2,-0.4100740164276773,False
2365,2365,51013222100,honeybee,5.0,51005.0,1.0,7.3,73.7,5,-0.6368043697282584,13,510,-0.30648214258149775,3866.0,honeybee,0.45562065294819243,3866.0,2.182100667888255,802.35,2,-0.4100740164276773,True
2369,2369,51013321500,honeybee,0.0,51000.0,1.0,5.1,70.3,5,-0.49128781608411004,13,510,-0.30648214258149775,4337.0,honeybee,-0.8096135440425283,4337.0,2.5455593360035627,812.25,2,-0.7635405118303149,True
2370,2370,51013323900,honeybee,0.0,51000.0,1.0,0.6,51.1,5,-0.4854083593712152,13,510,-0.7861862305709522,24.0,honeybee,-0.031007884355930933,24.0,-0.7826725866744074,812.65,3,-1.1170070072329525,False
2373,2373,51014112600,honeybee,7.0,51007.0,1.0,0.3,28.0,5,0.08465396441655097,14,510,-0.7861862305709522,2945.0,honeybee,0.13120162807877686,2945.0,1.471388495204181,851.4333333333333,2,-1.1170070072329525,False
2375,2375,51014380400,honeybee,3.0,51003.0,1.0,0.3,22.4,5,0.4761277905501351,14,510,-0.7861862305709522,4543.0,honeybee,-0.7771716415555867,4543.0,2.704524273650598,878.0666666666667,3,1.3572584605855107,False
2378,2378,51014380400,honeybee,5.0,51005.0,1.0,11.6,93.1,5,0.4761277905501351,14,510,0.6529260333974111,4543.0,honeybee,0.3258530430004262,4543.0,2.704524273650598,878.0666666666667,3,1.3572584605855107,True
2382,2382,51014380400,honeybee,7.0,51007.0,1.0,9.0,109.3,5,0.4761277905501351,14,510,2.571742385355229,1598.0,honeybee,-0.8096135440425283,1598.0,0.43194300486167536,878.0666666666667,3,1.3572584605855107,True
2385,2385,51015251600,honeybee,3.0,51003.0,1.0,0.5,27.3,5,1.169903682671731,15,510,-0.7861862305709522,2832.0,honeybee,-0.8096135440425283,2832.0,1.3841892818346908,925.2666666666667,4,0.6503254697802354,False
2386,2386,51015251600,honeybee,2.0,51002.0,1.0,1.0,31.9,5,1.169903682671731,15,510,-0.30648214258149775,2832.0,honeybee,0.6827139703567834,2832.0,1.3841892818346908,925.2666666666667,2,0.6503254697802354,False
2387,2387,51015251600,honeybee,0.0,51000.0,1.0,4.1,53.7,5,1.169903682671731,15,510,0.17322194540795668,6757.0,honeybee,-0.760950690312116,6757.0,4.4130115161289245,925.2666666666667,4,0.6503254697802354,True
2388,2388,51015251600,honeybee,1.0,51001.0,1.0,14.1,153.7,5,1.169903682671731,15,510,0.6529260333974111,6781.0,honeybee,-0.20943834803410946,6781.0,4.431531703039259,925.2666666666667,2,0.6503254697802354,True
2389,2389,51015251600,honeybee,5.0,51005.0,1.0,11.6,110.0,5,1.169903682671731,15,510,1.1326301213868655,2832.0,honeybee,1.0233539464696697,2832.0,1.3841892818346908,925.2666666666667,4,0.6503254697802354,True
2390,2390,51015251600,honeybee,9.0,51009.0,1.0,0.5,44.3,5,1.169903682671731,15,510,1.61233420937632,2832.0,honeybee,0.21230638429613075,2832.0,1.3841892818346908,925.2666666666667,2,0.6503254697802354,False
2391,2391,51015254700,honeybee,7.0,51007.0,1.0,6.6,72.5,5,1.177497980925887,15,510,-0.7861862305709522,2863.0,honeybee,0.6016092141394295,2863.0,1.4081111899272059,925.7833333333333,4,-0.7635405118303149,True
2394,2394,51015254710,honeybee,7.0,51007.0,1.0,7.0,83.9,5,1.177497980925887,15,510,-0.7861862305709522,0.0,honeybee,0.21230638429613075,0.0,-0.8011927735847415,925.7833333333333,5,-0.7635405118303149,True
2395,2395,51015254710,honeybee,8.0,51008.0,1.0,1.4,22.2,5,1.177497980925887,15,510,-0.30648214258149775,0.0,honeybee,-0.6311830803643497,0.0,-0.8011927735847415,925.7833333333333,2,-0.7635405118303149,False
2397,2397,51211412400,honeybee,0.0,51200.0,1.0,7.0,60.9,5,-2.120632257645104,11,512,-0.7861862305709522,1254.0,honeybee,0.08253877434836455,1254.0,0.1664869924802189,701.4,2,-0.7635405118303149,True
2407,2407,51211583400,honeybee,7.0,51207.0,2.0,1.6,30.9,5,-1.8683055737166985,11,512,0.6529260333974111,0.0,honeybee,5.321906025989427,0.0,-0.8011927735847415,718.5666666666667,2,-0.05660752102503974,False
2408,2408,51212021400,honeybee,6.0,51206.0,1.0,1.5,60.6,5,-1.8144105538484956,12,512,-0.7861862305709522,220.0,honeybee,-0.19321739679063873,220.0,-0.6314243935733449,722.2333333333333,2,-0.4100740164276773,False
2409,2409,51212021400,honeybee,7.0,51207.0,1.0,6.1,39.5,5,-1.8144105538484956,12,512,-0.30648214258149775,220.0,honeybee,-0.5987411778774081,220.0,-0.6314243935733449,722.2333333333333,3,-0.4100740164276773,True
2411,2411,51212074700,honeybee,7.0,51207.0,1.0,1.6,41.2,5,-1.7328330919570791,12,512,-0.7861862305709522,333.0,honeybee,0.13120162807877686,333.0,-0.5442251802038548,727.7833333333333,4,-1.1170070072329525,False
2413,2413,51213001300,honeybee,0.0,51200.0,1.0,10.0,100.7,5,-0.9621343078417751,13,512,-0.7861862305709522,3479.0,honeybee,5.59766219712843,3479.0,1.8834626539591162,780.2166666666667,4,0.6503254697802354,True
2414,2414,51213001300,honeybee,5.0,51205.0,1.0,3.5,37.3,5,-0.9621343078417751,13,512,-0.30648214258149775,3699.0,honeybee,6.700686881684443,3699.0,2.0532310339705124,780.2166666666667,3,0.6503254697802354,True
2415,2415,51213001300,honeybee,7.0,51207.0,1.0,3.3,61.9,5,-0.9621343078417751,13,512,0.17322194540795668,3146.0,honeybee,-0.5987411778774081,3146.0,1.6264950605782291,780.2166666666667,5,0.6503254697802354,True
2416,2416,51213001300,honeybee,2.0,51202.0,1.0,6.8,44.0,5,-0.9621343078417751,13,512,0.6529260333974111,3863.0,honeybee,10.999238961204199,3863.0,2.1797856445244634,780.2166666666667,2,0.6503254697802354,True
2417,2417,51213001300,honeybee,5.0,51205.0,2.0,2.5,35.2,5,-0.9621343078417751,13,512,1.1326301213868655,0.0,honeybee,-0.29054310425146335,0.0,-0.8011927735847415,780.2166666666667,4,0.6503254697802354,True
2418,2418,51213001300,honeybee,7.0,51207.0,2.0,0.3,33.1,5,-0.9621343078417751,13,512,1.61233420937632,0.0,honeybee,-0.3229850067384049,0.0,-0.8011927735847415,780.2166666666667,6,0.6503254697802354,False
2419,2419,51213034400,honeybee,0.0,51200.0,1.0,4.0,55.6,5,-0.9104440842409076,13,512,-0.7861862305709522,211.0,honeybee,0.7638187265741373,211.0,-0.6383694636647202,783.7333333333333,5,-1.1170070072329525,True
2421,2421,51213035200,honeybee,2.0,51202.0,1.0,0.3,16.9,5,-0.9084842653366093,13,512,-0.30648214258149775,219.0,honeybee,0.24474828678307234,219.0,-0.6321960680279421,783.8666666666667,3,-0.4100740164276773,False
2422,2422,51213035200,honeybee,7.0,51207.0,1.0,5.8,83.9,5,-0.9084842653366093,13,512,0.17322194540795668,219.0,honeybee,-0.8096135440425283,219.0,-0.6321960680279421,783.8666666666667,7,-0.4100740164276773,True
2423,2423,51213105100,honeybee,7.0,51207.0,1.0,3.0,83.4,5,-0.8058387502239862,13,512,-0.7861862305709522,419.0,honeybee,0.08253877434836455,419.0,-0.4778611771084907,790.85,8,-0.7635405118303149,True
2424,2424,51213105100,honeybee,0.0,51200.0,1.0,2.3,61.0,5,-0.8058387502239862,13,512,-0.30648214258149775,427.0,honeybee,-0.20943834803410946,427.0,-0.47168778147171264,790.85,6,-0.7635405118303149,False
2426,2426,51213110700,honeybee,5.0,51205.0,1.0,4.1,52.9,5,-0.8019191124153896,13,512,-0.30648214258149775,654.0,honeybee,-0.4527526166861711,654.0,-0.2965176802781353,791.1166666666667,5,0.29685897437759784,True
2427,2427,51213110700,honeybee,2.0,51202.0,1.0,3.8,64.9,5,-0.8019191124153896,13,512,0.17322194540795668,435.0,honeybee,-0.8096135440425283,435.0,-0.46551438583493465,791.1166666666667,4,0.29685897437759784,True
2428,2428,51213110700,honeybee,1.0,51201.0,1.0,3.9,92.9,5,-0.8019191124153896,13,512,0.6529260333974111,4517.0,honeybee,9.377143836857122,4517.0,2.684460737831069,791.1166666666667,2,0.29685897437759784,True
2429,2429,51213110700,honeybee,4.0,51204.0,1.0,6.0,78.6,5,-0.8019191124153896,13,512,1.1326301213868655,4787.0,honeybee,-0.06344978684287238,4787.0,2.8928128405723283,791.1166666666667,2,0.29685897437759784,True
2430,2430,51213114200,honeybee,0.0,51200.0,1.0,0.8,45.3,5,-0.7933449047090846,13,512,-0.7861862305709522,51.0,honeybee,-0.48519451917311274,51.0,-0.7618373764002813,791.7,7,-1.1170070072329525,False
2431,2431,51213185000,honeybee,0.0,51200.0,1.0,3.0,26.6,5,-0.6884945933291259,13,512,-0.7861862305709522,428.0,honeybee,-0.7285087878251744,428.0,-0.47091610701711545,798.8333333333334,8,-1.1170070072329525,True
2433,2433,51213342900,honeybee,4.0,51204.0,1.0,1.6,20.6,5,-0.4584608494371136,13,512,-0.7861862305709522,1402.0,honeybee,0.11498067683530613,1402.0,0.280694811760613,814.4833333333333,3,-1.1170070072329525,False
2434,2434,51213343000,honeybee,7.0,51207.0,1.0,0.6,8.3,5,-0.4582158720740763,13,512,-0.7861862305709522,1419.0,honeybee,-0.37164786046881726,1419.0,0.2938132774887663,814.5,9,-1.1170070072329525,False
2436,2436,51213395100,honeybee,0.0,51200.0,1.0,4.7,31.6,5,-0.3795781385391073,13,512,-0.7861862305709522,1261.0,honeybee,-0.37164786046881726,1261.0,0.17188871366239972,819.85,9,-1.1170070072329525,True
2439,2439,51213475100,honeybee,5.0,51205.0,1.0,4.5,56.3,5,-0.2619890042812097,13,512,-0.30648214258149775,2204.0,honeybee,-0.19321739679063873,2204.0,0.8995777243476133,827.85,6,-0.7635405118303149,True
2441,2441,51213583200,honeybee,0.0,51200.0,1.0,2.2,35.6,5,-0.10495851457430892,13,512,-0.7861862305709522,1121.0,honeybee,-0.09589168932981397,1121.0,0.06385429001878377,838.5333333333333,10,-1.1170070072329525,False
2442,2442,51214081100,honeybee,5.0,51205.0,1.0,4.4,78.2,5,0.036883378624280067,14,512,-0.7861862305709522,1220.0,honeybee,-0.12833359181675555,1220.0,0.14025006102391216,848.1833333333333,7,0.29685897437759784,True
2443,2443,51214081100,honeybee,4.0,51204.0,1.0,6.8,130.6,5,0.036883378624280067,14,512,-0.30648214258149775,2022.0,honeybee,-0.5987411778774081,2022.0,0.7591329736109126,848.1833333333333,4,0.29685897437759784,True
2444,2444,51214081100,honeybee,1.0,51201.0,1.0,5.6,93.1,5,0.036883378624280067,14,512,0.17322194540795668,3424.0,honeybee,-0.22565929927758024,3424.0,1.841020558956267,848.1833333333333,3,0.29685897437759784,True
2446,2446,51214081100,honeybee,0.0,51200.0,1.0,4.3,54.2,5,0.036883378624280067,14,512,1.1326301213868655,579.0,honeybee,-0.5014154704165834,579.0,-0.35439326437292956,848.1833333333333,11,0.29685897437759784,True
2447,2447,51214184500,honeybee,0.0,51200.0,1.0,5.0,53.4,5,0.19219902678991985,14,512,-0.7861862305709522,634.0,honeybee,-0.16077549430369714,634.0,-0.3119511693700805,858.75,12,0.29685897437759784,True
2448,2448,51214184500,honeybee,1.0,51201.0,1.0,4.1,101.9,5,0.19219902678991985,14,512,-0.30648214258149775,634.0,honeybee,0.05009687186142296,634.0,-0.3119511693700805,858.75,4,0.29685897437759784,True
2449,2449,51214184500,honeybee,4.0,51204.0,1.0,4.3,52.6,5,0.19219902678991985,14,512,0.17322194540795668,634.0,honeybee,0.24474828678307234,634.0,-0.3119511693700805,858.75,5,0.29685897437759784,True
2450,2450,51214184500,honeybee,5.0,51205.0,1.0,3.0,37.8,5,0.19219902678991985,14,512,0.6529260333974111,634.0,honeybee,-0.14455454306022628,634.0,-0.3119511693700805,858.75,8,0.29685897437759784,True
2451,2451,51214184500,honeybee,7.0,51207.0,1.0,1.3,33.2,5,0.19219902678991985,14,512,1.1326301213868655,2655.0,honeybee,-0.760950690312116,2655.0,1.2476029033709761,858.75,10,0.29685897437759784,False
2452,2452,51214261700,honeybee,2.0,51202.0,1.0,7.1,115.9,5,0.3029287948827734,14,512,-0.7861862305709522,4510.0,honeybee,-0.24188025052105103,4510.0,2.6790590166488886,866.2833333333333,5,-0.05660752102503974,True
2453,2453,51214261700,honeybee,7.0,51207.0,1.0,1.8,73.6,5,0.3029287948827734,14,512,-0.30648214258149775,452.0,honeybee,-0.6474040316078206,452.0,-0.45239592010678126,866.2833333333333,11,-0.05660752102503974,False
2454,2454,51214261700,honeybee,5.0,51205.0,1.0,2.5,39.8,5,0.3029287948827734,14,512,0.17322194540795668,452.0,honeybee,-0.37164786046881726,452.0,-0.45239592010678126,866.2833333333333,9,-0.05660752102503974,True
2455,2455,51214261700,honeybee,4.0,51204.0,1.0,1.3,97.8,5,0.3029287948827734,14,512,0.6529260333974111,452.0,honeybee,-0.16077549430369714,452.0,-0.45239592010678126,866.2833333333333,6,-0.05660752102503974,False
2457,2457,51214295900,honeybee,5.0,51205.0,1.0,1.9,45.1,5,0.35731376947705107,14,512,-0.7861862305709522,222.0,honeybee,-0.4527526166861711,222.0,-0.6298810446641504,869.9833333333333,10,-1.1170070072329525,False
2459,2459,51214441100,honeybee,7.0,51207.0,1.0,0.6,6.3,5,0.5660344827848194,14,512,-0.7861862305709522,1074.0,honeybee,-0.5662992753904666,1074.0,0.027585590652712606,884.1833333333333,12,-0.7635405118303149,False
2460,2460,51214441100,honeybee,0.0,51200.0,1.0,4.4,72.0,5,0.5660344827848194,14,512,-0.30648214258149775,1526.0,honeybee,-0.04722883559940166,1526.0,0.3763824441306729,884.1833333333333,13,-0.7635405118303149,True
2464,2464,51215123100,honeybee,0.0,51200.0,1.0,5.0,38.0,5,0.9824959999482067,15,512,-0.7861862305709522,1700.0,honeybee,-0.14455454306022628,1700.0,0.5106537992305956,912.5166666666667,14,-0.7635405118303149,True
2465,2465,51215123100,honeybee,7.0,51207.0,1.0,0.5,34.4,5,0.9824959999482067,15,512,-0.30648214258149775,1700.0,honeybee,-0.760950690312116,1700.0,0.5106537992305956,912.5166666666667,13,-0.7635405118303149,False
2470,2470,51215205400,honeybee,7.0,51207.0,1.0,1.5,61.7,5,1.105719613555962,15,512,-0.7861862305709522,503.0,honeybee,-0.7771716415555867,503.0,-0.4130405229223212,920.9,14,-0.7635405118303149,False
2471,2471,51215205400,honeybee,5.0,51205.0,1.0,0.8,23.9,5,1.105719613555962,15,512,-0.30648214258149775,3055.0,honeybee,-0.5500783241469959,3055.0,1.5562726852098787,920.9,11,-0.7635405118303149,False
2472,2472,51215210300,honeybee,4.0,51204.0,1.0,4.4,94.6,5,1.1079244098232974,15,512,-0.7861862305709522,3286.0,honeybee,-0.6474040316078206,3286.0,1.7345294842218455,921.05,7,-1.1170070072329525,True
2473,2473,51215262900,honeybee,0.0,51200.0,1.0,0.2,34.9,5,1.187787030173453,15,512,-0.7861862305709522,838.0,honeybee,-0.04722883559940166,838.0,-0.15452958063224,926.4833333333333,15,-1.1170070072329525,False
2475,2475,51215455500,honeybee,0.0,51200.0,1.0,8.0,102.2,5,1.4734306354749294,15,512,-0.7861862305709522,1166.0,honeybee,-0.8258344952859991,1166.0,0.09857964047566034,945.9166666666666,16,-1.1170070072329525,True
2478,2478,51215462600,honeybee,7.0,51207.0,1.0,3.2,111.7,5,1.481024933729085,15,512,0.17322194540795668,1532.0,honeybee,-0.6149621291208789,1532.0,0.3810124908582565,946.4333333333333,15,-0.05660752102503974,True
2479,2479,51215462600,honeybee,1.0,51201.0,1.0,4.0,179.6,5,1.481024933729085,15,512,0.6529260333974111,4409.0,moth,0.05009687186142296,5261.0,2.6011198967345655,946.4333333333333,6,-0.05660752102503974,True
2480,2480,51215463500,honeybee,1.0,51201.0,1.0,4.6,104.4,5,1.4832297299964208,15,512,-0.7861862305709522,9.0,honeybee,-0.20943834803410946,9.0,-0.7942477034933663,946.5833333333334,7,-0.7635405118303149,True
2481,2481,51215463500,honeybee,4.0,51204.0,1.0,5.8,56.9,5,1.4832297299964208,15,512,-0.30648214258149775,1532.0,honeybee,-0.14455454306022628,1532.0,0.3810124908582565,946.5833333333334,8,-0.7635405118303149,True
2482,2482,51215463510,honeybee,1.0,51201.0,1.0,5.3,122.4,5,1.4832297299964208,15,512,-0.7861862305709522,0.0,honeybee,-0.11211264057328484,0.0,-0.8011927735847415,946.5833333333334,8,-1.1170070072329525,True
2485,2485,51216090400,honeybee,0.0,51200.0,1.0,6.1,46.7,5,1.8137041927337205,16,512,-0.7861862305709522,1389.0,honeybee,0.4393997017047217,1389.0,0.2706630438508486,969.0666666666667,17,-0.7635405118303149,True
2486,2486,51216090400,honeybee,1.0,51201.0,1.0,3.2,127.8,5,1.8137041927337205,16,512,-0.30648214258149775,1349.0,honeybee,0.0014340181310106524,1349.0,0.23979606566695844,969.0666666666667,9,-0.7635405118303149,True
2487,2487,51216091400,honeybee,1.0,51201.0,1.0,2.0,109.2,5,1.8161539663640933,16,512,-0.7861862305709522,10.0,honeybee,-0.33920595798187564,10.0,-0.7934760290387688,969.2333333333333,10,-1.1170070072329525,False
2498,2498,51513341600,honeybee,2.0,51502.0,1.0,4.1,67.0,5,-0.4616455551565984,13,515,-0.7861862305709522,489.0,honeybee,-0.19321739679063873,489.0,-0.4238439652866827,814.2666666666667,2,-1.1170070072329525,True
2499,2499,51513351400,honeybee,2.0,51502.0,1.0,5.5,85.7,5,-0.44743686810043576,13,515,-0.7861862305709522,58.0,honeybee,-0.19321739679063873,58.0,-0.7564356552181006,815.2333333333333,3,-1.1170070072329525,True
2502,2502,51513391100,honeybee,2.0,51502.0,1.0,2.2,37.5,5,-0.3893772330605988,13,515,-0.30648214258149775,237.0,honeybee,0.03387592061795224,237.0,-0.6183059278451916,819.1833333333333,4,-0.7635405118303149,False
2503,2503,51513441600,honeybee,2.0,51502.0,1.0,3.0,54.0,5,-0.31465913733422635,13,515,-0.7861862305709522,305.0,honeybee,-0.5014154704165834,305.0,-0.5658320649325781,824.2666666666667,5,-1.1170070072329525,True
2505,2505,51514032900,honeybee,2.0,51502.0,1.0,3.5,45.9,5,-0.03220023775223478,14,515,-0.7861862305709522,1153.0,honeybee,-0.37164786046881726,1153.0,0.08854787256589591,843.4833333333333,6,-1.1170070072329525,True
2506,2506,51514050100,honeybee,3.0,51503.0,1.0,6.5,143.8,5,-0.009662320352804404,14,515,-0.7861862305709522,2395.0,honeybee,0.3907368479743094,2395.0,1.0469675451756892,845.0166666666667,2,-1.1170070072329525,True
2507,2507,51514062500,honeybee,2.0,51502.0,1.0,1.6,54.0,5,0.010915778142327678,14,515,-0.7861862305709522,176.0,honeybee,-0.29054310425146335,176.0,-0.6653780695756242,846.4166666666666,7,-0.05660752102503974,False
2510,2510,51514062500,honeybee,0.0,51500.0,1.0,7.0,66.7,5,0.010915778142327678,14,515,0.6529260333974111,1634.0,honeybee,1.2666682151217314,1634.0,0.4597232852271767,846.4166666666666,2,-0.05660752102503974,True
2512,2512,51514133200,honeybee,3.0,51503.0,1.0,0.3,21.9,5,0.1155211121592491,14,515,-0.7861862305709522,511.0,honeybee,0.19608543305266002,511.0,-0.40686712728554303,853.5333333333333,3,-0.7635405118303149,False
2513,2513,51514133200,honeybee,0.0,51500.0,1.0,6.5,59.3,5,0.1155211121592491,14,515,-0.30648214258149775,427.0,honeybee,0.27719018927001393,427.0,-0.47168778147171264,853.5333333333333,3,-0.7635405118303149,True
2514,2514,51514171600,honeybee,2.0,51502.0,1.0,3.0,43.9,5,0.17039604147960133,14,515,-0.7861862305709522,651.0,honeybee,-0.5987411778774081,651.0,-0.2988327036419271,857.2666666666667,8,-1.1170070072329525,True
2515,2515,51514263600,honeybee,2.0,51502.0,1.0,2.3,63.2,5,0.30758336478048187,14,515,-0.7861862305709522,560.0,honeybee,-0.37164786046881726,560.0,-0.36905507901027745,866.6,9,-1.1170070072329525,False
2516,2516,51514271500,honeybee,3.0,51503.0,1.0,2.2,28.2,5,0.31713748193893604,14,515,-0.7861862305709522,823.0,honeybee,-0.8096135440425283,823.0,-0.16610469745119885,867.25,4,-1.1170070072329525,False
2518,2518,51514475400,honeybee,1.0,51501.0,1.0,16.5,186.2,5,0.6206644347421343,14,515,-0.7861862305709522,2489.0,honeybee,-0.04722883559940166,2489.0,1.1195049439078315,887.9,2,-0.7635405118303149,True
2519,2519,51514475400,honeybee,2.0,51502.0,1.0,8.3,84.5,5,0.6206644347421343,14,515,-0.30648214258149775,1278.0,honeybee,-0.48519451917311274,1278.0,0.18500717939055317,887.9,10,-0.7635405118303149,True
2520,2520,51515083800,honeybee,2.0,51502.0,1.0,2.6,41.6,5,0.9254162743605189,15,515,-0.7861862305709522,1244.0,honeybee,0.48806255543513416,1244.0,0.15877024793424643,908.6333333333333,11,-1.1170070072329525,True
2521,2521,51515122400,honeybee,0.0,51500.0,1.0,4.3,42.0,5,0.9807811584069457,15,515,-0.7861862305709522,3532.0,honeybee,0.19608543305266002,3532.0,1.9243614000527705,912.4,4,-0.4100740164276773,True
2522,2522,51515122400,honeybee,2.0,51502.0,1.0,0.3,2.8,5,0.9807811584069457,15,515,-0.30648214258149775,226.0,honeybee,-0.43653166544270033,226.0,-0.6267943468457614,912.4,12,-0.4100740164276773,False
2523,2523,51515122400,honeybee,1.0,51501.0,1.0,8.1,305.4,5,0.9807811584069457,15,515,0.17322194540795668,1470.0,honeybee,1.8181805573997378,1470.0,0.3331686746732265,912.4,3,-0.4100740164276773,True
2524,2524,51515124000,honeybee,2.0,51502.0,1.0,0.5,4.9,5,0.9847007962155423,15,515,-0.7861862305709522,16.0,honeybee,-0.8096135440425283,16.0,-0.7888459823111854,912.6666666666666,13,-0.4100740164276773,False
2525,2525,51515124000,honeybee,1.0,51501.0,1.0,0.8,46.3,5,0.9847007962155423,15,515,-0.30648214258149775,16.0,honeybee,0.45562065294819243,16.0,-0.7888459823111854,912.6666666666666,4,-0.4100740164276773,False
2526,2526,51515124000,honeybee,0.0,51500.0,1.0,1.8,179.2,5,0.9847007962155423,15,515,0.17322194540795668,16.0,honeybee,-0.16077549430369714,16.0,-0.7888459823111854,912.6666666666666,5,-0.4100740164276773,False
2527,2527,51515124800,honeybee,1.0,51501.0,1.0,2.5,34.5,5,0.9866606151198406,15,515,-0.7861862305709522,8.0,honeybee,-0.7285087878251744,8.0,-0.7950193779479634,912.8,5,-1.1170070072329525,True
2529,2529,51515420600,honeybee,1.0,51501.0,1.0,7.6,106.1,5,1.4173308193393905,15,515,-0.7861862305709522,1758.0,honeybee,-0.4527526166861711,1758.0,0.5554109175972366,942.1,6,-0.4100740164276773,True
2531,2531,51515420600,honeybee,2.0,51502.0,1.0,3.0,23.4,5,1.4173308193393905,15,515,0.17322194540795668,1766.0,honeybee,-0.7771716415555867,1766.0,0.5615843132340146,942.1,14,-0.4100740164276773,True
2539,2539,51712370900,honeybee,3.0,51703.0,1.0,14.5,98.8,5,-1.3011829782853799,12,517,-0.7861862305709522,3138.0,honeybee,0.8449234827914912,3138.0,1.6203216649414514,757.15,2,-0.7635405118303149,True
2542,2542,51712440800,honeybee,4.0,51704.0,1.0,6.8,61.1,5,-1.1985374631727568,12,517,-0.7861862305709522,3557.0,honeybee,0.5205044579220757,3557.0,1.9436532614177022,764.1333333333333,2,1.003791965182873,True
2543,2543,51712440800,honeybee,2.0,51702.0,1.0,6.3,70.3,5,-1.1985374631727568,12,517,-0.30648214258149775,3557.0,honeybee,-0.6149621291208789,3557.0,1.9436532614177022,764.1333333333333,2,1.003791965182873,True
2544,2544,51712440800,honeybee,1.0,51701.0,1.0,7.1,52.0,5,-1.1985374631727568,12,517,0.17322194540795668,3557.0,honeybee,1.007132995226199,3557.0,1.9436532614177022,764.1333333333333,2,1.003791965182873,True
2545,2545,51712440800,honeybee,0.0,51700.0,1.0,2.1,36.8,5,-1.1985374631727568,12,517,0.6529260333974111,419.0,honeybee,-0.5176364216600542,419.0,-0.4778611771084907,764.1333333333333,2,1.003791965182873,False
2548,2548,51712440800,honeybee,3.0,51703.0,1.0,2.1,38.1,5,-1.1985374631727568,12,517,2.0920382973657743,419.0,honeybee,1.4937615325303222,419.0,-0.4778611771084907,764.1333333333333,3,1.003791965182873,False
2549,2549,51712524500,honeybee,4.0,51704.0,1.0,2.1,38.8,5,-1.0718841664824794,12,517,-0.7861862305709522,517.0,honeybee,0.24474828678307234,517.0,-0.40223708055795954,772.75,3,-1.1170070072329525,False
2550,2550,51713163500,honeybee,1.0,51701.0,1.0,6.5,61.8,5,-0.7215665373391595,13,517,-0.7861862305709522,1947.0,honeybee,0.29341114051348466,1947.0,0.7012573895161183,796.5833333333334,3,0.29685897437759784,True
2551,2551,51713163500,honeybee,2.0,51702.0,1.0,4.0,50.1,5,-0.7215665373391595,13,517,-0.30648214258149775,1947.0,honeybee,0.16364353056571845,1947.0,0.7012573895161183,796.5833333333334,3,0.29685897437759784,True
2554,2554,51713163500,honeybee,4.0,51704.0,1.0,6.6,57.1,5,-0.7215665373391595,13,517,1.1326301213868655,1430.0,honeybee,-0.5176364216600542,1430.0,0.30230169648933614,796.5833333333334,4,0.29685897437759784,True
2555,2555,51713165600,honeybee,6.0,51706.0,1.0,0.5,30.5,5,-0.7164220127153765,13,517,-0.7861862305709522,5476.0,honeybee,-0.5987411778774081,5476.0,3.4244965397898386,796.9333333333333,2,-1.1170070072329525,False
2556,2556,51713251700,honeybee,6.0,51706.0,1.0,6.7,82.7,5,-0.5936883538336959,13,517,-0.7861862305709522,501.0,honeybee,-0.7771716415555867,501.0,-0.4145838718315157,805.2833333333333,3,-0.7635405118303149,True
2558,2558,51713255500,honeybee,1.0,51701.0,1.0,3.5,52.2,5,-0.584379214038279,13,517,-0.7861862305709522,560.0,honeybee,0.19608543305266002,560.0,-0.36905507901027745,805.9166666666666,4,-0.4100740164276773,True
2559,2559,51713255500,honeybee,2.0,51702.0,1.0,3.6,48.5,5,-0.584379214038279,13,517,-0.30648214258149775,560.0,honeybee,-0.20943834803410946,560.0,-0.36905507901027745,805.9166666666666,4,-0.4100740164276773,True
2560,2560,51713255500,honeybee,4.0,51704.0,1.0,2.6,69.2,5,-0.584379214038279,13,517,0.17322194540795668,560.0,honeybee,0.21230638429613075,560.0,-0.36905507901027745,805.9166666666666,5,-0.4100740164276773,True
2563,2563,51714262100,honeybee,6.0,51706.0,1.0,2.3,24.3,5,0.30390870433492256,14,517,-0.7861862305709522,3664.0,honeybee,0.2285273355396016,3664.0,2.0262224280596084,866.35,4,-0.7635405118303149,False
2564,2564,51714262100,honeybee,3.0,51703.0,1.0,8.1,92.2,5,0.30390870433492256,14,517,-0.30648214258149775,6133.0,honeybee,-0.5176364216600542,6133.0,3.931486656460237,866.35,4,-0.7635405118303149,True
2569,2569,51715045400,honeybee,7.0,51707.0,1.0,8.0,86.5,5,0.8705413450401667,15,517,-0.7861862305709522,5977.0,honeybee,-0.12833359181675555,5977.0,3.8111054415430643,904.9,2,3.478057433001336,True
2570,2570,51715045400,honeybee,6.0,51706.0,1.0,8.1,225.7,5,0.8705413450401667,15,517,-0.30648214258149775,2313.0,honeybee,-0.48519451917311274,2313.0,0.9836902398987141,904.9,5,3.478057433001336,True
2571,2571,51715045400,honeybee,1.0,51701.0,1.0,8.0,71.6,5,0.8705413450401667,15,517,0.17322194540795668,5939.0,honeybee,-0.29054310425146335,5939.0,3.7817818122683686,904.9,5,3.478057433001336,True
2572,2572,51715045400,honeybee,2.0,51702.0,1.0,8.5,125.3,5,0.8705413450401667,15,517,0.6529260333974111,5939.0,honeybee,-0.27432215300799256,5939.0,3.7817818122683686,904.9,5,3.478057433001336,True
2574,2574,51715045400,honeybee,3.0,51703.0,1.0,6.1,61.9,5,0.8705413450401667,15,517,1.61233420937632,2313.0,honeybee,0.45562065294819243,2313.0,0.9836902398987141,904.9,5,3.478057433001336,True
2575,2575,51715045400,honeybee,1.0,51701.0,3.0,0.3,16.7,5,0.8705413450401667,15,517,2.0920382973657743,0.0,honeybee,0.4393997017047217,0.0,-0.8011927735847415,904.9,6,3.478057433001336,False
2576,2576,51715045400,honeybee,0.0,51700.0,1.0,8.0,58.6,5,0.8705413450401667,15,517,2.571742385355229,8446.0,honeybee,-0.5176364216600542,8446.0,5.716369669943693,904.9,3,3.478057433001336,True
2577,2577,51715045400,honeybee,1.0,51701.0,4.0,1.1,60.5,5,0.8705413450401667,15,517,3.0514464733446833,0.0,honeybee,-0.8096135440425283,0.0,-0.8011927735847415,904.9,7,3.478057433001336,False
2580,2580,51715045400,honeybee,4.0,51704.0,1.0,8.6,83.9,5,0.8705413450401667,15,517,4.490558737313046,5939.0,honeybee,-0.43653166544270033,5939.0,3.7817818122683686,904.9,6,3.478057433001336,True
2581,2581,51715045400,honeybee,5.0,51705.0,1.0,16.4,133.3,5,0.8705413450401667,15,517,4.970262825302501,12003.0,honeybee,1.7857386549127963,12003.0,8.461215704946136,904.9,2,3.478057433001336,True
2582,2582,51715045400,honeybee,3.0,51703.0,3.0,0.5,28.8,5,0.8705413450401667,15,517,5.449966913291956,0.0,honeybee,0.13120162807877686,0.0,-0.8011927735847415,904.9,6,3.478057433001336,False
2584,2584,51715062000,honeybee,7.0,51707.0,1.0,1.6,43.5,5,0.8916093982613733,15,517,-0.7861862305709522,86.0,honeybee,0.4393997017047217,86.0,-0.7348287704893773,906.3333333333334,3,-1.1170070072329525,False
2585,2585,51715063100,honeybee,3.0,51703.0,1.0,1.5,21.0,5,0.8943041492547835,15,517,-0.7861862305709522,97.0,honeybee,-0.7771716415555867,97.0,-0.7263403514888075,906.5166666666667,7,-1.1170070072329525,False
2588,2588,51715433300,honeybee,3.0,51703.0,1.0,1.1,8.0,5,1.4386438499236345,15,517,-0.7861862305709522,2222.0,honeybee,-0.6149621291208789,2222.0,0.9134678645303638,943.55,8,-1.1170070072329525,False
2589,2589,51715585500,honeybee,1.0,51701.0,1.0,6.1,59.3,5,1.664512978644013,15,517,-0.7861862305709522,3241.0,honeybee,-0.6798459340947619,3241.0,1.699804133764969,958.9166666666666,8,0.29685897437759784,True
2590,2590,51715585500,honeybee,2.0,51702.0,1.0,3.8,47.9,5,1.664512978644013,15,517,-0.30648214258149775,3241.0,honeybee,0.5205044579220757,3241.0,1.699804133764969,958.9166666666666,6,0.29685897437759784,True
2591,2591,51715585500,honeybee,3.0,51703.0,1.0,5.8,64.8,5,1.664512978644013,15,517,0.17322194540795668,922.0,honeybee,-0.6798459340947619,922.0,-0.08970892644607038,958.9166666666666,9,0.29685897437759784,True
2592,2592,51715585500,honeybee,1.0,51701.0,2.0,1.8,48.4,5,1.664512978644013,15,517,0.6529260333974111,0.0,honeybee,0.13120162807877686,0.0,-0.8011927735847415,958.9166666666666,9,0.29685897437759784,False
2593,2593,51715585500,honeybee,6.0,51706.0,1.0,3.5,29.8,5,1.664512978644013,15,517,1.1326301213868655,3241.0,honeybee,0.45562065294819243,3241.0,1.699804133764969,958.9166666666666,6,0.29685897437759784,True
2597,2597,51716113200,honeybee,1.0,51701.0,1.0,0.5,23.0,5,1.849960842463239,16,517,-0.30648214258149775,757.0,honeybee,-0.5662992753904666,757.0,-0.21703521145461782,971.5333333333333,10,-0.05660752102503974,False
2598,2598,51716113200,honeybee,3.0,51703.0,1.0,1.1,24.1,5,1.849960842463239,16,517,0.17322194540795668,757.0,honeybee,0.08253877434836455,757.0,-0.21703521145461782,971.5333333333333,10,-0.05660752102503974,False
2599,2599,51716113200,honeybee,4.0,51704.0,1.0,8.0,43.4,5,1.849960842463239,16,517,0.6529260333974111,3998.0,honeybee,0.5367254091655463,3998.0,2.283961695895093,971.5333333333333,7,-0.05660752102503974,True
2600,2600,51716115200,honeybee,6.0,51706.0,1.0,1.4,55.7,5,1.8548603897239846,16,517,-0.7861862305709522,777.0,honeybee,-0.29054310425146335,777.0,-0.20160172236267274,971.8666666666667,7,-0.7635405118303149,False
2601,2601,51716115200,honeybee,7.0,51707.0,1.0,3.5,53.0,5,1.8548603897239846,16,517,-0.30648214258149775,3932.0,honeybee,-0.5987411778774081,3932.0,2.2330311818916737,971.8666666666667,4,-0.7635405118303149,True
2602,2602,51716123800,honeybee,4.0,51704.0,1.0,4.4,54.1,5,1.8661293484236998,16,517,-0.7861862305709522,66.0,honeybee,0.4393997017047217,66.0,-0.7502622595813224,972.6333333333333,8,-0.05660752102503974,True
2603,2603,51716123800,honeybee,2.0,51702.0,1.0,3.3,52.0,5,1.8661293484236998,16,517,-0.30648214258149775,823.0,honeybee,-0.24188025052105103,823.0,-0.16610469745119885,972.6333333333333,7,-0.05660752102503974,True
2605,2605,51716123800,honeybee,3.0,51703.0,1.0,1.5,33.6,5,1.8661293484236998,16,517,0.6529260333974111,66.0,honeybee,-0.6798459340947619,66.0,-0.7502622595813224,972.6333333333333,11,-0.05660752102503974,False
2616,2616,60913175200,honeybee,3.0,60903.0,1.0,0.3,7.8,6,-0.7027032803852885,13,609,-0.30648214258149775,1936.0,honeybee,0.11498067683530613,1936.0,0.6927689705155483,797.8666666666667,2,0.29685897437759784,False
2617,2617,60913175200,honeybee,5.0,60905.0,1.0,0.5,9.1,6,-0.7027032803852885,13,609,0.17322194540795668,592.0,honeybee,0.45562065294819243,592.0,-0.3443614964631652,797.8666666666667,2,0.29685897437759784,False
2619,2619,60913175200,honeybee,5.0,60905.0,2.0,0.6,27.4,6,-0.7027032803852885,13,609,1.1326301213868655,0.0,honeybee,-0.7771716415555867,0.0,-0.8011927735847415,797.8666666666667,3,0.29685897437759784,False
2621,2621,60913314000,honeybee,0.0,60900.0,1.0,3.5,26.9,6,-0.4998620237904151,13,609,-0.7861862305709522,6.0,honeybee,-0.5987411778774081,6.0,-0.7965627268571579,811.6666666666666,2,-1.1170070072329525,True
2622,2622,60913314600,honeybee,5.0,60905.0,1.0,7.0,102.4,6,-0.49839215961219135,13,609,-0.7861862305709522,834.0,honeybee,-0.760950690312116,834.0,-0.157616278450629,811.7666666666667,4,-0.7635405118303149,True
2623,2623,60913314600,honeybee,6.0,60906.0,1.0,0.3,26.6,6,-0.49839215961219135,13,609,-0.30648214258149775,2770.0,honeybee,-0.8096135440425283,2770.0,1.3363454656496607,811.7666666666667,2,-0.7635405118303149,False
2624,2624,60913335500,honeybee,5.0,60905.0,1.0,4.4,90.1,6,-0.4667900797803814,13,609,-0.7861862305709522,129.0,honeybee,0.27719018927001393,129.0,-0.7016467689416953,813.9166666666666,5,-1.1170070072329525,True
2625,2625,60913374300,honeybee,3.0,60903.0,1.0,2.6,59.0,6,-0.41093524100788004,13,609,-0.7861862305709522,1191.0,honeybee,-0.8096135440425283,1191.0,0.11787150184059182,817.7166666666667,3,-1.1170070072329525,True
2628,2628,60913375300,honeybee,2.0,60902.0,2.0,0.5,29.1,6,-0.4084854673775071,13,609,0.17322194540795668,0.0,honeybee,0.6178301653829003,0.0,-0.8011927735847415,817.8833333333333,2,1.003791965182873,False
2629,2629,60913375300,honeybee,3.0,60903.0,1.0,0.5,38.2,6,-0.4084854673775071,13,609,0.6529260333974111,10.0,honeybee,-0.43653166544270033,10.0,-0.7934760290387688,817.8833333333333,4,1.003791965182873,False
2630,2630,60913375300,honeybee,4.0,60904.0,1.0,6.5,70.7,6,-0.4084854673775071,13,609,1.1326301213868655,3137.0,honeybee,-0.8258344952859991,3137.0,1.6195499904868542,817.8833333333333,2,1.003791965182873,True
2631,2631,60913375300,honeybee,5.0,60905.0,1.0,1.1,53.0,6,-0.4084854673775071,13,609,1.61233420937632,238.0,honeybee,-0.14455454306022628,238.0,-0.6175342533905943,817.8833333333333,6,1.003791965182873,False
2632,2632,60913375300,honeybee,6.0,60906.0,1.0,11.5,137.0,6,-0.4084854673775071,13,609,2.0920382973657743,367.0,honeybee,-0.8096135440425283,367.0,-0.5179882487475481,817.8833333333333,3,1.003791965182873,True
2633,2633,60913385600,honeybee,0.0,60900.0,1.0,5.0,59.5,6,-0.3930518935061581,13,609,-0.7861862305709522,436.0,honeybee,-0.29054310425146335,436.0,-0.4647427113803374,818.9333333333333,3,-1.1170070072329525,True
2635,2635,60913390500,honeybee,4.0,60904.0,1.0,2.6,20.2,6,-0.3908470972388225,13,609,-0.7861862305709522,72.0,honeybee,0.19608543305266002,72.0,-0.745632212853739,819.0833333333334,3,-1.1170070072329525,True
2636,2636,60913402100,honeybee,5.0,60905.0,1.0,1.5,28.9,6,-0.3722288176479887,13,609,-0.7861862305709522,148.0,honeybee,-0.6798459340947619,148.0,-0.6869849543043474,820.35,7,-0.7635405118303149,False
2637,2637,60913402100,honeybee,1.0,60901.0,1.0,0.8,10.1,6,-0.3722288176479887,13,609,-0.30648214258149775,148.0,honeybee,0.6989349216002542,148.0,-0.6869849543043474,820.35,2,-0.7635405118303149,False
2638,2638,60913533200,honeybee,6.0,60906.0,1.0,7.0,79.4,6,-0.17845172348549493,13,609,-0.7861862305709522,939.0,honeybee,1.007132995226199,939.0,-0.07659046071791702,833.5333333333333,4,-0.7635405118303149,True
2639,2639,60913533200,honeybee,4.0,60904.0,1.0,2.0,20.1,6,-0.17845172348549493,13,609,-0.30648214258149775,867.0,honeybee,-0.43653166544270033,867.0,-0.13215102144891958,833.5333333333333,4,-0.7635405118303149,False
2642,2642,60913573200,honeybee,6.0,60906.0,1.0,5.8,79.2,6,-0.11965715635654613,13,609,-0.7861862305709522,240.0,honeybee,0.27719018927001393,240.0,-0.6159909044813998,837.5333333333333,5,-0.7635405118303149,True
2643,2643,60913573200,honeybee,5.0,60905.0,1.0,3.5,37.5,6,-0.11965715635654613,13,609,-0.30648214258149775,1031.0,honeybee,-0.6149621291208789,1031.0,-0.005596410894969372,837.5333333333333,8,-0.7635405118303149,True
2646,2646,60914163100,honeybee,3.0,60903.0,1.0,2.1,34.9,6,0.1593720601429234,14,609,-0.7861862305709522,2318.0,honeybee,-0.7771716415555867,2318.0,0.9875486121717005,856.5166666666667,5,-0.7635405118303149,False
2647,2647,60914163100,honeybee,2.0,60902.0,1.0,5.8,108.3,6,0.1593720601429234,14,609,-0.30648214258149775,2318.0,honeybee,-0.7771716415555867,2318.0,0.9875486121717005,856.5166666666667,3,-0.7635405118303149,True
2652,2652,60914171500,honeybee,4.0,60904.0,1.0,6.9,57.4,6,0.17015106411656403,14,609,0.17322194540795668,1423.0,honeybee,-0.5338573729035251,1423.0,0.29689997530715534,857.25,5,0.6503254697802354,True
2653,2653,60914171500,honeybee,5.0,60905.0,1.0,7.3,83.4,6,0.17015106411656403,14,609,0.6529260333974111,1183.0,honeybee,-0.29054310425146335,1183.0,0.11169810620381362,857.25,9,0.6503254697802354,True
2654,2654,60914171500,honeybee,4.0,60904.0,2.0,0.9,15.7,6,0.17015106411656403,14,609,1.1326301213868655,0.0,honeybee,0.2609692380265432,0.0,-0.8011927735847415,857.25,6,0.6503254697802354,False
2655,2655,60914171500,honeybee,6.0,60906.0,1.0,5.1,69.8,6,0.17015106411656403,14,609,1.61233420937632,1183.0,honeybee,0.08253877434836455,1183.0,0.11169810620381362,857.25,6,0.6503254697802354,True
2657,2657,60914263700,honeybee,3.0,60903.0,1.0,3.0,56.1,6,0.3078283421435192,14,609,-0.7861862305709522,606.0,honeybee,-0.5176364216600542,606.0,-0.3335580540988037,866.6166666666667,6,-1.1170070072329525,True
2658,2658,60914264700,honeybee,6.0,60906.0,1.0,2.0,55.1,6,0.310278115773892,14,609,-0.7861862305709522,572.0,honeybee,-0.031007884355930933,572.0,-0.3597949855551104,866.7833333333333,7,-1.1170070072329525,False
2659,2659,60914295400,honeybee,5.0,60905.0,1.0,3.5,57.5,6,0.3560888826618646,14,609,-0.7861862305709522,759.0,honeybee,0.3258530430004262,759.0,-0.2154918625454233,869.9,10,-1.1170070072329525,True
2660,2660,60914301500,honeybee,3.0,60903.0,1.0,0.9,22.2,6,0.3612334072856477,14,609,-0.7861862305709522,218.0,honeybee,-0.37164786046881726,218.0,-0.6329677424825394,870.25,7,-0.4100740164276773,False
2661,2661,60914301500,honeybee,4.0,60904.0,1.0,2.1,23.1,6,0.3612334072856477,14,609,-0.30648214258149775,780.0,honeybee,-0.7122878365817036,780.0,-0.1992866989988809,870.25,7,-0.4100740164276773,False
2662,2662,60914301500,honeybee,6.0,60906.0,1.0,3.1,53.9,6,0.3612334072856477,14,609,0.17322194540795668,208.0,honeybee,-0.5338573729035251,208.0,-0.640684487028512,870.25,8,-0.4100740164276773,True
2663,2663,60914322600,honeybee,3.0,60903.0,1.0,1.5,30.0,6,0.3933254418435322,14,609,-0.7861862305709522,131.0,honeybee,-0.7122878365817036,131.0,-0.7001034200325008,872.4333333333333,8,0.29685897437759784,False
2664,2664,60914322600,honeybee,1.0,60901.0,1.0,1.3,69.2,6,0.3933254418435322,14,609,-0.30648214258149775,3125.0,honeybee,-0.7285087878251744,3125.0,1.610289897031687,872.4333333333333,3,0.29685897437759784,False
2665,2665,60914322600,honeybee,2.0,60902.0,1.0,0.7,14.5,6,0.3933254418435322,14,609,0.17322194540795668,955.0,honeybee,0.08253877434836455,955.0,-0.06424366944436095,872.4333333333333,4,0.29685897437759784,False
2667,2667,60914322600,honeybee,5.0,60905.0,1.0,4.7,63.0,6,0.3933254418435322,14,609,1.1326301213868655,152.0,honeybee,-0.29054310425146335,152.0,-0.6838982564859584,872.4333333333333,11,0.29685897437759784,True
2669,2669,60914371100,honeybee,6.0,60906.0,1.0,2.1,31.3,6,0.4631439903091589,14,609,-0.7861862305709522,416.0,honeybee,-0.3554269092253464,416.0,-0.4801762004722825,877.1833333333333,9,-0.7635405118303149,False
2670,2670,60914371100,honeybee,5.0,60905.0,1.0,5.3,92.6,6,0.4631439903091589,14,609,-0.30648214258149775,285.0,honeybee,-0.09589168932981397,285.0,-0.5812655540245232,877.1833333333333,12,-0.7635405118303149,True
2672,2672,60914421200,honeybee,5.0,60905.0,1.0,3.6,65.4,6,0.5368821765833822,14,609,-0.7861862305709522,301.0,honeybee,0.0014340181310106524,301.0,-0.5689187627509671,882.2,13,-1.1170070072329525,True
2673,2673,60914513300,honeybee,3.0,60903.0,1.0,11.1,118.0,6,0.6743144772473001,14,609,-0.7861862305709522,1147.0,honeybee,-0.6149621291208789,1147.0,0.08391782583831246,891.55,9,-0.7635405118303149,True
2674,2674,60914513300,honeybee,2.0,60902.0,1.0,0.6,6.9,6,0.6743144772473001,14,609,-0.30648214258149775,1147.0,honeybee,-0.7447297390686451,1147.0,0.08391782583831246,891.55,5,-0.7635405118303149,False
2675,2675,60914514900,honeybee,5.0,60905.0,1.0,0.3,20.2,6,0.6782341150558966,14,609,-0.7861862305709522,577.0,honeybee,-0.27432215300799256,577.0,-0.3559366132821241,891.8166666666667,14,-1.1170070072329525,False
2677,2677,60914521100,honeybee,3.0,60903.0,1.0,6.6,67.4,6,0.6836236170427169,14,609,-0.7861862305709522,38.0,honeybee,0.9422491902523158,38.0,-0.7718691443100457,892.1833333333333,10,-0.7635405118303149,True
2678,2678,60914521100,honeybee,4.0,60904.0,1.0,0.4,18.2,6,0.6836236170427169,14,609,-0.30648214258149775,1316.0,honeybee,-0.5176364216600542,1316.0,0.2143308086652489,892.1833333333333,8,-0.7635405118303149,False
2679,2679,60914563700,honeybee,5.0,60905.0,1.0,3.4,108.5,6,0.7487875956106352,14,609,-0.7861862305709522,288.0,honeybee,-0.8096135440425283,288.0,-0.5789505306607314,896.6166666666667,15,-0.05660752102503974,True
2680,2680,60914563700,honeybee,3.0,60903.0,1.0,0.6,41.3,6,0.7487875956106352,14,609,-0.30648214258149775,266.0,honeybee,0.21230638429613075,266.0,-0.595927368661871,896.6166666666667,11,-0.05660752102503974,False
2681,2681,60914563700,honeybee,1.0,60901.0,1.0,7.5,69.6,6,0.7487875956106352,14,609,0.17322194540795668,1451.0,honeybee,-0.6474040316078206,1451.0,0.31850686003587864,896.6166666666667,4,-0.05660752102503974,True
2682,2682,60914563700,honeybee,2.0,60902.0,1.0,3.8,36.4,6,0.7487875956106352,14,609,0.6529260333974111,304.0,honeybee,-0.760950690312116,304.0,-0.5666037393871753,896.6166666666667,6,-0.05660752102503974,True
2684,2684,60914594400,honeybee,6.0,60906.0,1.0,7.6,67.2,6,0.7945983624986078,14,609,-0.7861862305709522,1353.0,honeybee,-0.5176364216600542,1353.0,0.24288276348534743,899.7333333333333,10,-0.7635405118303149,True
2685,2685,60914594400,honeybee,5.0,60905.0,1.0,1.1,42.9,6,0.7945983624986078,14,609,-0.30648214258149775,187.0,honeybee,-0.30676405549493413,187.0,-0.6568896505750543,899.7333333333333,16,-0.7635405118303149,False
2686,2686,60915003600,honeybee,5.0,60905.0,1.0,3.4,101.8,6,0.8073371853765468,15,609,-0.7861862305709522,52.0,honeybee,-0.6798459340947619,52.0,-0.7610657019456841,900.6,17,-1.1170070072329525,True
2688,2688,60915044200,honeybee,5.0,60905.0,1.0,2.6,73.9,6,0.8676016166837193,15,609,-0.7861862305709522,246.0,honeybee,-0.30676405549493413,246.0,-0.6113608577538162,904.7,18,-0.7635405118303149,True
2689,2689,60915044200,honeybee,1.0,60901.0,1.0,1.1,32.1,6,0.8676016166837193,15,609,-0.30648214258149775,485.0,honeybee,0.35829494548736784,485.0,-0.4269306631050717,904.7,5,-0.7635405118303149,False
2690,2690,60915110200,honeybee,1.0,60901.0,1.0,4.3,71.5,6,0.9606930146378883,15,609,-0.7861862305709522,380.0,honeybee,-0.6798459340947619,380.0,-0.5079564808377838,911.0333333333333,6,-0.4100740164276773,True
2691,2691,60915110200,honeybee,2.0,60902.0,1.0,1.4,36.9,6,0.9606930146378883,15,609,-0.30648214258149775,865.0,honeybee,-0.24188025052105103,865.0,-0.1336943703581141,911.0333333333333,7,-0.4100740164276773,False
2692,2692,60915110200,honeybee,6.0,60906.0,1.0,2.9,34.2,6,0.9606930146378883,15,609,0.17322194540795668,678.0,honeybee,0.37451589673083857,678.0,-0.2779974933678011,911.0333333333333,11,-0.4100740164276773,True
2695,2695,60915221900,honeybee,5.0,60905.0,1.0,0.5,22.0,6,1.1265426894141313,15,609,0.17322194540795668,1057.0,honeybee,-0.43653166544270033,1057.0,0.014467124924559325,922.3166666666667,19,0.29685897437759784,False
2696,2696,60915221900,honeybee,4.0,60904.0,2.0,0.2,0.2,6,1.1265426894141313,15,609,0.6529260333974111,0.0,honeybee,5.240801269772073,0.0,-0.8011927735847415,922.3166666666667,10,0.29685897437759784,False
2697,2697,60915221900,honeybee,5.0,60905.0,2.0,4.4,15.8,6,1.1265426894141313,15,609,1.1326301213868655,0.0,honeybee,-0.7771716415555867,0.0,-0.8011927735847415,922.3166666666667,20,0.29685897437759784,True
2700,2700,60915234600,honeybee,5.0,60905.0,2.0,9.8,153.5,6,1.1478557199983752,15,609,0.17322194540795668,0.0,honeybee,7.544176346344923,0.0,-0.8011927735847415,923.7666666666667,22,-0.05660752102503974,True
2703,2703,60915272400,honeybee,2.0,60902.0,1.0,1.5,7.6,6,1.2012607851405037,15,609,-0.7861862305709522,305.0,honeybee,2.9374261931992214,305.0,-0.5658320649325781,927.4,9,-0.05660752102503974,False
2705,2705,60915272400,honeybee,2.0,60902.0,2.0,1.5,33.5,6,1.2012607851405037,15,609,0.17322194540795668,0.0,honeybee,-0.6149621291208789,0.0,-0.8011927735847415,927.4,10,-0.05660752102503974,False
2706,2706,60915272400,honeybee,3.0,60903.0,1.0,6.1,56.5,6,1.2012607851405037,15,609,0.6529260333974111,1847.0,honeybee,-0.760950690312116,1847.0,0.6240899440563925,927.4,12,-0.05660752102503974,True
2707,2707,60915322600,honeybee,5.0,60905.0,1.0,1.3,76.9,6,1.2752439487777643,15,609,-0.7861862305709522,520.0,honeybee,0.7313768240871958,520.0,-0.3999220571941678,932.4333333333333,23,-1.1170070072329525,False
2709,2709,60915372900,honeybee,3.0,60903.0,1.0,1.0,46.6,6,1.349472089778062,15,609,-0.7861862305709522,605.0,honeybee,0.13120162807877686,605.0,-0.3343297285534009,937.4833333333333,13,-0.4100740164276773,False
2710,2710,60915372900,honeybee,2.0,60902.0,1.0,5.8,68.9,6,1.349472089778062,15,609,-0.30648214258149775,605.0,honeybee,-0.6149621291208789,605.0,-0.3343297285534009,937.4833333333333,11,-0.4100740164276773,True
2711,2711,60915372900,honeybee,1.0,60901.0,1.0,5.5,95.0,6,1.349472089778062,15,609,0.17322194540795668,1587.0,honeybee,-0.16077549430369714,1587.0,0.42345458586110557,937.4833333333333,7,-0.4100740164276773,True
2714,2714,60915383700,honeybee,1.0,60901.0,1.0,1.0,12.4,6,1.3661305504645977,15,609,-0.7861862305709522,68.0,honeybee,0.03387592061795224,68.0,-0.748718910672128,938.6166666666667,8,-1.1170070072329525,False
2715,2715,60915384200,honeybee,1.0,60901.0,1.0,11.1,117.5,6,1.367355437279784,15,609,-0.7861862305709522,5.0,honeybee,-0.6960668853382328,5.0,-0.7973344013117553,938.7,9,-0.05660752102503974,True
2716,2716,60915384200,honeybee,3.0,60903.0,1.0,7.7,66.4,6,1.367355437279784,15,609,-0.30648214258149775,73.0,honeybee,-0.6960668853382328,73.0,-0.7448605383991418,938.7,14,-0.05660752102503974,True
2718,2718,60915384200,honeybee,5.0,60905.0,1.0,15.6,120.2,6,1.367355437279784,15,609,0.6529260333974111,376.0,honeybee,-0.6474040316078206,376.0,-0.5110431786561729,938.7,24,-0.05660752102503974,True
2721,2721,60915485000,honeybee,5.0,60905.0,1.0,1.0,20.7,6,1.5163016740064543,15,609,-0.7861862305709522,608.0,honeybee,1.672191996208501,608.0,-0.3320147051896092,948.8333333333334,25,-1.1170070072329525,False
2732,2732,61012191200,honeybee,3.0,61003.0,2.0,0.3,14.6,6,-1.5650235982765377,12,610,1.61233420937632,0.0,honeybee,0.16364353056571845,0.0,-0.8011927735847415,739.2,2,1.003791965182873,False
2736,2736,61013390900,honeybee,0.0,61000.0,1.0,8.0,102.2,6,-0.38986718778667334,13,610,-0.7861862305709522,4797.0,honeybee,1.2180053613913193,4797.0,2.900529585118301,819.15,2,-0.4100740164276773,True
2737,2737,61013390900,honeybee,1.0,61001.0,1.0,8.5,152.5,6,-0.38986718778667334,13,610,-0.30648214258149775,4797.0,honeybee,0.8124815803045498,4797.0,2.900529585118301,819.15,2,-0.4100740164276773,True
2738,2738,61013390900,honeybee,3.0,61003.0,1.0,7.5,67.3,6,-0.38986718778667334,13,610,0.17322194540795668,4797.0,honeybee,-0.8096135440425283,4797.0,2.900529585118301,819.15,3,-0.4100740164276773,True
2739,2739,61013394900,honeybee,5.0,61005.0,1.0,5.6,73.0,6,-0.38006809326518187,13,610,-0.7861862305709522,4837.0,honeybee,0.17986448180918932,4837.0,2.931396563302191,819.8166666666667,2,-0.4100740164276773,True
2740,2740,61013394900,honeybee,2.0,61002.0,1.0,7.7,110.4,6,-0.38006809326518187,13,610,-0.30648214258149775,4837.0,honeybee,1.1693425076609067,4837.0,2.931396563302191,819.8166666666667,2,-0.4100740164276773,True
2741,2741,61013394900,honeybee,1.0,61001.0,1.0,2.0,26.5,6,-0.38006809326518187,13,610,0.17322194540795668,40.0,honeybee,0.5205044579220757,40.0,-0.7703257954008511,819.8166666666667,3,-0.4100740164276773,False
2743,2743,61013404900,honeybee,5.0,61005.0,1.0,3.1,40.5,6,-0.3653694514829447,13,610,-0.7861862305709522,60.0,honeybee,0.05009687186142296,60.0,-0.754892306308906,820.8166666666667,3,-1.1170070072329525,True
2744,2744,61013480000,honeybee,0.0,61000.0,1.0,0.5,16.8,6,-0.25978420801387414,13,610,-0.7861862305709522,531.0,honeybee,0.4393997017047217,531.0,-0.39143363819359794,828.0,3,-0.4100740164276773,False
2746,2746,61013480000,honeybee,3.0,61003.0,1.0,1.7,59.7,6,-0.25978420801387414,13,610,0.17322194540795668,531.0,honeybee,0.35829494548736784,531.0,-0.39143363819359794,828.0,4,-0.4100740164276773,False
2747,2747,61014002200,honeybee,2.0,61002.0,1.0,7.3,79.3,6,-0.0780110046402074,14,610,-0.7861862305709522,1233.0,honeybee,0.3907368479743094,1233.0,0.1502818289336766,840.3666666666667,3,0.29685897437759784,True
2748,2748,61014002200,honeybee,1.0,61001.0,1.0,10.1,76.6,6,-0.0780110046402074,14,610,-0.30648214258149775,1233.0,honeybee,-0.5338573729035251,1233.0,0.1502818289336766,840.3666666666667,4,0.29685897437759784,True
2749,2749,61014002200,honeybee,2.0,61002.0,2.0,2.5,158.5,6,-0.0780110046402074,14,610,0.17322194540795668,0.0,honeybee,0.3258530430004262,0.0,-0.8011927735847415,840.3666666666667,4,0.29685897437759784,True
2750,2750,61014002200,honeybee,1.0,61001.0,2.0,0.6,51.1,6,-0.0780110046402074,14,610,0.6529260333974111,0.0,honeybee,0.7800396778176081,0.0,-0.8011927735847415,840.3666666666667,5,0.29685897437759784,False
2751,2751,61014002200,honeybee,0.0,61000.0,1.0,8.1,277.4,6,-0.0780110046402074,14,610,1.1326301213868655,742.0,honeybee,-0.7771716415555867,742.0,-0.22861032827357666,840.3666666666667,4,0.29685897437759784,True
2752,2752,61014010700,honeybee,0.0,61000.0,1.0,0.3,11.9,6,-0.06698702330352949,14,610,-0.7861862305709522,45.0,honeybee,0.45562065294819243,45.0,-0.7664674231278649,841.1166666666667,5,-1.1170070072329525,False
2755,2755,61014080800,honeybee,0.0,61000.0,1.0,2.8,63.7,6,0.03614844653516821,14,610,-0.7861862305709522,421.0,honeybee,-0.8096135440425283,421.0,-0.47631782819929624,848.1333333333333,6,1.3572584605855107,True
2757,2757,61014080800,honeybee,2.0,61002.0,1.0,2.0,41.1,6,0.03614844653516821,14,610,0.17322194540795668,466.0,honeybee,-0.4527526166861711,466.0,-0.4415924777424197,848.1333333333333,5,1.3572584605855107,False
2758,2758,61014080800,honeybee,4.0,61004.0,1.0,7.6,96.7,6,0.03614844653516821,14,610,0.6529260333974111,6536.0,honeybee,0.569167311652488,6536.0,4.242471461662931,848.1333333333333,2,1.3572584605855107,True
2759,2759,61014080800,honeybee,3.0,61003.0,1.0,5.0,78.4,6,0.03614844653516821,14,610,1.1326301213868655,1208.0,honeybee,-0.5825202266339373,1208.0,0.13098996756874512,848.1333333333333,5,1.3572584605855107,True
2760,2760,61014080800,honeybee,2.0,61002.0,2.0,1.6,42.1,6,0.03614844653516821,14,610,1.61233420937632,0.0,honeybee,-0.5338573729035251,0.0,-0.8011927735847415,848.1333333333333,6,1.3572584605855107,False
2761,2761,61014080800,honeybee,1.0,61001.0,2.0,5.5,62.3,6,0.03614844653516821,14,610,2.0920382973657743,466.0,honeybee,-0.760950690312116,466.0,-0.4415924777424197,848.1333333333333,6,1.3572584605855107,True
2762,2762,61014080800,honeybee,5.0,61005.0,1.0,4.5,56.5,6,0.03614844653516821,14,610,2.571742385355229,1639.0,honeybee,-0.3554269092253464,1639.0,0.46358165750016295,848.1333333333333,4,1.3572584605855107,True
2763,2763,61014130300,honeybee,0.0,61000.0,1.0,5.1,75.5,6,0.10841676863116778,14,610,-0.7861862305709522,295.0,honeybee,-0.4040897629557588,295.0,-0.5735488094785506,853.05,7,-1.1170070072329525,True
2764,2764,61014130900,honeybee,5.0,61005.0,1.0,3.4,73.8,6,0.10988663280939151,14,610,-0.7861862305709522,301.0,honeybee,-0.12833359181675555,301.0,-0.5689187627509671,853.15,5,-1.1170070072329525,True
2767,2767,61014212100,honeybee,1.0,61001.0,1.0,2.4,21.3,6,0.23041549542373657,14,610,-0.30648214258149775,793.0,honeybee,0.03387592061795224,793.0,-0.18925493108911656,861.35,7,0.29685897437759784,True
2768,2768,61014212100,honeybee,3.0,61003.0,1.0,1.8,41.1,6,0.23041549542373657,14,610,0.17322194540795668,793.0,honeybee,-0.04722883559940166,793.0,-0.18925493108911656,861.35,6,0.29685897437759784,False
2769,2769,61014212100,honeybee,2.0,61002.0,1.0,2.4,18.3,6,0.23041549542373657,14,610,0.6529260333974111,793.0,honeybee,-0.5987411778774081,793.0,-0.18925493108911656,861.35,7,0.29685897437759784,True
2770,2770,61014212100,honeybee,0.0,61000.0,2.0,4.0,88.9,6,0.23041549542373657,14,610,1.1326301213868655,498.0,honeybee,-0.031007884355930933,498.0,-0.4168988951953074,861.35,8,0.29685897437759784,True
2771,2771,61014212500,honeybee,3.0,61003.0,1.0,1.8,34.8,6,0.2313954048758857,14,610,-0.7861862305709522,4.0,honeybee,-0.5662992753904666,4.0,-0.7981060757663525,861.4166666666666,7,-0.4100740164276773,False
2772,2772,61014212500,honeybee,2.0,61002.0,1.0,4.2,89.0,6,0.2313954048758857,14,610,-0.30648214258149775,4.0,honeybee,-0.46897356792964195,4.0,-0.7981060757663525,861.4166666666666,8,-0.4100740164276773,True
2773,2773,61014212500,honeybee,0.0,61000.0,1.0,6.0,250.0,6,0.2313954048758857,14,610,0.17322194540795668,4.0,honeybee,-0.20943834803410946,4.0,-0.7981060757663525,861.4166666666666,9,-0.4100740164276773,True
2774,2774,61014221400,honeybee,0.0,61000.0,1.0,4.3,44.7,6,0.24339929566471274,14,610,-0.7861862305709522,49.0,honeybee,0.11498067683530613,49.0,-0.7633807253094759,862.2333333333333,10,1.003791965182873,True
2775,2775,61014221400,honeybee,1.0,61001.0,1.0,1.1,43.2,6,0.24339929566471274,14,610,-0.30648214258149775,53.0,honeybee,-0.46897356792964195,53.0,-0.7602940274910869,862.2333333333333,8,1.003791965182873,False
2776,2776,61014221400,honeybee,4.0,61004.0,1.0,7.0,71.1,6,0.24339929566471274,14,610,0.17322194540795668,846.0,honeybee,0.37451589673083857,846.0,-0.14835618499546196,862.2333333333333,3,1.003791965182873,True
2777,2777,61014221400,honeybee,3.0,61003.0,1.0,5.8,63.6,6,0.24339929566471274,14,610,0.6529260333974111,49.0,honeybee,-0.5662992753904666,49.0,-0.7633807253094759,862.2333333333333,8,1.003791965182873,True
2778,2778,61014221400,honeybee,2.0,61002.0,1.0,5.6,77.8,6,0.24339929566471274,14,610,1.1326301213868655,49.0,honeybee,-0.17699644554716787,49.0,-0.7633807253094759,862.2333333333333,9,1.003791965182873,True
2779,2779,61014221400,honeybee,1.0,61001.0,2.0,2.1,41.3,6,0.24339929566471274,14,610,1.61233420937632,0.0,honeybee,-0.6798459340947619,0.0,-0.8011927735847415,862.2333333333333,9,1.003791965182873,False
2780,2780,61014221400,honeybee,0.0,61000.0,2.0,1.5,35.2,6,0.24339929566471274,14,610,2.0920382973657743,0.0,honeybee,-0.16077549430369714,0.0,-0.8011927735847415,862.2333333333333,11,1.003791965182873,False
2781,2781,61014230000,honeybee,5.0,61005.0,1.0,7.0,51.9,6,0.2546682543644279,14,610,-0.7861862305709522,591.0,honeybee,-0.30676405549493413,591.0,-0.3451331709177625,863.0,6,-1.1170070072329525,True
2789,2789,61014555300,honeybee,5.0,61005.0,1.0,5.3,56.1,6,0.7380085916369946,14,610,-0.7861862305709522,1973.0,honeybee,0.27719018927001393,1973.0,0.7213209253356468,895.8833333333333,7,-1.1170070072329525,True
2803,2803,61211555700,honeybee,5.0,61205.0,1.0,2.2,54.0,6,-1.9067670197135527,11,612,-0.7861862305709522,915.0,honeybee,0.37451589673083857,915.0,-0.09511064762825121,715.95,2,-0.4100740164276773,False
2804,2804,61211555700,honeybee,3.0,61203.0,1.0,6.8,74.6,6,-1.9067670197135527,11,612,-0.30648214258149775,1686.0,honeybee,0.16364353056571845,1686.0,0.4998503568662341,715.95,2,-0.4100740164276773,True
2805,2805,61211555700,honeybee,2.0,61202.0,1.0,1.5,26.3,6,-1.9067670197135527,11,612,0.17322194540795668,1686.0,honeybee,0.11498067683530613,1686.0,0.4998503568662341,715.95,2,-0.4100740164276773,False
2809,2809,61212245100,honeybee,2.0,61202.0,1.0,4.6,60.4,6,-1.4819762722068974,12,612,-0.7861862305709522,1734.0,honeybee,-0.6149621291208789,1734.0,0.5368907306869023,744.85,3,-1.1170070072329525,True
2811,2811,61212262700,honeybee,3.0,61203.0,1.0,4.5,56.8,6,-1.458458445355318,12,612,-0.7861862305709522,1830.0,honeybee,0.24474828678307234,1830.0,0.6109714783282391,746.45,3,-0.7635405118303149,True
2812,2812,61212262700,honeybee,2.0,61202.0,1.0,2.3,51.4,6,-1.458458445355318,12,612,-0.30648214258149775,96.0,honeybee,-0.11211264057328484,96.0,-0.7271120259434048,746.45,4,-0.7635405118303149,False
2814,2814,61212331100,honeybee,5.0,61205.0,1.0,5.6,74.6,6,-1.3594875906882542,12,612,-0.7861862305709522,2234.0,honeybee,-0.5014154704165834,2234.0,0.922727957985531,753.1833333333333,3,-0.05660752102503974,True
2815,2815,61212331100,honeybee,4.0,61204.0,1.0,4.0,76.5,6,-1.3594875906882542,12,612,-0.30648214258149775,3149.0,honeybee,-0.27432215300799256,3149.0,1.6288100839420214,753.1833333333333,2,-0.05660752102503974,True
2816,2816,61212331100,honeybee,2.0,61202.0,1.0,3.0,47.5,6,-1.3594875906882542,12,612,0.17322194540795668,404.0,honeybee,-0.48519451917311274,404.0,-0.48943629392744953,753.1833333333333,5,-0.05660752102503974,True
2817,2817,61212331100,honeybee,3.0,61203.0,1.0,0.5,68.3,6,-1.3594875906882542,12,612,0.6529260333974111,404.0,honeybee,-0.12833359181675555,404.0,-0.48943629392744953,753.1833333333333,4,-0.05660752102503974,False
2818,2818,61212384300,honeybee,5.0,61205.0,1.0,5.0,81.8,6,-1.2781551061598748,12,612,-0.7861862305709522,332.0,honeybee,0.05009687186142296,332.0,-0.5449968546584522,758.7166666666667,4,-0.05660752102503974,True
2819,2819,61212384300,honeybee,4.0,61204.0,1.0,2.0,55.6,6,-1.2781551061598748,12,612,-0.30648214258149775,332.0,honeybee,-0.20943834803410946,332.0,-0.5449968546584522,758.7166666666667,3,-0.05660752102503974,False
2820,2820,61212384300,honeybee,2.0,61202.0,1.0,2.4,38.0,6,-1.2781551061598748,12,612,0.17322194540795668,332.0,honeybee,-0.37164786046881726,332.0,-0.5449968546584522,758.7166666666667,6,-0.05660752102503974,True
2821,2821,61212384300,honeybee,0.0,61200.0,1.0,7.5,99.1,6,-1.2781551061598748,12,612,0.6529260333974111,4268.0,honeybee,0.08253877434836455,4268.0,2.4923137986363524,758.7166666666667,2,-0.05660752102503974,True
2825,2825,61212565700,honeybee,4.0,61204.0,1.0,1.0,11.1,6,-1.0101498709970833,12,612,-0.7861862305709522,1094.0,honeybee,-0.5338573729035251,1094.0,0.04301907974465786,776.95,4,-0.7635405118303149,False
2826,2826,61212565700,honeybee,5.0,61205.0,1.0,4.1,59.8,6,-1.0101498709970833,12,612,-0.30648214258149775,1094.0,honeybee,-0.04722883559940166,1094.0,0.04301907974465786,776.95,5,-0.7635405118303149,True
2827,2827,61213061600,honeybee,5.0,61205.0,1.0,2.6,50.9,6,-0.87320752505924,13,612,-0.7861862305709522,559.0,honeybee,-0.19321739679063873,559.0,-0.36982675346487476,786.2666666666667,6,-0.4100740164276773,True
2828,2828,61213061600,honeybee,2.0,61202.0,1.0,5.3,57.3,6,-0.87320752505924,13,612,-0.30648214258149775,1653.0,honeybee,-0.46897356792964195,1653.0,0.4743850998645246,786.2666666666667,7,-0.4100740164276773,True
2831,2831,61213163800,honeybee,2.0,61202.0,1.0,4.1,42.1,6,-0.7208316052500476,13,612,-0.7861862305709522,622.0,honeybee,0.0014340181310106524,622.0,-0.32121126282524753,796.6333333333333,8,1.003791965182873,True
2832,2832,61213163800,honeybee,4.0,61204.0,1.0,4.0,38.4,6,-0.7208316052500476,13,612,-0.30648214258149775,1181.0,honeybee,-0.6960668853382328,1181.0,0.1101547572946192,796.6333333333333,5,1.003791965182873,True
2834,2834,61213163800,honeybee,3.0,61203.0,1.0,6.1,116.1,6,-0.7208316052500476,13,612,0.6529260333974111,2607.0,honeybee,-0.7771716415555867,2607.0,1.210562529550308,796.6333333333333,5,1.003791965182873,True
2835,2835,61213163800,honeybee,1.0,61201.0,1.0,6.6,86.7,6,-0.7208316052500476,13,612,1.1326301213868655,622.0,honeybee,1.0233539464696697,622.0,-0.32121126282524753,796.6333333333333,2,1.003791965182873,True
2837,2837,61213163800,honeybee,0.0,61200.0,1.0,5.5,47.6,6,-0.7208316052500476,13,612,2.0920382973657743,2275.0,honeybee,0.35829494548736784,2275.0,0.9543666106240184,796.6333333333333,3,1.003791965182873,True
2839,2839,61213381300,honeybee,4.0,61204.0,1.0,3.3,45.0,6,-0.4035859201167614,13,612,-0.30648214258149775,1295.0,honeybee,-0.20943834803410946,1295.0,0.19812564511870645,818.2166666666667,6,0.29685897437759784,True
2840,2840,61213381300,honeybee,2.0,61202.0,1.0,6.1,68.5,6,-0.4035859201167614,13,612,0.17322194540795668,1295.0,honeybee,-0.19321739679063873,1295.0,0.19812564511870645,818.2166666666667,9,0.29685897437759784,True
2841,2841,61213381300,honeybee,3.0,61203.0,1.0,4.8,107.9,6,-0.4035859201167614,13,612,0.6529260333974111,1295.0,honeybee,0.13120162807877686,1295.0,0.19812564511870645,818.2166666666667,6,0.29685897437759784,True
2842,2842,61213381300,honeybee,0.0,61200.0,1.0,7.0,72.2,6,-0.4035859201167614,13,612,1.1326301213868655,1295.0,honeybee,0.03387592061795224,1295.0,0.19812564511870645,818.2166666666667,4,0.29685897437759784,True
2844,2844,61213382200,honeybee,4.0,61204.0,1.0,1.5,46.3,6,-0.4013811238494258,13,612,-0.30648214258149775,9.0,honeybee,-0.3229850067384049,9.0,-0.7942477034933663,818.3666666666667,7,-0.7635405118303149,False
2849,2849,61213564710,honeybee,2.0,61202.0,1.0,5.6,75.8,6,-0.13068113769322404,13,612,-0.7861862305709522,1114.0,honeybee,0.13120162807877686,1114.0,0.05845256883660295,836.7833333333333,10,-1.1170070072329525,True
2850,2850,61213571800,honeybee,5.0,61205.0,1.0,1.3,39.7,6,-0.12308683943906815,13,612,-0.7861862305709522,3062.0,honeybee,-0.43653166544270033,3062.0,1.56167440639206,837.3,7,0.6503254697802354,False
2851,2851,61213571800,honeybee,4.0,61204.0,1.0,3.6,64.4,6,-0.12308683943906815,13,612,-0.30648214258149775,1136.0,honeybee,-0.6149621291208789,1136.0,0.07542940683774263,837.3,8,0.6503254697802354,True
2852,2852,61213571800,honeybee,5.0,61205.0,2.0,2.3,271.6,6,-0.12308683943906815,13,612,0.17322194540795668,0.0,honeybee,-0.6474040316078206,0.0,-0.8011927735847415,837.3,8,0.6503254697802354,False
2853,2853,61213571800,honeybee,4.0,61204.0,2.0,0.3,23.3,6,-0.12308683943906815,13,612,0.6529260333974111,0.0,honeybee,-0.27432215300799256,0.0,-0.8011927735847415,837.3,9,0.6503254697802354,False
2854,2854,61213571800,honeybee,2.0,61202.0,1.0,2.6,54.9,6,-0.12308683943906815,13,612,1.1326301213868655,31.0,honeybee,0.05009687186142296,31.0,-0.7772708654922266,837.3,11,0.6503254697802354,True
2855,2855,61213571800,honeybee,0.0,61200.0,1.0,8.6,104.8,6,-0.12308683943906815,13,612,1.61233420937632,1145.0,honeybee,0.27719018927001393,1145.0,0.08237447692911787,837.3,5,0.6503254697802354,True
2861,2861,61214563700,honeybee,2.0,61202.0,1.0,6.0,60.5,6,0.7487875956106352,14,612,-0.7861862305709522,3559.0,honeybee,-0.43653166544270033,3559.0,1.9451966103268965,896.6166666666667,12,-0.7635405118303149,True
2862,2862,61214563700,honeybee,3.0,61203.0,1.0,2.3,50.4,6,0.7487875956106352,14,612,-0.30648214258149775,1596.0,moth,-0.5176364216600542,4704.0,0.430399655952481,896.6166666666667,8,-0.7635405118303149,False
2863,2863,61215004800,honeybee,0.0,61200.0,1.0,5.1,41.3,6,0.8102769137329942,15,612,-0.7861862305709522,3810.0,honeybee,0.5367254091655463,3810.0,2.1388868984308083,900.8,6,-0.05660752102503974,True
2864,2864,61215004800,honeybee,4.0,61204.0,1.0,1.0,40.2,6,0.8102769137329942,15,612,-0.30648214258149775,3810.0,honeybee,-0.8096135440425283,3810.0,2.1388868984308083,900.8,10,-0.05660752102503974,False
2865,2865,61215004800,honeybee,2.0,61202.0,1.0,2.0,27.2,6,0.8102769137329942,15,612,0.17322194540795668,251.0,honeybee,0.11498067683530613,251.0,-0.60750248548083,900.8,13,-0.05660752102503974,False
2866,2866,61215004800,honeybee,3.0,61203.0,1.0,0.6,13.7,6,0.8102769137329942,15,612,0.6529260333974111,251.0,honeybee,-0.48519451917311274,251.0,-0.60750248548083,900.8,9,-0.05660752102503974,False
2869,2869,61215232000,honeybee,5.0,61205.0,1.0,0.3,24.3,6,1.1414863085594058,15,612,-0.7861862305709522,266.0,hoverfly,-0.7285087878251744,5162.0,-0.595927368661871,923.3333333333334,10,-0.05660752102503974,False
2870,2870,61215232000,honeybee,4.0,61204.0,1.0,0.6,13.1,6,1.1414863085594058,15,612,-0.30648214258149775,1352.0,honeybee,-0.6960668853382328,1352.0,0.24211108903075024,923.3333333333334,11,-0.05660752102503974,False
2871,2871,61215232000,honeybee,2.0,61202.0,1.0,2.0,22.5,6,1.1414863085594058,15,612,0.17322194540795668,730.0,hoverfly,-0.27432215300799256,1352.0,-0.2378704217287438,923.3333333333334,15,-0.05660752102503974,False
2872,2872,61215232000,honeybee,3.0,61203.0,1.0,2.2,107.6,6,1.1414863085594058,15,612,0.6529260333974111,1352.0,honeybee,-0.760950690312116,1352.0,0.24211108903075024,923.3333333333334,10,-0.05660752102503974,False
2873,2873,61215255600,honeybee,5.0,61205.0,1.0,4.8,75.9,6,1.1797027771932225,15,612,-0.7861862305709522,156.0,honeybee,-0.8096135440425283,156.0,-0.6808115586675694,925.9333333333333,11,-0.4100740164276773,True
2874,2874,61215255600,honeybee,4.0,61204.0,1.0,1.1,40.8,6,1.1797027771932225,15,612,-0.30648214258149775,156.0,honeybee,-0.760950690312116,156.0,-0.6808115586675694,925.9333333333333,12,-0.4100740164276773,False
2875,2875,61215255600,honeybee,2.0,61202.0,1.0,0.6,21.6,6,1.1797027771932225,15,612,0.17322194540795668,156.0,honeybee,-0.5338573729035251,156.0,-0.6808115586675694,925.9333333333333,16,-0.4100740164276773,False
2876,2876,61215305300,honeybee,5.0,61205.0,1.0,3.6,52.0,6,1.2524610540152967,15,612,-0.7861862305709522,297.0,honeybee,-0.07967073808634324,297.0,-0.5720054605693562,930.8833333333333,12,-0.4100740164276773,True
2877,2877,61215305300,honeybee,4.0,61204.0,1.0,3.1,38.8,6,1.2524610540152967,15,612,-0.30648214258149775,297.0,honeybee,-0.6798459340947619,297.0,-0.5720054605693562,930.8833333333333,13,-0.4100740164276773,True
2878,2878,61215305300,honeybee,2.0,61202.0,1.0,1.1,19.5,6,1.2524610540152967,15,612,0.17322194540795668,297.0,honeybee,-0.760950690312116,297.0,-0.5720054605693562,930.8833333333333,17,-0.4100740164276773,False
2880,2880,61215471900,honeybee,4.0,61204.0,1.0,1.6,27.0,6,1.4940087339700614,15,612,-0.7861862305709522,986.0,honeybee,-0.3554269092253464,986.0,-0.04032176135184594,947.3166666666667,14,-0.4100740164276773,False
2881,2881,61215471900,honeybee,2.0,61202.0,1.0,4.8,60.4,6,1.4940087339700614,15,612,-0.30648214258149775,986.0,honeybee,-0.6798459340947619,986.0,-0.04032176135184594,947.3166666666667,18,-0.4100740164276773,True
2882,2882,61215471900,honeybee,3.0,61203.0,1.0,0.8,19.2,6,1.4940087339700614,15,612,0.17322194540795668,1439.0,honeybee,-0.5014154704165834,1439.0,0.30924676658071154,947.3166666666667,11,-0.4100740164276773,False
2883,2883,61216035700,honeybee,5.0,61205.0,1.0,3.2,37.7,6,1.7384961422812735,16,612,-0.7861862305709522,1984.0,honeybee,-0.27432215300799256,1984.0,0.7298093443362168,963.95,13,-1.1170070072329525,True
2884,2884,61216040400,honeybee,4.0,61204.0,1.0,0.8,18.5,6,1.7402109838225344,16,612,-0.7861862305709522,1005.0,honeybee,-0.5987411778774081,1005.0,-0.025659946714498068,964.0666666666667,15,-0.7635405118303149,False
2885,2885,61216040400,honeybee,2.0,61202.0,1.0,1.8,23.5,6,1.7402109838225344,16,612,-0.30648214258149775,1005.0,honeybee,-0.07967073808634324,1005.0,-0.025659946714498068,964.0666666666667,19,-0.7635405118303149,False
2886,2886,61216053700,honeybee,5.0,61205.0,1.0,2.1,73.2,6,1.7629938785850021,16,612,-0.7861862305709522,100.0,honeybee,-0.33920595798187564,100.0,-0.7240253281250157,965.6166666666667,14,-0.4100740164276773,False
2887,2887,61216053700,honeybee,2.0,61202.0,1.0,0.3,27.1,6,1.7629938785850021,16,612,-0.30648214258149775,93.0,honeybee,-0.5662992753904666,93.0,-0.7294270493071965,965.6166666666667,20,-0.4100740164276773,False
2888,2888,61216053700,honeybee,3.0,61203.0,1.0,1.5,38.6,6,1.7629938785850021,16,612,0.17322194540795668,1098.0,honeybee,-0.7285087878251744,1098.0,0.04610577756304688,965.6166666666667,12,-0.4100740164276773,False
2889,2889,61216071900,honeybee,2.0,61202.0,1.0,5.5,98.0,6,1.7879815696148054,16,612,-0.7861862305709522,102.0,honeybee,-0.8096135440425283,102.0,-0.7224819792158212,967.3166666666667,21,-1.1170070072329525,True
2891,2891,61216075200,honeybee,5.0,61205.0,1.0,0.8,29.1,6,1.7960658225950359,16,612,-0.7861862305709522,135.0,honeybee,-0.5176364216600542,135.0,-0.6970167222141118,967.8666666666667,15,-1.1170070072329525,False
2893,2893,61216091000,honeybee,5.0,61205.0,1.0,4.9,613.0,6,1.8151740569119441,16,612,-0.7861862305709522,78.0,honeybee,-0.7285087878251744,78.0,-0.7410021661261554,969.1666666666666,16,0.29685897437759784,True
2894,2894,61216091000,honeybee,4.0,61204.0,1.0,1.3,22.5,6,1.8151740569119441,16,612,-0.30648214258149775,306.0,honeybee,-0.7285087878251744,306.0,-0.5650603904779808,969.1666666666666,16,0.29685897437759784,False
2896,2896,61216091000,honeybee,4.0,61204.0,2.0,0.4,4.6,6,1.8151740569119441,16,612,0.6529260333974111,0.0,honeybee,-0.6474040316078206,0.0,-0.8011927735847415,969.1666666666666,17,0.29685897437759784,False
2897,2897,61216091000,honeybee,2.0,61202.0,1.0,2.8,36.1,6,1.8151740569119441,16,612,1.1326301213868655,111.0,honeybee,0.03387592061795224,111.0,-0.7155369091244459,969.1666666666666,22,0.29685897437759784,True
2898,2898,61216091200,honeybee,5.0,61205.0,1.0,4.3,481.3,6,1.8156640116380187,16,612,-0.7861862305709522,2.0,honeybee,-0.06344978684287238,2.0,-0.7996494246755469,969.2,17,-0.7635405118303149,True
2899,2899,61216091200,honeybee,4.0,61204.0,1.0,3.5,57.5,6,1.8156640116380187,16,612,-0.30648214258149775,2.0,honeybee,-0.7933925927990575,2.0,-0.7996494246755469,969.2,18,-0.7635405118303149,True
2900,2900,61216091300,honeybee,5.0,61205.0,1.0,3.3,291.7,6,1.815908989001056,16,612,-0.7861862305709522,1.0,honeybee,-0.16077549430369714,1.0,-0.8004210991301443,969.2166666666667,18,-0.7635405118303149,True
2901,2901,61216091300,honeybee,4.0,61204.0,1.0,2.6,91.8,6,1.815908989001056,16,612,-0.30648214258149775,1.0,honeybee,-0.29054310425146335,1.0,-0.8004210991301443,969.2166666666667,19,-0.7635405118303149,True
2908,2908,61512300500,honeybee,3.0,61503.0,1.0,6.6,76.6,6,-1.4050533802131895,12,615,-0.7861862305709522,748.0,honeybee,1.2666682151217314,748.0,-0.22398028154599314,750.0833333333334,2,-1.1170070072329525,True
2916,2916,61513214100,honeybee,5.0,61505.0,1.0,0.4,25.8,6,-0.6466034642497498,13,615,-0.7861862305709522,15.0,honeybee,0.40695779921778014,15.0,-0.7896176567657827,801.6833333333333,2,-0.4100740164276773,False
2917,2917,61513214100,honeybee,6.0,61506.0,1.0,6.2,101.0,6,-0.6466034642497498,13,615,-0.30648214258149775,2881.0,hoverfly,0.29341114051348466,3120.0,1.4220013301099563,801.6833333333333,3,-0.4100740164276773,True
2918,2918,61513214100,honeybee,5.0,61505.0,2.0,0.3,14.4,6,-0.6466034642497498,13,615,0.17322194540795668,0.0,honeybee,-0.7933925927990575,0.0,-0.8011927735847415,801.6833333333333,3,-0.4100740164276773,False
2920,2920,61514435000,honeybee,0.0,61500.0,1.0,6.1,190.7,6,0.5608899581610363,14,615,-0.7861862305709522,10254.0,honeybee,-0.24188025052105103,10254.0,7.1115570838555335,883.8333333333334,2,-0.05660752102503974,True
2921,2921,61514435000,honeybee,1.0,61501.0,1.0,5.8,125.3,6,0.5608899581610363,14,615,-0.30648214258149775,10254.0,honeybee,-0.8096135440425283,10254.0,7.1115570838555335,883.8333333333334,2,-0.05660752102503974,True
2923,2923,61514435000,honeybee,3.0,61503.0,1.0,7.3,69.6,6,0.5608899581610363,14,615,0.6529260333974111,8025.0,honeybee,0.21230638429613075,8025.0,5.391494724558247,883.8333333333334,3,-0.05660752102503974,True
2924,2924,61514444000,honeybee,5.0,61505.0,1.0,8.3,76.0,6,0.5731388263129007,14,615,-0.7861862305709522,4979.0,honeybee,-0.8096135440425283,4979.0,3.040974335855002,884.6666666666666,4,-1.1170070072329525,True
2926,2926,61514482700,honeybee,3.0,61503.0,1.0,3.1,79.5,6,0.6287486877223647,14,615,-0.7861862305709522,277.0,honeybee,0.3258530430004262,277.0,-0.5874389496613013,888.45,4,0.29685897437759784,True
2927,2927,61514482700,honeybee,5.0,61505.0,1.0,1.1,53.6,6,0.6287486877223647,14,615,-0.30648214258149775,227.0,honeybee,0.48806255543513416,227.0,-0.6260226723911642,888.45,5,0.29685897437759784,False
2928,2928,61514482700,honeybee,6.0,61506.0,1.0,8.3,133.2,6,0.6287486877223647,14,615,0.17322194540795668,5206.0,honeybee,0.14742257932224773,5206.0,3.216144437048579,888.45,4,0.29685897437759784,True
2929,2929,61514482700,honeybee,5.0,61505.0,2.0,3.6,49.4,6,0.6287486877223647,14,615,0.6529260333974111,0.0,honeybee,-0.6798459340947619,0.0,-0.8011927735847415,888.45,6,0.29685897437759784,True
2930,2930,61514482700,honeybee,6.0,61506.0,2.0,1.3,33.7,6,0.6287486877223647,14,615,1.1326301213868655,0.0,honeybee,0.48806255543513416,0.0,-0.8011927735847415,888.45,5,0.29685897437759784,False
2934,2934,61515033700,honeybee,6.0,61506.0,1.0,16.3,221.6,6,0.8516780880862956,15,615,-0.7861862305709522,910.0,honeybee,-0.6474040316078206,910.0,-0.09896901990123752,903.6166666666667,6,-0.05660752102503974,True
2936,2936,61515033700,honeybee,3.0,61503.0,1.0,15.8,177.3,6,0.8516780880862956,15,615,0.17322194540795668,567.0,moth,0.3258530430004262,910.0,-0.3636533578280967,903.6166666666667,6,-0.05660752102503974,True
2937,2937,61515033700,honeybee,2.0,61502.0,1.0,11.5,166.3,6,0.8516780880862956,15,615,0.6529260333974111,1187.0,honeybee,1.1693425076609067,1187.0,0.1147848040222028,903.6166666666667,2,-0.05660752102503974,True
2941,2941,61515131900,honeybee,0.0,61500.0,1.0,0.5,42.8,6,0.9942549133739965,15,615,-0.7861862305709522,1769.0,honeybee,0.13120162807877686,1769.0,0.5638993365978064,913.3166666666667,3,-1.1170070072329525,False
2944,2944,61515181100,honeybee,0.0,61500.0,1.0,1.6,22.6,6,1.0657883033808841,15,615,-0.7861862305709522,292.0,honeybee,-0.7771716415555867,292.0,-0.5758638328423423,918.1833333333333,4,-1.1170070072329525,False
2945,2945,61515412800,honeybee,5.0,61505.0,1.0,10.8,151.0,6,1.4080216795439737,15,615,-0.7861862305709522,2271.0,honeybee,2.450797655895098,2271.0,0.9512799128056295,941.4666666666667,9,-0.7635405118303149,True
2946,2946,61515412800,honeybee,3.0,61503.0,1.0,2.8,77.4,6,1.4080216795439737,15,615,-0.30648214258149775,1613.0,hoverfly,-0.7285087878251744,2271.0,0.44351812168063426,941.4666666666667,8,-0.7635405118303149,True
2948,2948,61515415600,honeybee,3.0,61503.0,1.0,3.2,30.8,6,1.4148810457090177,15,615,-0.7861862305709522,28.0,honeybee,-0.4040897629557588,28.0,-0.7795858888560183,941.9333333333333,9,-1.1170070072329525,True
2949,2949,61515420100,honeybee,1.0,61501.0,1.0,6.8,77.4,6,1.4161059325242042,15,615,-0.7861862305709522,3491.0,honeybee,0.08253877434836455,3491.0,1.8927227474142827,942.0166666666667,3,-0.7635405118303149,True
2950,2950,61515420100,honeybee,0.0,61500.0,1.0,11.4,113.2,6,1.4161059325242042,15,615,-0.30648214258149775,1430.0,honeybee,-0.5987411778774081,1430.0,0.30230169648933614,942.0166666666667,5,-0.7635405118303149,True
2951,2951,61515430200,honeybee,2.0,61502.0,1.0,9.6,86.6,6,1.4310495516694786,15,615,-0.7861862305709522,2365.0,honeybee,1.007132995226199,2365.0,1.0238173115377716,943.0333333333333,3,-0.7635405118303149,True
2952,2952,61515430200,honeybee,3.0,61503.0,1.0,5.0,73.2,6,1.4310495516694786,15,615,-0.30648214258149775,66.0,honeybee,-0.33920595798187564,66.0,-0.7502622595813224,943.0333333333333,10,-0.7635405118303149,True
2966,2966,61711502800,honeybee,5.0,61705.0,1.0,10.3,274.1,6,-1.98736457215282,11,617,-0.7861862305709522,128.0,moth,-0.12833359181675555,,-0.7024184433962926,710.4666666666667,4,0.29685897437759784,True
2969,2969,61711502800,honeybee,1.0,61701.0,1.0,7.8,342.5,6,-1.98736457215282,11,617,0.6529260333974111,1787.0,honeybee,0.6016092141394295,1787.0,0.577789476780557,710.4666666666667,2,0.29685897437759784,True
2970,2970,61711502800,honeybee,2.0,61702.0,1.0,6.8,92.4,6,-1.98736457215282,11,617,1.1326301213868655,1787.0,honeybee,0.5367254091655463,1787.0,0.577789476780557,710.4666666666667,2,0.29685897437759784,True
2973,2973,61711565100,honeybee,2.0,61702.0,1.0,4.6,66.8,6,-1.893538242109539,11,617,-0.7861862305709522,383.0,honeybee,0.24474828678307234,383.0,-0.505641457473992,716.85,3,-0.05660752102503974,True
2974,2974,61711565100,honeybee,4.0,61704.0,1.0,5.3,53.6,6,-1.893538242109539,11,617,-0.30648214258149775,383.0,honeybee,0.6016092141394295,383.0,-0.505641457473992,716.85,2,-0.05660752102503974,True
2975,2975,61711565100,honeybee,0.0,61700.0,1.0,11.5,142.9,6,-1.893538242109539,11,617,0.17322194540795668,1816.0,hoverfly,-0.4040897629557588,2170.0,0.6001680359638775,716.85,3,-0.05660752102503974,True
2976,2976,61711565100,honeybee,6.0,61706.0,1.0,8.0,105.1,6,-1.893538242109539,11,617,0.6529260333974111,2170.0,honeybee,-0.3229850067384049,2170.0,0.8733407928913064,716.85,2,-0.05660752102503974,True
2978,2978,61711585500,honeybee,6.0,61706.0,1.0,1.1,28.8,6,-1.8631610490929156,11,617,-0.7861862305709522,124.0,honeybee,0.4393997017047217,124.0,-0.7055051412146816,718.9166666666666,3,-0.4100740164276773,False
2980,2980,61711585500,honeybee,5.0,61705.0,1.0,3.0,18.1,6,-1.8631610490929156,11,617,0.17322194540795668,507.0,honeybee,0.8124815803045498,507.0,-0.40995382510393213,718.9166666666666,5,-0.4100740164276773,True
2982,2982,61712155800,honeybee,2.0,61702.0,1.0,5.0,45.0,6,-1.6125492067057712,12,617,-0.7861862305709522,1147.0,honeybee,-0.11211264057328484,1147.0,0.08391782583831246,735.9666666666667,4,-0.7635405118303149,True
2983,2983,61712155800,honeybee,0.0,61700.0,1.0,0.6,30.7,6,-1.6125492067057712,12,617,-0.30648214258149775,1147.0,honeybee,1.007132995226199,1147.0,0.08391782583831246,735.9666666666667,4,-0.7635405118303149,False
2984,2984,61712162200,honeybee,4.0,61704.0,1.0,10.1,104.7,6,-1.6066697499928764,12,617,-0.7861862305709522,1171.0,honeybee,0.0014340181310106524,1171.0,0.10243801274864657,736.3666666666667,3,0.29685897437759784,True
2985,2985,61712162200,honeybee,1.0,61701.0,1.0,6.1,64.5,6,-1.6066697499928764,12,617,-0.30648214258149775,1554.0,honeybee,0.40695779921778014,1554.0,0.39798932885939603,736.3666666666667,3,0.29685897437759784,True
2986,2986,61712162200,honeybee,2.0,61702.0,1.0,5.8,63.2,6,-1.6066697499928764,12,617,0.17322194540795668,24.0,honeybee,-0.04722883559940166,24.0,-0.7826725866744074,736.3666666666667,5,0.29685897437759784,True
2987,2987,61712162200,honeybee,0.0,61700.0,1.0,2.9,54.6,6,-1.6066697499928764,12,617,0.6529260333974111,24.0,honeybee,-0.760950690312116,24.0,-0.7826725866744074,736.3666666666667,5,0.29685897437759784,True
2988,2988,61712162200,honeybee,4.0,61704.0,2.0,0.8,16.4,6,-1.6066697499928764,12,617,1.1326301213868655,0.0,honeybee,0.7800396778176081,0.0,-0.8011927735847415,736.3666666666667,4,0.29685897437759784,False
2991,2991,61712174500,honeybee,2.0,61702.0,1.0,5.1,80.9,6,-1.5863366288607816,12,617,-0.7861862305709522,83.0,honeybee,0.08253877434836455,83.0,-0.7371437938531692,737.75,6,-0.4100740164276773,True
2992,2992,61712174500,honeybee,1.0,61701.0,1.0,4.1,54.1,6,-1.5863366288607816,12,617,-0.30648214258149775,83.0,honeybee,0.13120162807877686,83.0,-0.7371437938531692,737.75,4,-0.4100740164276773,True
2993,2993,61712174500,honeybee,0.0,61700.0,1.0,2.3,36.0,6,-1.5863366288607816,12,617,0.17322194540795668,83.0,honeybee,-0.38786881171228804,83.0,-0.7371437938531692,737.75,6,-0.4100740164276773,False
2995,2995,61712183800,honeybee,4.0,61704.0,1.0,5.6,71.2,6,-1.5733528286198053,12,617,-0.7861862305709522,136.0,honeybee,-0.7285087878251744,136.0,-0.6962450477595146,738.6333333333333,5,-1.1170070072329525,True
2997,2997,61712233800,honeybee,6.0,61706.0,1.0,7.2,94.8,6,-1.4998596197086194,12,617,-0.7861862305709522,1483.0,honeybee,-0.6798459340947619,1483.0,0.34320044258299076,743.6333333333333,4,1.3572584605855107,True
2998,2998,61712233800,honeybee,0.0,61700.0,1.0,0.5,19.7,6,-1.4998596197086194,12,617,-0.30648214258149775,241.0,hoverfly,-0.8096135440425283,353.0,-0.6152192300268026,743.6333333333333,9,1.3572584605855107,False
2999,2999,61712233800,honeybee,6.0,61706.0,2.0,0.3,25.5,6,-1.4998596197086194,12,617,0.17322194540795668,0.0,honeybee,0.3096320917569555,0.0,-0.8011927735847415,743.6333333333333,5,1.3572584605855107,False
3001,3001,61712233800,honeybee,5.0,61705.0,1.0,11.2,163.6,6,-1.4998596197086194,12,617,1.1326301213868655,1483.0,honeybee,-0.37164786046881726,1483.0,0.34320044258299076,743.6333333333333,6,1.3572584605855107,True
3002,3002,61712233800,honeybee,3.0,61703.0,1.0,5.7,47.7,6,-1.4998596197086194,12,617,1.61233420937632,1990.0,honeybee,0.8449234827914912,1990.0,0.7344393910638001,743.6333333333333,2,1.3572584605855107,True
3003,3003,61712233800,honeybee,4.0,61704.0,1.0,5.2,93.3,6,-1.4998596197086194,12,617,2.0920382973657743,300.0,honeybee,0.05009687186142296,300.0,-0.5696904372055643,743.6333333333333,6,1.3572584605855107,True
3004,3004,61712233800,honeybee,2.0,61702.0,1.0,1.4,20.9,6,-1.4998596197086194,12,617,2.571742385355229,353.0,honeybee,-0.031007884355930933,353.0,-0.5287916911119097,743.6333333333333,7,1.3572584605855107,False
3006,3006,61712233810,honeybee,0.0,61700.0,1.0,0.3,21.4,6,-1.4998596197086194,12,617,-0.30648214258149775,0.0,honeybee,-0.7771716415555867,0.0,-0.8011927735847415,743.6333333333333,10,2.771124442196061,False
3007,3007,61712233810,honeybee,6.0,61706.0,2.0,6.0,163.2,6,-1.4998596197086194,12,617,0.17322194540795668,0.0,honeybee,-0.8096135440425283,0.0,-0.8011927735847415,743.6333333333333,6,2.771124442196061,True
3008,3008,61712233810,honeybee,0.0,61700.0,2.0,0.3,6.0,6,-1.4998596197086194,12,617,0.6529260333974111,0.0,honeybee,-0.8096135440425283,0.0,-0.8011927735847415,743.6333333333333,11,2.771124442196061,False
3012,3012,61712233810,honeybee,0.0,61700.0,4.0,0.3,30.7,6,-1.4998596197086194,12,617,2.571742385355229,0.0,honeybee,-0.8096135440425283,0.0,-0.8011927735847415,743.6333333333333,12,2.771124442196061,False
3013,3013,61712233810,honeybee,5.0,61705.0,1.0,9.0,116.7,6,-1.4998596197086194,12,617,3.0514464733446833,0.0,honeybee,0.9584701414957866,0.0,-0.8011927735847415,743.6333333333333,7,2.771124442196061,True
3014,3014,61712233810,honeybee,3.0,61703.0,1.0,4.0,73.4,6,-1.4998596197086194,12,617,3.5311505613341376,0.0,honeybee,0.06631782310489383,0.0,-0.8011927735847415,743.6333333333333,3,2.771124442196061,True
3015,3015,61712233810,honeybee,4.0,61704.0,1.0,3.2,115.2,6,-1.4998596197086194,12,617,4.010854649323592,0.0,honeybee,-0.01478693311246007,0.0,-0.8011927735847415,743.6333333333333,7,2.771124442196061,True
3016,3016,61712233810,honeybee,2.0,61702.0,1.0,2.0,46.2,6,-1.4998596197086194,12,617,4.490558737313046,0.0,honeybee,-0.6311830803643497,0.0,-0.8011927735847415,743.6333333333333,8,2.771124442196061,False
3017,3017,61712262700,honeybee,4.0,61704.0,1.0,2.8,49.6,6,-1.458458445355318,12,617,-0.7861862305709522,169.0,honeybee,-0.33920595798187564,169.0,-0.670779790757805,746.45,8,-0.7635405118303149,True
3018,3018,61712262700,honeybee,2.0,61702.0,1.0,1.3,20.3,6,-1.458458445355318,12,617,-0.30648214258149775,169.0,honeybee,-0.5338573729035251,169.0,-0.670779790757805,746.45,9,-0.7635405118303149,False
3019,3019,61712283900,honeybee,5.0,61705.0,1.0,6.0,97.1,6,-1.4261214334343961,12,617,-0.7861862305709522,301.0,honeybee,0.6016092141394295,301.0,-0.5689187627509671,748.65,8,-0.7635405118303149,True
3020,3020,61712283900,honeybee,4.0,61704.0,1.0,2.9,57.7,6,-1.4261214334343961,12,617,-0.30648214258149775,132.0,honeybee,-0.4040897629557588,132.0,-0.6993317455779036,748.65,9,-0.7635405118303149,True
3030,3030,61712421700,honeybee,4.0,61704.0,1.0,6.6,75.7,6,-1.2257299504698955,12,617,-0.7861862305709522,818.0,honeybee,-0.38786881171228804,818.0,-0.16996306972418518,762.2833333333333,10,-0.4100740164276773,True
3031,3031,61712421700,honeybee,0.0,61700.0,1.0,3.1,43.9,6,-1.2257299504698955,12,617,-0.30648214258149775,149.0,moth,-0.6798459340947619,1119.0,-0.6862132798497501,762.2833333333333,16,-0.4100740164276773,True
3032,3032,61712421700,honeybee,1.0,61701.0,1.0,0.6,13.2,6,-1.2257299504698955,12,617,0.17322194540795668,117.0,moth,-0.7771716415555867,1472.0,-0.7109068623968624,762.2833333333333,8,-0.4100740164276773,False
3035,3035,61712450600,honeybee,5.0,61705.0,1.0,7.3,70.7,6,-1.1843287761165942,12,617,-0.7861862305709522,987.0,honeybee,0.11498067683530613,987.0,-0.03955008689724873,765.1,9,0.29685897437759784,True
3036,3036,61712450600,honeybee,3.0,61703.0,1.0,9.1,80.1,6,-1.1843287761165942,12,617,-0.30648214258149775,1288.0,honeybee,-0.20943834803410946,1288.0,0.19272392393652563,765.1,4,0.29685897437759784,True
3037,3037,61712450600,honeybee,4.0,61704.0,1.0,3.8,50.2,6,-1.1843287761165942,12,617,0.17322194540795668,169.0,honeybee,0.21230638429613075,169.0,-0.670779790757805,765.1,11,0.29685897437759784,True
3038,3038,61712450600,honeybee,1.0,61701.0,1.0,2.0,36.7,6,-1.1843287761165942,12,617,0.6529260333974111,169.0,honeybee,-0.760950690312116,169.0,-0.670779790757805,765.1,9,0.29685897437759784,False
3039,3039,61712450600,honeybee,2.0,61702.0,1.0,5.3,53.1,6,-1.1843287761165942,12,617,1.1326301213868655,1119.0,honeybee,-0.6474040316078206,1119.0,0.06231094110958918,765.1,10,0.29685897437759784,True
3040,3040,61712454300,honeybee,1.0,61701.0,1.0,0.5,7.6,6,-1.1752646136842144,12,617,-0.7861862305709522,37.0,honeybee,-0.5338573729035251,37.0,-0.772640818764643,765.7166666666667,10,-0.7635405118303149,False
3041,3041,61712454300,honeybee,0.0,61700.0,1.0,0.3,21.9,6,-1.1752646136842144,12,617,-0.30648214258149775,206.0,honeybee,-0.3554269092253464,206.0,-0.6422278359377065,765.7166666666667,17,-0.7635405118303149,False
3042,3042,61712494400,honeybee,2.0,61702.0,1.0,1.8,39.1,6,-1.1162250691922284,12,617,-0.7861862305709522,278.0,honeybee,0.0014340181310106524,278.0,-0.586667275206704,769.7333333333333,11,1.003791965182873,False
3043,3043,61712494400,honeybee,1.0,61701.0,1.0,4.8,47.5,6,-1.1162250691922284,12,617,-0.30648214258149775,241.0,honeybee,-0.7771716415555867,241.0,-0.6152192300268026,769.7333333333333,11,1.003791965182873,True
3044,3044,61712494400,honeybee,0.0,61700.0,1.0,5.1,73.0,6,-1.1162250691922284,12,617,0.17322194540795668,241.0,honeybee,-0.8096135440425283,241.0,-0.6152192300268026,769.7333333333333,18,1.003791965182873,True
3045,3045,61712494400,honeybee,6.0,61706.0,1.0,7.6,96.7,6,-1.1162250691922284,12,617,0.6529260333974111,596.0,moth,-0.7447297390686451,1566.0,-0.3412747986447762,769.7333333333333,8,1.003791965182873,True
3046,3046,61712494400,honeybee,3.0,61703.0,1.0,2.0,37.8,6,-1.1162250691922284,12,617,1.1326301213868655,278.0,honeybee,0.6178301653829003,278.0,-0.586667275206704,769.7333333333333,5,1.003791965182873,False
3047,3047,61712494400,honeybee,4.0,61704.0,1.0,1.0,19.3,6,-1.1162250691922284,12,617,1.61233420937632,278.0,honeybee,-0.24188025052105103,278.0,-0.586667275206704,769.7333333333333,12,1.003791965182873,False
3048,3048,61712494400,honeybee,1.0,61701.0,2.0,1.3,33.1,6,-1.1162250691922284,12,617,2.0920382973657743,0.0,honeybee,-0.07967073808634324,0.0,-0.8011927735847415,769.7333333333333,12,1.003791965182873,False
3050,3050,61713062100,honeybee,6.0,61706.0,1.0,2.5,51.6,6,-0.8719826382440535,13,617,-0.7861862305709522,997.0,honeybee,0.37451589673083857,997.0,-0.031833342351276106,786.35,9,-0.4100740164276773,True
3051,3051,61713062100,honeybee,0.0,61700.0,1.0,1.6,39.1,6,-0.8719826382440535,13,617,-0.30648214258149775,997.0,honeybee,-0.031007884355930933,997.0,-0.031833342351276106,786.35,19,-0.4100740164276773,False
3052,3052,61713062100,honeybee,2.0,61702.0,1.0,1.1,36.3,6,-0.8719826382440535,13,617,0.17322194540795668,997.0,honeybee,-0.5662992753904666,997.0,-0.031833342351276106,786.35,12,-0.4100740164276773,False
3055,3055,61713160800,honeybee,2.0,61702.0,1.0,3.2,62.0,6,-0.7281809261411663,13,617,-0.7861862305709522,587.0,honeybee,-0.6798459340947619,587.0,-0.34821986873615157,796.1333333333333,13,0.29685897437759784,True
3056,3056,61713160800,honeybee,1.0,61701.0,1.0,1.5,59.1,6,-0.7281809261411663,13,617,-0.30648214258149775,1584.0,honeybee,-0.6474040316078206,1584.0,0.4211395624973137,796.1333333333333,13,0.29685897437759784,False
3057,3057,61713160800,honeybee,3.0,61703.0,1.0,6.5,96.5,6,-0.7281809261411663,13,617,0.17322194540795668,1584.0,honeybee,-0.5338573729035251,1584.0,0.4211395624973137,796.1333333333333,6,0.29685897437759784,True
3058,3058,61713160800,honeybee,4.0,61704.0,1.0,8.1,70.9,6,-0.7281809261411663,13,617,0.6529260333974111,1584.0,honeybee,-0.6960668853382328,1584.0,0.4211395624973137,796.1333333333333,13,0.29685897437759784,True
3059,3059,61713160800,honeybee,5.0,61705.0,1.0,2.3,48.1,6,-0.7281809261411663,13,617,1.1326301213868655,1862.0,honeybee,0.3258530430004262,1862.0,0.6356650608753514,796.1333333333333,10,0.29685897437759784,False
3061,3061,61713184100,honeybee,5.0,61705.0,1.0,6.0,104.2,6,-0.6906993895964614,13,617,-0.7861862305709522,153.0,honeybee,-0.48519451917311274,153.0,-0.6831265820313611,798.6833333333333,11,-0.7635405118303149,True
3062,3062,61713184100,honeybee,3.0,61703.0,1.0,1.3,35.4,6,-0.6906993895964614,13,617,-0.30648214258149775,153.0,honeybee,0.19608543305266002,153.0,-0.6831265820313611,798.6833333333333,7,-0.7635405118303149,False
3064,3064,61713360700,honeybee,5.0,61705.0,1.0,8.8,139.3,6,-0.43445306785945953,13,617,-0.7861862305709522,1046.0,honeybee,0.11498067683530613,1046.0,0.005978705923989486,816.1166666666667,12,0.29685897437759784,True
3065,3065,61713360700,honeybee,3.0,61703.0,1.0,7.3,107.1,6,-0.43445306785945953,13,617,-0.30648214258149775,1046.0,honeybee,-0.6474040316078206,1046.0,0.005978705923989486,816.1166666666667,8,0.29685897437759784,True
3066,3066,61713360700,honeybee,4.0,61704.0,1.0,4.6,75.2,6,-0.43445306785945953,13,617,0.17322194540795668,1199.0,honeybee,0.45562065294819243,1199.0,0.12404489747736985,816.1166666666667,14,0.29685897437759784,True
3067,3067,61713360700,honeybee,1.0,61701.0,1.0,2.3,51.4,6,-0.43445306785945953,13,617,0.6529260333974111,1199.0,honeybee,-0.6149621291208789,1199.0,0.12404489747736985,816.1166666666667,14,0.29685897437759784,False
3068,3068,61713360700,honeybee,2.0,61702.0,1.0,4.6,54.9,6,-0.43445306785945953,13,617,1.1326301213868655,1199.0,honeybee,-0.33920595798187564,1199.0,0.12404489747736985,816.1166666666667,14,0.29685897437759784,True
3070,3070,61713365300,honeybee,0.0,61700.0,1.0,8.3,110.2,6,-0.42318410915974436,13,617,-0.30648214258149775,1832.0,honeybee,-0.5987411778774081,1832.0,0.6125148272374337,816.8833333333333,20,-0.4100740164276773,True
3071,3071,61713365300,honeybee,5.0,61705.0,1.0,1.3,57.1,6,-0.42318410915974436,13,617,0.17322194540795668,46.0,honeybee,0.569167311652488,46.0,-0.7656957486732677,816.8833333333333,13,-0.4100740164276773,False
3072,3072,61713475600,honeybee,5.0,61705.0,1.0,5.8,80.3,6,-0.2607641174660233,13,617,-0.7861862305709522,663.0,honeybee,-0.6474040316078206,663.0,-0.28957261018675995,827.9333333333333,14,0.29685897437759784,True
3073,3073,61713475600,honeybee,3.0,61703.0,1.0,7.1,108.0,6,-0.2607641174660233,13,617,-0.30648214258149775,709.0,honeybee,0.3258530430004262,709.0,-0.2540755852752862,827.9333333333333,9,0.29685897437759784,True
3074,3074,61713475600,honeybee,1.0,61701.0,1.0,7.1,87.2,6,-0.2607641174660233,13,617,0.17322194540795668,709.0,honeybee,-0.48519451917311274,709.0,-0.2540755852752862,827.9333333333333,15,0.29685897437759784,True
3075,3075,61713475600,honeybee,0.0,61700.0,1.0,5.1,81.3,6,-0.2607641174660233,13,617,0.6529260333974111,663.0,honeybee,0.48806255543513416,663.0,-0.28957261018675995,827.9333333333333,21,0.29685897437759784,True
3076,3076,61713475600,honeybee,2.0,61702.0,1.0,2.6,43.1,6,-0.2607641174660233,13,617,1.1326301213868655,709.0,honeybee,-0.11211264057328484,709.0,-0.2540755852752862,827.9333333333333,15,0.29685897437759784,True
3079,3079,61713581300,honeybee,2.0,61702.0,1.0,3.6,48.6,6,-0.10961308447201738,13,617,-0.7861862305709522,617.0,honeybee,-0.43653166544270033,617.0,-0.32506963509823383,838.2166666666667,16,-0.4100740164276773,True
3080,3080,61713581300,honeybee,1.0,61701.0,1.0,1.5,43.5,6,-0.10961308447201738,13,617,-0.30648214258149775,617.0,honeybee,0.29341114051348466,617.0,-0.32506963509823383,838.2166666666667,16,-0.4100740164276773,False
3081,3081,61713581300,honeybee,0.0,61700.0,1.0,3.6,63.2,6,-0.10961308447201738,13,617,0.17322194540795668,617.0,honeybee,-0.031007884355930933,617.0,-0.32506963509823383,838.2166666666667,22,-0.4100740164276773,True
3083,3083,61714021500,honeybee,2.0,61702.0,1.0,2.1,29.1,6,-0.050328562616994,14,617,-0.7861862305709522,242.0,honeybee,-0.27432215300799256,242.0,-0.6144475555722052,842.25,17,-1.1170070072329525,False
3095,3095,61714132500,honeybee,5.0,61705.0,1.0,6.1,93.7,6,0.11380627061798809,14,617,-0.7861862305709522,1529.0,honeybee,0.08253877434836455,1529.0,0.3786974674944647,853.4166666666666,15,0.6503254697802354,True
3096,3096,61714132500,honeybee,3.0,61703.0,1.0,5.5,77.1,6,0.11380627061798809,14,617,-0.30648214258149775,142.0,moth,-0.5176364216600542,1529.0,-0.691615001031931,853.4166666666666,11,0.6503254697802354,True
3097,3097,61714132500,honeybee,4.0,61704.0,1.0,8.8,81.2,6,0.11380627061798809,14,617,0.17322194540795668,2238.0,honeybee,-0.11211264057328484,2238.0,0.9258146558039199,853.4166666666666,15,0.6503254697802354,True
3099,3099,61714132500,honeybee,6.0,61706.0,1.0,7.0,47.2,6,0.11380627061798809,14,617,1.1326301213868655,122.0,moth,-0.2581012017645218,4024.0,-0.7070484901238762,853.4166666666666,11,0.6503254697802354,True
3100,3100,61714132500,honeybee,0.0,61700.0,1.0,1.5,45.2,6,0.11380627061798809,14,617,1.61233420937632,122.0,moth,0.05009687186142296,912.0,-0.7070484901238762,853.4166666666666,24,0.6503254697802354,False
3101,3101,61714143200,honeybee,2.0,61702.0,1.0,3.1,51.6,6,0.1302197539414863,14,617,-0.7861862305709522,189.0,moth,-0.5176364216600542,737.0,-0.6553463016658598,854.5333333333333,19,-0.4100740164276773,True
3102,3102,61714143200,honeybee,1.0,61701.0,1.0,0.3,5.5,6,0.1302197539414863,14,617,-0.30648214258149775,189.0,moth,-0.5987411778774081,979.0,-0.6553463016658598,854.5333333333333,19,-0.4100740164276773,False
3103,3103,61714143200,honeybee,0.0,61700.0,1.0,6.3,102.7,6,0.1302197539414863,14,617,0.17322194540795668,67.0,honeybee,-0.6149621291208789,67.0,-0.7494905851267252,854.5333333333333,25,-0.4100740164276773,True
3107,3107,61714224900,honeybee,0.0,61700.0,1.0,1.5,62.5,6,0.2519735033710178,14,617,-0.7861862305709522,497.0,honeybee,0.16364353056571845,497.0,-0.4176705696499047,862.8166666666667,26,-1.1170070072329525,False
3109,3109,61714361100,honeybee,2.0,61702.0,1.0,10.7,99.0,6,0.4484453485269217,14,617,-0.7861862305709522,1299.0,honeybee,-0.3554269092253464,1299.0,0.20121234293709547,876.1833333333333,20,-1.1170070072329525,True
3110,3110,61714362300,honeybee,3.0,61703.0,1.0,16.6,124.7,6,0.45138507688336915,14,617,-0.7861862305709522,1378.0,honeybee,0.03387592061795224,1378.0,0.26217462485027876,876.3833333333333,12,0.6503254697802354,True
3111,3111,61714362300,honeybee,5.0,61705.0,1.0,17.3,105.3,6,0.45138507688336915,14,617,-0.30648214258149775,1378.0,honeybee,0.13120162807877686,1378.0,0.26217462485027876,876.3833333333333,16,0.6503254697802354,True
3112,3112,61714362300,honeybee,3.0,61703.0,2.0,8.3,91.8,6,0.45138507688336915,14,617,0.17322194540795668,0.0,honeybee,1.8344015086432088,0.0,-0.8011927735847415,876.3833333333333,13,0.6503254697802354,True
3113,3113,61714362300,honeybee,1.0,61701.0,1.0,10.8,92.4,6,0.45138507688336915,14,617,0.6529260333974111,1311.0,honeybee,-0.8096135440425283,1311.0,0.21047243639226268,876.3833333333333,20,0.6503254697802354,True
3114,3114,61714362300,honeybee,2.0,61702.0,1.0,4.6,48.9,6,0.45138507688336915,14,617,1.1326301213868655,12.0,honeybee,0.8773653852784327,12.0,-0.7919326801295744,876.3833333333333,21,0.6503254697802354,True
3115,3115,61714362300,honeybee,0.0,61700.0,1.0,0.4,32.2,6,0.45138507688336915,14,617,1.61233420937632,814.0,honeybee,-0.6149621291208789,814.0,-0.1730497675425742,876.3833333333333,27,0.6503254697802354,False
3116,3116,61714365200,honeybee,4.0,61704.0,1.0,6.6,105.2,6,0.45848942041145047,14,617,-0.7861862305709522,1407.0,honeybee,0.569167311652488,1407.0,0.28455318403359925,876.8666666666667,16,-0.7635405118303149,True
3117,3117,61714365200,honeybee,0.0,61700.0,1.0,8.9,417.6,6,0.45848942041145047,14,617,-0.30648214258149775,29.0,honeybee,-0.7933925927990575,29.0,-0.778814214401421,876.8666666666667,28,-0.7635405118303149,True
3120,3120,61714505300,honeybee,3.0,61703.0,1.0,1.6,12.3,6,0.6645153827258086,14,617,-0.30648214258149775,870.0,honeybee,0.48806255543513416,870.0,-0.12983599808512777,890.8833333333333,14,0.6503254697802354,False
3121,3121,61714505300,honeybee,4.0,61704.0,2.0,3.6,33.3,6,0.6645153827258086,14,617,0.17322194540795668,841.0,honeybee,0.21230638429613075,841.0,-0.1522145572684482,890.8833333333333,17,0.6503254697802354,True
3123,3123,61714505300,honeybee,1.0,61701.0,1.0,2.6,36.3,6,0.6645153827258086,14,617,1.1326301213868655,460.0,moth,-0.30676405549493413,870.0,-0.44622252447000316,890.8833333333333,22,0.6503254697802354,True
3124,3124,61714505300,honeybee,2.0,61702.0,1.0,5.3,51.7,6,0.6645153827258086,14,617,1.61233420937632,870.0,honeybee,-0.11211264057328484,870.0,-0.12983599808512777,890.8833333333333,22,0.6503254697802354,True
3125,3125,61714512200,honeybee,0.0,61700.0,1.0,7.1,78.2,6,0.6716197262538899,14,617,-0.7861862305709522,870.0,honeybee,0.5853882628959588,870.0,-0.12983599808512777,891.3666666666667,29,-0.7635405118303149,True
3126,3126,61714512200,honeybee,6.0,61706.0,1.0,13.8,128.1,6,0.6716197262538899,14,617,-0.30648214258149775,2277.0,honeybee,0.27719018927001393,2277.0,0.9559099595332131,891.3666666666667,12,-0.7635405118303149,True
3128,3128,61714583800,honeybee,2.0,61702.0,1.0,3.1,32.4,6,0.7784298565381469,14,617,-0.7861862305709522,465.0,honeybee,0.0014340181310106524,465.0,-0.4423641521970169,898.6333333333333,23,-0.4100740164276773,True
3129,3129,61714583800,honeybee,1.0,61701.0,1.0,4.8,53.1,6,0.7784298565381469,14,617,-0.30648214258149775,465.0,honeybee,-0.43653166544270033,465.0,-0.4423641521970169,898.6333333333333,23,-0.4100740164276773,True
3130,3130,61714583800,honeybee,0.0,61700.0,1.0,3.0,70.1,6,0.7784298565381469,14,617,0.17322194540795668,436.0,honeybee,0.29341114051348466,436.0,-0.4647427113803374,898.6333333333333,30,-0.4100740164276773,True
3131,3131,61715022400,honeybee,5.0,61705.0,1.0,10.0,78.0,6,0.8337947405845737,15,617,-0.7861862305709522,1561.0,honeybee,1.947948167347504,1561.0,0.4033910500415768,902.4,17,0.29685897437759784,True
3132,3132,61715022400,honeybee,4.0,61704.0,1.0,7.1,75.6,6,0.8337947405845737,15,617,-0.30648214258149775,691.0,honeybee,-0.27432215300799256,691.0,-0.26796572545803676,902.4,18,0.29685897437759784,True
3133,3133,61715022400,honeybee,1.0,61701.0,1.0,0.8,7.5,6,0.8337947405845737,15,617,0.17322194540795668,226.0,honeybee,-0.07967073808634324,226.0,-0.6267943468457614,902.4,24,0.29685897437759784,False
3134,3134,61715022400,honeybee,0.0,61700.0,1.0,5.8,50.6,6,0.8337947405845737,15,617,0.6529260333974111,226.0,honeybee,-0.37164786046881726,226.0,-0.6267943468457614,902.4,31,0.29685897437759784,True
3135,3135,61715022400,honeybee,4.0,61704.0,2.0,0.4,42.9,6,0.8337947405845737,15,617,1.1326301213868655,0.0,honeybee,0.29341114051348466,0.0,-0.8011927735847415,902.4,19,0.29685897437759784,False
3137,3137,61715132200,honeybee,5.0,61705.0,1.0,5.1,70.5,6,0.9949898454631083,15,617,-0.7861862305709522,658.0,honeybee,0.7638187265741373,658.0,-0.2934309824597463,913.3666666666667,18,-1.1170070072329525,True
3138,3138,61715134400,honeybee,4.0,61704.0,1.0,0.8,9.7,6,1.0003793474499287,15,617,-0.7861862305709522,680.0,honeybee,-0.7933925927990575,680.0,-0.2764541444586066,913.7333333333333,20,0.29685897437759784,False
3139,3139,61715134400,honeybee,3.0,61703.0,1.0,2.0,13.7,6,1.0003793474499287,15,617,-0.30648214258149775,1371.0,honeybee,-0.5987411778774081,1371.0,0.25677290366809813,913.7333333333333,15,0.29685897437759784,False
3140,3140,61715134400,honeybee,4.0,61704.0,2.0,4.3,54.6,6,1.0003793474499287,15,617,0.17322194540795668,0.0,honeybee,-0.7285087878251744,0.0,-0.8011927735847415,913.7333333333333,21,0.29685897437759784,True
3141,3141,61715134400,honeybee,2.0,61702.0,1.0,7.5,51.4,6,1.0003793474499287,15,617,0.6529260333974111,906.0,honeybee,-0.3554269092253464,906.0,-0.10205571771962654,913.7333333333333,24,0.29685897437759784,True
3142,3142,61715134400,honeybee,4.0,61704.0,3.0,1.8,113.9,6,1.0003793474499287,15,617,1.1326301213868655,0.0,honeybee,-0.16077549430369714,0.0,-0.8011927735847415,913.7333333333333,22,0.29685897437759784,False
3143,3143,61715172800,honeybee,6.0,61706.0,1.0,18.4,201.5,6,1.0552542767702808,15,617,-0.7861862305709522,1566.0,honeybee,1.380214873826027,1566.0,0.40724942231456324,917.4666666666667,13,-0.4100740164276773,True
3144,3144,61715172800,honeybee,0.0,61700.0,1.0,19.3,183.3,6,1.0552542767702808,15,617,-0.30648214258149775,904.0,honeybee,0.08253877434836455,904.0,-0.10359906662882105,917.4666666666667,32,-0.4100740164276773,True
3145,3145,61715172800,honeybee,1.0,61701.0,1.0,4.1,58.9,6,1.0552542767702808,15,617,0.17322194540795668,904.0,honeybee,-0.7285087878251744,904.0,-0.10359906662882105,917.4666666666667,25,-0.4100740164276773,True
3146,3146,61715202600,honeybee,6.0,61706.0,1.0,3.5,48.8,6,1.098860247390918,15,617,-0.7861862305709522,178.0,honeybee,2.1263786310256823,178.0,-0.6638347206664297,920.4333333333333,14,-0.4100740164276773,True
3147,3147,61715202600,honeybee,0.0,61700.0,1.0,0.8,17.1,6,1.098860247390918,15,617,-0.30648214258149775,178.0,honeybee,2.2723671922169197,178.0,-0.6638347206664297,920.4333333333333,33,-0.4100740164276773,False
3148,3148,61715202600,honeybee,1.0,61701.0,1.0,2.2,42.8,6,1.098860247390918,15,617,0.17322194540795668,178.0,honeybee,-0.19321739679063873,178.0,-0.6638347206664297,920.4333333333333,26,-0.4100740164276773,False
3151,3151,61715213500,honeybee,3.0,61703.0,1.0,2.0,13.6,6,1.1157636854404906,15,617,-0.7861862305709522,471.0,honeybee,-0.5338573729035251,471.0,-0.43773410546943337,921.5833333333334,16,-0.4100740164276773,False
3152,3152,61715213500,honeybee,4.0,61704.0,1.0,2.3,38.9,6,1.1157636854404906,15,617,-0.30648214258149775,471.0,honeybee,-0.5662992753904666,471.0,-0.43773410546943337,921.5833333333334,23,-0.4100740164276773,False
3153,3153,61715213500,honeybee,0.0,61700.0,1.0,0.8,24.6,6,1.1157636854404906,15,617,0.17322194540795668,69.0,honeybee,-0.7285087878251744,69.0,-0.7479472362175308,921.5833333333334,34,-0.4100740164276773,False
3155,3155,61715443700,honeybee,4.0,61704.0,1.0,0.3,3.0,6,1.454322401158021,15,617,-0.7861862305709522,1382.0,honeybee,-0.48519451917311274,1382.0,0.2652613226686679,944.6166666666667,24,-0.7635405118303149,False
3156,3156,61715443700,honeybee,3.0,61703.0,1.0,4.1,44.1,6,1.454322401158021,15,617,-0.30648214258149775,1382.0,honeybee,-0.5338573729035251,1382.0,0.2652613226686679,944.6166666666667,17,-0.7635405118303149,True
3158,3158,61715444800,honeybee,2.0,61702.0,1.0,9.3,240.1,6,1.457017152151431,15,617,-0.30648214258149775,1864.0,honeybee,0.35829494548736784,1864.0,0.6372084097845457,944.8,25,1.7107249559881483,True
3159,3159,61715444800,honeybee,4.0,61704.0,2.0,1.6,18.5,6,1.457017152151431,15,617,0.17322194540795668,11.0,honeybee,-0.8096135440425283,11.0,-0.7927043545841717,944.8,25,1.7107249559881483,False
3163,3163,61715444800,honeybee,4.0,61704.0,4.0,0.3,3.5,6,1.457017152151431,15,617,2.0920382973657743,0.0,honeybee,-0.5987411778774081,0.0,-0.8011927735847415,944.8,26,1.7107249559881483,False
3164,3164,61715444800,honeybee,3.0,61703.0,3.0,0.5,1.5,6,1.457017152151431,15,617,2.571742385355229,11.0,honeybee,-0.19321739679063873,11.0,-0.7927043545841717,944.8,18,1.7107249559881483,False
3165,3165,61715444800,honeybee,4.0,61704.0,5.0,4.5,50.0,6,1.457017152151431,15,617,3.0514464733446833,0.0,honeybee,-0.8096135440425283,0.0,-0.8011927735847415,944.8,27,1.7107249559881483,True
3166,3166,61715501500,honeybee,0.0,61700.0,1.0,6.3,72.8,6,1.5371247498646239,15,617,-0.7861862305709522,1720.0,honeybee,-0.7285087878251744,1720.0,0.5260872883225408,950.25,35,0.29685897437759784,True
3167,3167,61715501500,honeybee,3.0,61703.0,1.0,2.6,23.8,6,1.5371247498646239,15,617,-0.30648214258149775,327.0,honeybee,-0.7771716415555867,327.0,-0.5488552269314384,950.25,19,0.29685897437759784,True
3168,3168,61715501500,honeybee,1.0,61701.0,1.0,1.6,54.3,6,1.5371247498646239,15,617,0.17322194540795668,1789.0,honeybee,-0.5014154704165834,1789.0,0.5793328256897515,950.25,27,0.29685897437759784,False
3169,3169,61715501500,honeybee,2.0,61702.0,1.0,2.0,25.4,6,1.5371247498646239,15,617,0.6529260333974111,327.0,honeybee,0.6502720678698419,327.0,-0.5488552269314384,950.25,26,0.29685897437759784,False
3170,3170,61715501500,honeybee,4.0,61704.0,1.0,0.8,27.1,6,1.5371247498646239,15,617,1.1326301213868655,327.0,honeybee,-0.12833359181675555,327.0,-0.5488552269314384,950.25,28,0.29685897437759784,False
3171,3171,61715503100,honeybee,6.0,61706.0,1.0,8.6,114.1,6,1.5410443876732205,15,617,-0.7861862305709522,1805.0,honeybee,-0.29054310425146335,1805.0,0.5916796169633076,950.5166666666667,15,-0.05660752102503974,True
3172,3172,61715503100,honeybee,0.0,61700.0,1.0,0.3,18.2,6,1.5410443876732205,15,617,-0.30648214258149775,16.0,honeybee,0.16364353056571845,16.0,-0.7888459823111854,950.5166666666667,36,-0.05660752102503974,False
3173,3173,61715503100,honeybee,1.0,61701.0,1.0,2.3,56.0,6,1.5410443876732205,15,617,0.17322194540795668,16.0,honeybee,-0.5987411778774081,16.0,-0.7888459823111854,950.5166666666667,28,-0.05660752102503974,False
3174,3174,61715503100,honeybee,4.0,61704.0,1.0,1.3,23.9,6,1.5410443876732205,15,617,0.6529260333974111,16.0,honeybee,-0.7285087878251744,16.0,-0.7888459823111854,950.5166666666667,29,-0.05660752102503974,False
3175,3175,61715560200,honeybee,6.0,61706.0,1.0,0.5,8.7,6,1.6221318948385623,15,617,-0.7861862305709522,331.0,honeybee,0.5367254091655463,331.0,-0.5457685291130494,956.0333333333333,16,-0.7635405118303149,False
3176,3176,61715560200,honeybee,1.0,61701.0,1.0,1.4,36.3,6,1.6221318948385623,15,617,-0.30648214258149775,331.0,honeybee,-0.48519451917311274,331.0,-0.5457685291130494,956.0333333333333,29,-0.7635405118303149,False
3177,3177,61716030300,honeybee,6.0,61706.0,1.0,6.0,83.2,6,1.72526736467726,16,617,-0.7861862305709522,421.0,honeybee,-0.7771716415555867,421.0,-0.47631782819929624,963.05,17,-0.05660752102503974,True
3178,3178,61716030300,honeybee,0.0,61700.0,1.0,6.1,72.5,6,1.72526736467726,16,617,-0.30648214258149775,752.0,honeybee,-0.8096135440425283,752.0,-0.22089358372760412,963.05,37,-0.05660752102503974,True
3179,3179,61716030300,honeybee,5.0,61705.0,1.0,10.3,174.1,6,1.72526736467726,16,617,0.17322194540795668,2981.0,honeybee,-0.031007884355930933,2981.0,1.4991687755696816,963.05,19,-0.05660752102503974,True
3180,3180,61716030300,honeybee,3.0,61703.0,1.0,1.8,12.0,6,1.72526736467726,16,617,0.6529260333974111,768.0,honeybee,-0.43653166544270033,768.0,-0.20854679245404797,963.05,20,-0.05660752102503974,False
3182,3182,61716034000,honeybee,1.0,61701.0,1.0,5.3,59.1,6,1.7343315271096396,16,617,-0.7861862305709522,458.0,honeybee,-0.6311830803643497,458.0,-0.4477658733791977,963.6666666666666,30,-0.7635405118303149,True
3183,3183,61716034000,honeybee,2.0,61702.0,1.0,5.6,75.5,6,1.7343315271096396,16,617,-0.30648214258149775,805.0,honeybee,-0.5338573729035251,805.0,-0.17999483763394952,963.6666666666666,27,-0.7635405118303149,True
3186,3186,61716043100,honeybee,2.0,61702.0,1.0,0.8,22.0,6,1.7468253726245413,16,617,-0.7861862305709522,51.0,honeybee,0.05009687186142296,51.0,-0.7618373764002813,964.5166666666667,28,-0.7635405118303149,False
3187,3187,61716043100,honeybee,4.0,61704.0,1.0,1.3,27.2,6,1.7468253726245413,16,617,-0.30648214258149775,840.0,honeybee,-0.6474040316078206,840.0,-0.15298623172304548,964.5166666666667,30,-0.7635405118303149,False
3193,3193,70812071400,honeybee,1.0,70801.0,1.0,9.7,114.5,7,-1.7409173449373094,12,708,-0.7861862305709522,152.0,honeybee,20.926461122208316,152.0,-0.6838982564859584,727.2333333333333,2,-1.1170070072329525,True
3203,3203,70913202300,honeybee,3.0,70903.0,1.0,10.8,114.9,7,-0.6657116985666581,13,709,-0.7861862305709522,2922.0,honeybee,0.2285273355396016,2922.0,1.4536399827484439,800.3833333333333,2,-0.7635405118303149,True
3206,3206,70913352900,honeybee,3.0,70903.0,1.0,2.3,39.5,7,-0.44376220765487645,13,709,-0.7861862305709522,906.0,honeybee,0.8935863365219037,906.0,-0.10205571771962654,815.4833333333333,3,0.6503254697802354,False
3207,3207,70913352900,honeybee,2.0,70902.0,1.0,9.6,117.1,7,-0.44376220765487645,13,709,-0.30648214258149775,906.0,honeybee,1.0557958489566115,906.0,-0.10205571771962654,815.4833333333333,2,0.6503254697802354,True
3209,3209,70913352900,honeybee,2.0,70902.0,2.0,0.3,37.3,7,-0.44376220765487645,13,709,0.6529260333974111,0.0,honeybee,0.6989349216002542,0.0,-0.8011927735847415,815.4833333333333,3,0.6503254697802354,False
3211,3211,70913352900,honeybee,0.0,70900.0,1.0,5.5,77.3,7,-0.44376220765487645,13,709,1.61233420937632,3828.0,honeybee,0.08253877434836455,3828.0,2.152777038613559,815.4833333333333,2,0.6503254697802354,True
3213,3213,70913451600,honeybee,3.0,70903.0,1.0,5.5,60.8,7,-0.2999604955519891,13,709,-0.7861862305709522,587.0,honeybee,-0.48519451917311274,587.0,-0.34821986873615157,825.2666666666667,4,-1.1170070072329525,True
3214,3214,70913502200,honeybee,3.0,70903.0,1.0,5.7,63.1,7,-0.22499742246257942,13,709,-0.7861862305709522,306.0,honeybee,0.03387592061795224,306.0,-0.5650603904779808,830.3666666666667,5,-1.1170070072329525,True
3216,3216,70913552400,honeybee,3.0,70903.0,1.0,6.7,80.1,7,-0.15101425882531883,13,709,-0.7861862305709522,302.0,honeybee,0.06631782310489383,302.0,-0.5681470882963698,835.4,6,-0.4100740164276773,True
3217,3217,70913552400,honeybee,2.0,70902.0,1.0,8.8,95.3,7,-0.15101425882531883,13,709,-0.30648214258149775,1195.0,honeybee,-0.8096135440425283,1195.0,0.12095819965898084,835.4,4,-0.4100740164276773,True
3218,3218,70913552400,honeybee,1.0,70901.0,1.0,2.3,23.1,7,-0.15101425882531883,13,709,0.17322194540795668,1195.0,honeybee,-0.24188025052105103,1195.0,0.12095819965898084,835.4,2,-0.4100740164276773,False
3219,3219,70914170300,honeybee,0.0,70900.0,1.0,10.3,105.7,7,0.1672113357601166,14,709,-0.7861862305709522,2494.0,honeybee,0.03387592061795224,2494.0,1.1233633161808179,857.05,3,-1.1170070072329525,True
3220,3220,70914173600,honeybee,2.0,70902.0,1.0,14.6,147.8,7,0.17529558874034706,14,709,-0.7861862305709522,1332.0,honeybee,0.569167311652488,1332.0,0.22667759993880499,857.6,5,-0.4100740164276773,True
3221,3221,70914173600,honeybee,1.0,70901.0,1.0,0.3,20.5,7,0.17529558874034706,14,709,-0.30648214258149775,1332.0,honeybee,-0.48519451917311274,1332.0,0.22667759993880499,857.6,3,-0.4100740164276773,False
3222,3222,70914173600,honeybee,0.0,70900.0,1.0,0.5,28.7,7,0.17529558874034706,14,709,0.17322194540795668,33.0,honeybee,0.8124815803045498,33.0,-0.775727516583032,857.6,4,-0.4100740164276773,False
3225,3225,70914234400,honeybee,0.0,70900.0,1.0,4.8,60.1,7,0.26544725833806854,14,709,-0.30648214258149775,368.0,honeybee,-0.7771716415555867,368.0,-0.5172165742929509,863.7333333333333,5,-0.7635405118303149,True
3226,3226,70914361300,honeybee,2.0,70902.0,1.0,7.3,88.1,7,0.4489353032529963,14,709,-0.7861862305709522,749.0,honeybee,2.548123363355923,749.0,-0.22320860709139592,876.2166666666667,7,-0.7635405118303149,True
3227,3227,70914361300,honeybee,1.0,70901.0,1.0,6.3,57.2,7,0.4489353032529963,14,709,-0.30648214258149775,1117.0,honeybee,-0.8096135440425283,1117.0,0.06076759220039475,876.2166666666667,4,-0.7635405118303149,True
3228,3228,70914481800,honeybee,3.0,70903.0,1.0,12.6,109.3,7,0.6265438914550292,14,709,-0.7861862305709522,3174.0,honeybee,0.2285273355396016,3174.0,1.6481019453069523,888.3,7,-0.05660752102503974,True
3229,3229,70914481800,honeybee,2.0,70902.0,1.0,3.5,58.4,7,0.6265438914550292,14,709,-0.30648214258149775,725.0,honeybee,0.3258530430004262,725.0,-0.24172879400173003,888.3,8,-0.05660752102503974,True
3230,3230,70914481800,honeybee,1.0,70901.0,1.0,6.5,83.0,7,0.6265438914550292,14,709,0.17322194540795668,725.0,honeybee,0.16364353056571845,725.0,-0.24172879400173003,888.3,5,-0.05660752102503974,True
3231,3231,70914481800,honeybee,0.0,70900.0,1.0,8.6,86.5,7,0.6265438914550292,14,709,0.6529260333974111,1474.0,honeybee,-0.07967073808634324,1474.0,0.3362553724916155,888.3,6,-0.05660752102503974,True
3237,3237,70915055000,honeybee,3.0,70903.0,1.0,8.6,83.9,7,0.8842600773702548,15,709,-0.7861862305709522,1052.0,honeybee,1.1855634589043775,1052.0,0.010608752651573093,905.8333333333334,8,-0.7635405118303149,True
3238,3238,70915055000,honeybee,2.0,70902.0,1.0,1.8,60.5,7,0.8842600773702548,15,709,-0.30648214258149775,181.0,moth,9.57179525177877,1052.0,-0.6615196973026379,905.8333333333334,10,-0.7635405118303149,False
3250,3250,71011460800,honeybee,2.0,71002.0,1.0,0.2,25.2,7,-2.0510586865425147,11,710,-0.30648214258149775,85.0,honeybee,0.6664930191133127,85.0,-0.7356004449439747,706.1333333333333,2,-0.4100740164276773,False
3253,3253,71011543500,honeybee,3.0,71003.0,1.0,2.1,33.0,7,-1.92685516348261,11,710,-0.30648214258149775,592.0,honeybee,-0.4040897629557588,592.0,-0.3443614964631652,714.5833333333334,2,-0.7635405118303149,False
3255,3255,71012095600,honeybee,7.0,71007.0,1.0,9.1,59.9,7,-1.701231012125269,12,710,-0.7861862305709522,921.0,honeybee,0.21230638429613075,921.0,-0.09048060090066769,729.9333333333333,2,-0.4100740164276773,True
3256,3256,71012095600,honeybee,4.0,71004.0,1.0,0.8,44.4,7,-1.701231012125269,12,710,-0.30648214258149775,1483.0,honeybee,2.012831972321387,1483.0,0.34320044258299076,729.9333333333333,2,-0.4100740164276773,False
3257,3257,71012095600,honeybee,6.0,71006.0,1.0,1.1,29.8,7,-1.701231012125269,12,710,0.17322194540795668,1483.0,honeybee,1.4937615325303222,1483.0,0.34320044258299076,729.9333333333333,2,-0.4100740164276773,False
3258,3258,71012151100,honeybee,1.0,71001.0,1.0,6.1,65.1,7,-1.6240631427685237,12,710,-0.7861862305709522,1828.0,honeybee,1.9155062648605627,1828.0,0.6094281294190445,735.1833333333333,2,-1.1170070072329525,True
3259,3259,71012361100,honeybee,6.0,71006.0,1.0,8.7,141.2,7,-1.3153916653415425,12,710,-0.7861862305709522,1575.0,honeybee,-0.6798459340947619,1575.0,0.4141944924059385,756.1833333333333,3,-0.05660752102503974,True
3260,3260,71012361100,honeybee,4.0,71004.0,1.0,8.3,71.6,7,-1.3153916653415425,12,710,-0.30648214258149775,1575.0,honeybee,-0.7285087878251744,1575.0,0.4141944924059385,756.1833333333333,3,-0.05660752102503974,True
3261,3261,71012361100,honeybee,7.0,71007.0,1.0,8.6,86.5,7,-1.3153916653415425,12,710,0.17322194540795668,1575.0,honeybee,0.6178301653829003,1575.0,0.4141944924059385,756.1833333333333,3,-0.05660752102503974,True
3262,3262,71012361100,honeybee,3.0,71003.0,1.0,6.1,96.6,7,-1.3153916653415425,12,710,0.6529260333974111,2496.0,honeybee,-0.5176364216600542,2496.0,1.1249066650900124,756.1833333333333,3,-0.05660752102503974,True
3263,3263,71012445800,honeybee,3.0,71003.0,1.0,3.6,45.7,7,-1.1862885950208923,12,710,-0.7861862305709522,527.0,honeybee,0.13120162807877686,527.0,-0.394520336011987,764.9666666666667,4,-0.4100740164276773,True
3264,3264,71012445800,honeybee,2.0,71002.0,1.0,12.8,109.4,7,-1.1862885950208923,12,710,-0.30648214258149775,3530.0,honeybee,-0.8258344952859991,3530.0,1.9228180511435762,764.9666666666667,3,-0.4100740164276773,True
3267,3267,71012470800,honeybee,0.0,71000.0,1.0,5.9,58.6,7,-1.154441537826045,12,710,-0.7861862305709522,130.0,honeybee,2.6778909733036893,130.0,-0.7008750944870981,767.1333333333333,3,-1.1170070072329525,True
3269,3269,71013010700,honeybee,7.0,71007.0,1.0,3.5,50.2,7,-0.9489055302377616,13,710,-0.7861862305709522,1496.0,honeybee,0.5367254091655463,1496.0,0.3532322104927552,781.1166666666667,4,-0.7635405118303149,True
3270,3270,71013010700,honeybee,3.0,71003.0,1.0,1.6,21.6,7,-0.9489055302377616,13,710,-0.30648214258149775,969.0,honeybee,-0.27432215300799256,969.0,-0.05344022707999939,781.1166666666667,5,-0.7635405118303149,False
3272,3272,71013191400,honeybee,1.0,71001.0,1.0,9.0,91.1,7,-0.682615136616231,13,710,-0.7861862305709522,3843.0,honeybee,0.13120162807877686,3843.0,2.1643521554325176,799.2333333333333,3,-1.1170070072329525,True
3275,3275,71013420100,honeybee,0.0,71000.0,1.0,1.0,17.0,7,-0.34773108134426006,13,710,-0.7861862305709522,3293.0,honeybee,0.09875972559183542,3293.0,1.7399312054040261,822.0166666666667,4,1.003791965182873,False
3276,3276,71013420100,honeybee,1.0,71001.0,1.0,6.1,163.4,7,-0.34773108134426006,13,710,-0.30648214258149775,1367.0,honeybee,0.6016092141394295,1367.0,0.2536862058497091,822.0166666666667,4,1.003791965182873,True
3278,3278,71013420100,honeybee,4.0,71004.0,1.0,10.0,103.0,7,-0.34773108134426006,13,710,0.6529260333974111,3950.0,honeybee,0.48806255543513416,3950.0,2.246921322074424,822.0166666666667,4,1.003791965182873,True
3279,3279,71013420100,honeybee,7.0,71007.0,1.0,7.0,88.7,7,-0.34773108134426006,13,710,1.1326301213868655,2454.0,honeybee,-0.29054310425146335,2454.0,1.0924963379969275,822.0166666666667,5,1.003791965182873,True
3280,3280,71013420100,honeybee,3.0,71003.0,1.0,4.0,47.7,7,-0.34773108134426006,13,710,1.61233420937632,2454.0,honeybee,-0.5987411778774081,2454.0,1.0924963379969275,822.0166666666667,6,1.003791965182873,True
3281,3281,71013420100,honeybee,6.0,71006.0,1.0,8.0,59.4,7,-0.34773108134426006,13,710,2.0920382973657743,3950.0,honeybee,0.552946360409017,3950.0,2.246921322074424,822.0166666666667,4,1.003791965182873,True
3282,3282,71013504500,honeybee,7.0,71007.0,1.0,3.5,45.2,7,-0.2193629431127218,13,710,-0.7861862305709522,524.0,honeybee,0.27719018927001393,524.0,-0.3968353593757788,830.75,6,-0.05660752102503974,True
3283,3283,71013504500,honeybee,3.0,71003.0,1.0,6.3,92.9,7,-0.2193629431127218,13,710,-0.30648214258149775,524.0,honeybee,-0.20943834803410946,524.0,-0.3968353593757788,830.75,7,-0.05660752102503974,True
3284,3284,71013504500,honeybee,4.0,71004.0,1.0,3.6,72.6,7,-0.2193629431127218,13,710,0.17322194540795668,524.0,honeybee,0.7638187265741373,524.0,-0.3968353593757788,830.75,5,-0.05660752102503974,True
3285,3285,71013504500,honeybee,6.0,71006.0,1.0,2.2,46.1,7,-0.2193629431127218,13,710,0.6529260333974111,524.0,honeybee,0.4393997017047217,524.0,-0.3968353593757788,830.75,5,-0.05660752102503974,False
3286,3286,71014010500,honeybee,7.0,71007.0,1.0,7.5,78.4,7,-0.06747697802960406,14,710,-0.7861862305709522,620.0,honeybee,-0.29054310425146335,620.0,-0.32275461173444203,841.0833333333334,7,-0.4100740164276773,True
3287,3287,71014010500,honeybee,3.0,71003.0,1.0,1.8,39.6,7,-0.06747697802960406,14,710,-0.30648214258149775,620.0,honeybee,0.16364353056571845,620.0,-0.32275461173444203,841.0833333333334,8,-0.4100740164276773,False
3288,3288,71014010500,honeybee,4.0,71004.0,1.0,1.0,40.2,7,-0.06747697802960406,14,710,0.17322194540795668,620.0,honeybee,-0.27432215300799256,620.0,-0.32275461173444203,841.0833333333334,6,-0.4100740164276773,False
3289,3289,71014011200,honeybee,3.0,71003.0,1.0,2.1,27.4,7,-0.06576213648834306,14,710,-0.7861862305709522,7.0,honeybee,-0.5662992753904666,7.0,-0.7957910524025607,841.2,9,-0.7635405118303149,False
3290,3290,71014011200,honeybee,4.0,71004.0,1.0,1.1,42.0,7,-0.06576213648834306,14,710,-0.30648214258149775,7.0,honeybee,-0.6960668853382328,7.0,-0.7957910524025607,841.2,7,-0.7635405118303149,False
3292,3292,71014013500,honeybee,7.0,71007.0,1.0,0.5,42.7,7,-0.06012765713848547,14,710,-0.7861862305709522,30.0,honeybee,0.35829494548736784,30.0,-0.7780425399468237,841.5833333333334,8,-1.1170070072329525,False
3294,3294,71014294500,honeybee,6.0,71006.0,1.0,18.7,178.4,7,0.35388408639452906,14,710,-0.7861862305709522,2340.0,honeybee,-0.5014154704165834,2340.0,1.0045254501728402,869.75,6,3.124590937598698,True
3296,3296,71014294500,honeybee,7.0,71007.0,1.0,9.1,117.9,7,0.35388408639452906,14,710,0.17322194540795668,1690.0,honeybee,-0.7771716415555867,1690.0,0.5029370546846231,869.75,9,3.124590937598698,True
3297,3297,71014294500,honeybee,3.0,71003.0,1.0,17.5,191.7,7,0.35388408639452906,14,710,0.6529260333974111,1713.0,honeybee,-0.5176364216600542,1713.0,0.52068556714036,869.75,10,3.124590937598698,True
3298,3298,71014294500,honeybee,4.0,71004.0,2.0,2.0,72.0,7,0.35388408639452906,14,710,1.1326301213868655,0.0,honeybee,4.462195610085474,0.0,-0.8011927735847415,869.75,9,3.124590937598698,False
3301,3301,71014294500,honeybee,2.0,71002.0,2.0,1.0,34.6,7,0.35388408639452906,14,710,2.571742385355229,0.0,honeybee,4.900161293659186,0.0,-0.8011927735847415,869.75,5,3.124590937598698,False
3302,3302,71014294500,honeybee,4.0,71004.0,3.0,7.5,78.4,7,0.35388408639452906,14,710,3.0514464733446833,0.0,honeybee,-0.5338573729035251,0.0,-0.8011927735847415,869.75,10,3.124590937598698,True
3303,3303,71014294500,honeybee,7.0,71007.0,2.0,0.8,36.1,7,0.35388408639452906,14,710,3.5311505613341376,0.0,honeybee,0.6178301653829003,0.0,-0.8011927735847415,869.75,10,3.124590937598698,False
3304,3304,71014294500,honeybee,3.0,71003.0,2.0,4.0,53.3,7,0.35388408639452906,14,710,4.010854649323592,0.0,honeybee,1.9803900698344457,0.0,-0.8011927735847415,869.75,11,3.124590937598698,True
3305,3305,71014294500,honeybee,4.0,71004.0,4.0,2.6,66.7,7,0.35388408639452906,14,710,4.490558737313046,0.0,honeybee,0.35829494548736784,0.0,-0.8011927735847415,869.75,11,3.124590937598698,True
3306,3306,71014294500,honeybee,6.0,71006.0,2.0,7.0,72.0,7,0.35388408639452906,14,710,4.970262825302501,0.0,honeybee,2.175041484756095,0.0,-0.8011927735847415,869.75,7,3.124590937598698,True
3307,3307,71014361200,honeybee,1.0,71001.0,1.0,4.8,69.4,7,0.448690325889959,14,710,-0.7861862305709522,387.0,honeybee,3.7322528041292897,387.0,-0.502554759655603,876.2,6,0.29685897437759784,True
3309,3309,71014361200,honeybee,6.0,71006.0,1.0,3.8,43.3,7,0.448690325889959,14,710,0.17322194540795668,387.0,honeybee,0.27719018927001393,387.0,-0.502554759655603,876.2,8,0.29685897437759784,True
3310,3310,71014361200,honeybee,4.0,71004.0,1.0,2.1,33.8,7,0.448690325889959,14,710,0.6529260333974111,387.0,honeybee,-0.43653166544270033,387.0,-0.502554759655603,876.2,12,0.29685897437759784,False
3311,3311,71014361200,honeybee,7.0,71007.0,1.0,0.3,14.4,7,0.448690325889959,14,710,1.1326301213868655,387.0,honeybee,-0.7285087878251744,387.0,-0.502554759655603,876.2,11,0.29685897437759784,False
3312,3312,71014390200,honeybee,0.0,71000.0,1.0,6.1,99.7,7,0.4903364776062977,14,710,-0.7861862305709522,3421.0,honeybee,-0.6960668853382328,3421.0,1.8387055355924753,879.0333333333333,5,-1.1170070072329525,True
3313,3313,71015020000,honeybee,7.0,71007.0,1.0,14.8,168.5,7,0.8279152838716788,15,710,-0.7861862305709522,1548.0,honeybee,-0.8096135440425283,1548.0,0.3933592821318126,902.0,12,-1.1170070072329525,True
3315,3315,71015234600,honeybee,0.0,71000.0,1.0,7.6,83.1,7,1.1478557199983752,15,710,-0.7861862305709522,2684.0,honeybee,0.13120162807877686,2684.0,1.2699814625542967,923.7666666666667,6,-0.05660752102503974,True
3316,3316,71015234600,honeybee,1.0,71001.0,1.0,4.6,44.3,7,1.1478557199983752,15,710,-0.30648214258149775,2854.0,honeybee,-0.07967073808634324,2854.0,1.4011661198358305,923.7666666666667,7,-0.05660752102503974,True
3317,3317,71015234600,honeybee,2.0,71002.0,1.0,7.0,52.5,7,1.1478557199983752,15,710,0.17322194540795668,3241.0,honeybee,-0.6960668853382328,3241.0,1.699804133764969,923.7666666666667,6,-0.05660752102503974,True
3318,3318,71015234600,honeybee,4.0,71004.0,1.0,3.6,52.6,7,1.1478557199983752,15,710,0.6529260333974111,2854.0,honeybee,-0.5176364216600542,2854.0,1.4011661198358305,923.7666666666667,13,-0.05660752102503974,True
3319,3319,71015235300,honeybee,1.0,71001.0,1.0,6.5,141.3,7,1.1495705615396363,15,710,-0.7861862305709522,7.0,honeybee,-0.11211264057328484,7.0,-0.7957910524025607,923.8833333333333,8,-1.1170070072329525,True
3320,3320,71015241500,honeybee,6.0,71006.0,1.0,3.1,36.1,7,1.1549600635264565,15,710,-0.7861862305709522,2883.0,honeybee,-0.24188025052105103,2883.0,1.4235446790191506,924.25,9,-1.1170070072329525,True
3330,3330,71212003700,honeybee,0.0,71200.0,1.0,1.8,22.4,7,-1.8381733580631123,12,712,-0.7861862305709522,252.0,honeybee,0.08253877434836455,252.0,-0.6067308110262327,720.6166666666667,2,-1.1170070072329525,False
3331,3331,71212003800,honeybee,1.0,71201.0,1.0,2.1,77.0,7,-1.837928380700075,12,712,-0.7861862305709522,253.0,honeybee,0.6016092141394295,253.0,-0.6059591365716355,720.6333333333333,2,-0.7635405118303149,False
3332,3332,71212003800,honeybee,4.0,71204.0,1.0,0.6,16.5,7,-1.837928380700075,12,712,-0.30648214258149775,253.0,honeybee,0.40695779921778014,253.0,-0.6059591365716355,720.6333333333333,2,-0.7635405118303149,False
3333,3333,71212070800,honeybee,4.0,71204.0,1.0,5.8,296.5,7,-1.7423872091155332,12,712,-0.7861862305709522,390.0,honeybee,-0.760950690312116,390.0,-0.5002397362918112,727.1333333333333,3,-1.1170070072329525,True
3336,3336,71212070900,honeybee,5.0,71205.0,2.0,2.7,135.0,7,-1.742142231752496,12,712,0.17322194540795668,2094.0,honeybee,-0.7285087878251744,2094.0,0.8146935343419148,727.15,2,0.29685897437759784,True
3338,3338,71212070900,honeybee,5.0,71205.0,3.0,0.2,4.8,7,-1.742142231752496,12,712,1.1326301213868655,0.0,honeybee,-0.42031071419922955,0.0,-0.8011927735847415,727.15,3,0.29685897437759784,False
3340,3340,71212074200,honeybee,0.0,71200.0,1.0,5.9,82.8,7,-1.7340579787722654,12,712,-0.7861862305709522,425.0,honeybee,-0.5662992753904666,425.0,-0.47323113038090725,727.7,3,-1.1170070072329525,True
3341,3341,71212075200,honeybee,1.0,71201.0,1.0,6.7,103.5,7,-1.7316082051418926,12,712,-0.7861862305709522,434.0,honeybee,-0.5176364216600542,434.0,-0.46628606028953185,727.8666666666667,3,-1.1170070072329525,True
3342,3342,71212104600,honeybee,3.0,71203.0,1.0,9.8,91.9,7,-1.6889821439734047,12,712,-0.7861862305709522,861.0,honeybee,0.45562065294819243,861.0,-0.1367810681765031,730.7666666666667,2,-0.05660752102503974,True
3343,3343,71212104600,honeybee,4.0,71204.0,1.0,0.8,25.3,7,-1.6889821439734047,12,712,-0.30648214258149775,218.0,honeybee,0.08253877434836455,218.0,-0.6329677424825394,730.7666666666667,4,-0.05660752102503974,False
3345,3345,71212104600,honeybee,5.0,71205.0,1.0,7.9,163.4,7,-1.6889821439734047,12,712,0.6529260333974111,217.0,honeybee,-0.8258344952859991,217.0,-0.6337394169371366,730.7666666666667,4,-0.05660752102503974,True
3348,3348,71212345000,honeybee,0.0,71200.0,1.0,7.5,90.5,7,-1.3352348317475626,12,712,-0.7861862305709522,1628.0,honeybee,0.09875972559183542,1628.0,0.4550932384995931,754.8333333333334,4,0.6503254697802354,True
3349,3349,71212345000,honeybee,3.0,71203.0,1.0,6.0,72.6,7,-1.3352348317475626,12,712,-0.30648214258149775,1444.0,honeybee,0.7313768240871958,1444.0,0.3131051388536978,754.8333333333334,3,0.6503254697802354,True
3350,3350,71212345000,honeybee,4.0,71204.0,1.0,7.6,73.7,7,-1.3352348317475626,12,712,0.17322194540795668,1444.0,honeybee,-0.7285087878251744,1444.0,0.3131051388536978,754.8333333333334,5,0.6503254697802354,True
3351,3351,71212345000,honeybee,6.0,71206.0,1.0,1.5,258.0,7,-1.3352348317475626,12,712,0.6529260333974111,1661.0,honeybee,-0.5338573729035251,1661.0,0.48055849550130264,754.8333333333334,2,0.6503254697802354,False
3353,3353,71212345000,honeybee,6.0,71206.0,2.0,4.4,144.9,7,-1.3352348317475626,12,712,1.61233420937632,0.0,honeybee,-0.6149621291208789,0.0,-0.8011927735847415,754.8333333333334,3,0.6503254697802354,True
3355,3355,71212353400,honeybee,4.0,71204.0,1.0,6.6,66.6,7,-1.324455827773922,12,712,-0.7861862305709522,44.0,honeybee,0.37451589673083857,44.0,-0.7672390975824621,755.5666666666667,6,-0.05660752102503974,True
3356,3356,71212353400,honeybee,3.0,71203.0,1.0,5.3,53.8,7,-1.324455827773922,12,712,-0.30648214258149775,44.0,honeybee,0.11498067683530613,44.0,-0.7672390975824621,755.5666666666667,4,-0.05660752102503974,True
3357,3357,71212353400,honeybee,6.0,71206.0,1.0,1.5,209.0,7,-1.324455827773922,12,712,0.17322194540795668,44.0,honeybee,-0.14455454306022628,44.0,-0.7672390975824621,755.5666666666667,4,-0.05660752102503974,False
3358,3358,71212353400,honeybee,5.0,71205.0,1.0,13.4,158.0,7,-1.324455827773922,12,712,0.6529260333974111,1488.0,honeybee,0.423178750461251,1488.0,0.34705881485597717,755.5666666666667,5,-0.05660752102503974,True
3361,3361,71212433100,honeybee,0.0,71200.0,1.0,7.0,59.1,7,-1.2076016256051363,12,712,-0.7861862305709522,35.0,moth,0.569167311652488,521.0,-0.7741841676738376,763.5166666666667,6,-1.1170070072329525,True
3364,3364,71212480200,honeybee,4.0,71204.0,1.0,1.5,22.3,7,-1.1412127602220317,12,712,-0.7861862305709522,748.0,honeybee,0.21230638429613075,748.0,-0.22398028154599314,768.0333333333333,7,-1.1170070072329525,False
3365,3365,71212480800,honeybee,6.0,71206.0,1.0,0.3,21.5,7,-1.1397428960438079,12,712,-0.7861862305709522,754.0,honeybee,-0.6149621291208789,754.0,-0.21935023481840962,768.1333333333333,5,0.6503254697802354,False
3366,3366,71212480800,honeybee,5.0,71205.0,1.0,0.4,24.5,7,-1.1397428960438079,12,712,-0.30648214258149775,754.0,honeybee,1.315331068852144,754.0,-0.21935023481840962,768.1333333333333,6,0.6503254697802354,False
3367,3367,71212480800,honeybee,6.0,71206.0,2.0,3.0,47.6,7,-1.1397428960438079,12,712,0.17322194540795668,0.0,honeybee,-0.8096135440425283,0.0,-0.8011927735847415,768.1333333333333,6,0.6503254697802354,True
3369,3369,71212480800,honeybee,1.0,71201.0,1.0,8.0,115.0,7,-1.1397428960438079,12,712,1.1326301213868655,2416.0,honeybee,0.2285273355396016,2416.0,1.0631727087222316,768.1333333333333,4,0.6503254697802354,True
3370,3370,71212480800,honeybee,0.0,71200.0,1.0,2.3,26.3,7,-1.1397428960438079,12,712,1.61233420937632,191.0,moth,-0.7285087878251744,277.0,-0.6538029527566653,768.1333333333333,8,0.6503254697802354,False
3371,3371,71212490000,honeybee,3.0,71203.0,1.0,6.8,85.9,7,-1.127004073165869,12,712,-0.7861862305709522,806.0,honeybee,0.0014340181310106524,806.0,-0.17922316317935222,769.0,5,-0.7635405118303149,True
3372,3372,71212490000,honeybee,4.0,71204.0,1.0,4.8,75.5,7,-1.127004073165869,12,712,-0.30648214258149775,58.0,honeybee,-0.6149621291208789,58.0,-0.7564356552181006,769.0,8,-0.7635405118303149,True
3374,3374,71212575100,honeybee,5.0,71205.0,1.0,4.0,48.4,7,-0.9969210933930698,12,712,-0.7861862305709522,583.0,honeybee,-0.7933925927990575,583.0,-0.35130656655454057,777.85,7,-0.05660752102503974,True
3376,3376,71212575100,honeybee,1.0,71201.0,1.0,3.8,67.9,7,-0.9969210933930698,12,712,0.17322194540795668,583.0,honeybee,0.4393997017047217,583.0,-0.35130656655454057,777.85,5,-0.05660752102503974,True
3377,3377,71212575100,honeybee,0.0,71200.0,1.0,5.8,58.0,7,-0.9969210933930698,12,712,0.6529260333974111,583.0,honeybee,-0.48519451917311274,583.0,-0.35130656655454057,777.85,9,-0.05660752102503974,True
3378,3378,71212594600,honeybee,0.0,71200.0,1.0,1.0,33.0,7,-0.9687486966437818,12,712,-0.7861862305709522,115.0,honeybee,0.08253877434836455,115.0,-0.7124502113060569,779.7666666666667,10,-1.1170070072329525,False
3379,3379,71213130700,honeybee,0.0,71200.0,1.0,5.2,100.2,7,-0.7725218288509151,13,712,-0.7861862305709522,801.0,honeybee,-0.6960668853382328,801.0,-0.18308153545233855,793.1166666666667,11,0.6503254697802354,True
3380,3380,71213130700,honeybee,1.0,71201.0,1.0,4.6,91.5,7,-0.7725218288509151,13,712,-0.30648214258149775,916.0,honeybee,-0.24188025052105103,916.0,-0.09433897317365392,793.1166666666667,6,0.6503254697802354,True
3381,3381,71213130700,honeybee,3.0,71203.0,1.0,6.1,68.2,7,-0.7725218288509151,13,712,0.17322194540795668,1447.0,honeybee,0.24474828678307234,1447.0,0.3154201622174896,793.1166666666667,6,0.6503254697802354,True
3382,3382,71213130700,honeybee,4.0,71204.0,1.0,6.6,56.6,7,-0.7725218288509151,13,712,0.6529260333974111,1447.0,honeybee,-0.07967073808634324,1447.0,0.3154201622174896,793.1166666666667,9,0.6503254697802354,True
3383,3383,71213130700,honeybee,6.0,71206.0,1.0,3.6,267.2,7,-0.7725218288509151,13,712,1.1326301213868655,1499.0,honeybee,-0.37164786046881726,1499.0,0.355547233856547,793.1166666666667,7,0.6503254697802354,True
3384,3384,71213130700,honeybee,5.0,71205.0,1.0,4.1,58.4,7,-0.7725218288509151,13,712,1.61233420937632,916.0,honeybee,-0.20943834803410946,916.0,-0.09433897317365392,793.1166666666667,8,0.6503254697802354,True
3387,3387,71213135200,honeybee,4.0,71204.0,1.0,0.6,21.4,7,-0.7614978475142373,13,712,-0.30648214258149775,45.0,honeybee,0.21230638429613075,45.0,-0.7664674231278649,793.8666666666667,10,-0.7635405118303149,False
3388,3388,71213180900,honeybee,0.0,71200.0,1.0,4.9,48.5,7,-0.6985386652136546,13,712,-0.7861862305709522,302.0,honeybee,-0.01478693311246007,302.0,-0.5681470882963698,798.15,12,-1.1170070072329525,True
3390,3390,71213181700,honeybee,1.0,71201.0,1.0,2.0,51.6,7,-0.6965788463093563,13,712,-0.30648214258149775,310.0,honeybee,-0.11211264057328484,310.0,-0.5619736926595917,798.2833333333333,7,-0.05660752102503974,False
3391,3391,71213181700,honeybee,3.0,71203.0,1.0,3.5,48.9,7,-0.6965788463093563,13,712,0.17322194540795668,310.0,honeybee,0.13120162807877686,310.0,-0.5619736926595917,798.2833333333333,7,-0.05660752102503974,True
3392,3392,71213181700,honeybee,4.0,71204.0,1.0,0.8,16.6,7,-0.6965788463093563,13,712,0.6529260333974111,265.0,honeybee,-0.760950690312116,265.0,-0.5966990431164683,798.2833333333333,11,-0.05660752102503974,False
3393,3393,71213184100,honeybee,5.0,71205.0,1.0,1.0,14.5,7,-0.6906993895964614,13,712,-0.7861862305709522,334.0,honeybee,-0.19321739679063873,334.0,-0.5434535057492577,798.6833333333333,9,-0.7635405118303149,False
3394,3394,71213184100,honeybee,1.0,71201.0,1.0,0.6,35.7,7,-0.6906993895964614,13,712,-0.30648214258149775,24.0,honeybee,-0.5338573729035251,24.0,-0.7826725866744074,798.6833333333333,8,-0.7635405118303149,False
3395,3395,71213203200,honeybee,2.0,71202.0,1.0,1.5,24.6,7,-0.6635069022993226,13,712,-0.7861862305709522,135.0,honeybee,0.552946360409017,135.0,-0.6970167222141118,800.5333333333333,2,-0.7635405118303149,False
3396,3396,71213203200,honeybee,1.0,71201.0,1.0,2.1,46.6,7,-0.6635069022993226,13,712,-0.30648214258149775,111.0,honeybee,-0.760950690312116,111.0,-0.7155369091244459,800.5333333333333,9,-0.7635405118303149,False
3397,3397,71213240000,honeybee,6.0,71206.0,1.0,1.3,157.0,7,-0.6125516107875669,13,712,-0.7861862305709522,653.0,honeybee,-0.27432215300799256,653.0,-0.2972893547327326,804.0,8,-1.1170070072329525,False
3399,3399,71213240010,honeybee,6.0,71206.0,1.0,1.2,99.0,7,-0.6125516107875669,13,712,-0.7861862305709522,0.0,honeybee,-0.6474040316078206,0.0,-0.8011927735847415,804.0,9,-0.4100740164276773,False
3400,3400,71213240010,honeybee,4.0,71204.0,1.0,2.9,47.0,7,-0.6125516107875669,13,712,-0.30648214258149775,343.0,honeybee,-0.7285087878251744,343.0,-0.5365084356578823,804.0,12,-0.4100740164276773,True
3401,3401,71213240010,honeybee,1.0,71201.0,1.0,2.1,31.6,7,-0.6125516107875669,13,712,0.17322194540795668,208.0,honeybee,-0.5176364216600542,208.0,-0.640684487028512,804.0,10,-0.4100740164276773,False
3402,3402,71213273100,honeybee,0.0,71200.0,1.0,5.3,96.4,7,-0.5608613871866994,13,712,-0.7861862305709522,562.0,honeybee,-0.06344978684287238,562.0,-0.36751173010108296,807.5166666666667,13,-0.05660752102503974,True
3403,3403,71213273100,honeybee,2.0,71202.0,1.0,5.0,59.1,7,-0.5608613871866994,13,712,-0.30648214258149775,419.0,honeybee,-0.6149621291208789,419.0,-0.4778611771084907,807.5166666666667,3,-0.05660752102503974,True
3404,3404,71213273100,honeybee,3.0,71203.0,1.0,3.3,36.0,7,-0.5608613871866994,13,712,0.17322194540795668,554.0,honeybee,-0.29054310425146335,554.0,-0.37368512573786106,807.5166666666667,8,-0.05660752102503974,True
3405,3405,71213273100,honeybee,4.0,71204.0,1.0,1.8,30.0,7,-0.5608613871866994,13,712,0.6529260333974111,211.0,honeybee,-0.38786881171228804,211.0,-0.6383694636647202,807.5166666666667,13,-0.05660752102503974,False
3406,3406,71213275400,honeybee,1.0,71201.0,1.0,15.3,199.0,7,-0.5552269078368419,13,712,-0.7861862305709522,234.0,honeybee,-0.5176364216600542,234.0,-0.6206209512089833,807.9,11,-0.7635405118303149,True
3407,3407,71213275400,honeybee,4.0,71204.0,1.0,12.6,91.6,7,-0.5552269078368419,13,712,-0.30648214258149775,23.0,honeybee,-0.5662992753904666,23.0,-0.7834442611290046,807.9,14,-0.7635405118303149,True
3409,3409,71213293300,honeybee,6.0,71206.0,1.0,6.3,142.6,7,-0.5309741488961505,13,712,-0.7861862305709522,333.0,honeybee,-0.6636249828512912,333.0,-0.5442251802038548,809.55,10,-1.1170070072329525,True
3410,3410,71213312700,honeybee,1.0,71201.0,1.0,3.8,45.5,7,-0.5030467295098998,13,712,-0.7861862305709522,213.0,honeybee,1.6235291424780887,213.0,-0.6368261147555256,811.45,12,-0.7635405118303149,True
3411,3411,71213312700,honeybee,0.0,71200.0,1.0,2.6,28.3,7,-0.5030467295098998,13,712,-0.30648214258149775,199.0,moth,0.9746910927392576,236.0,-0.6476295571198873,811.45,15,-0.7635405118303149,True
3412,3412,71213345300,honeybee,4.0,71204.0,1.0,4.1,76.4,7,-0.45258139272421877,13,712,-0.7861862305709522,419.0,honeybee,1.1855634589043775,419.0,-0.4778611771084907,814.8833333333333,15,-0.4100740164276773,True
3414,3414,71213345300,honeybee,1.0,71201.0,1.0,3.3,51.6,7,-0.45258139272421877,13,712,0.17322194540795668,206.0,honeybee,-0.24188025052105103,206.0,-0.6422278359377065,814.8833333333333,13,-0.4100740164276773,True
3415,3415,71213595800,honeybee,1.0,71201.0,1.0,5.7,62.9,7,-0.08389046135310227,13,712,-0.7861862305709522,1505.0,honeybee,-0.3229850067384049,1505.0,0.36017728058413045,839.9666666666667,14,-0.4100740164276773,True
3416,3416,71213595800,honeybee,3.0,71203.0,1.0,6.3,81.2,7,-0.08389046135310227,13,712,-0.30648214258149775,1947.0,honeybee,-0.3229850067384049,1947.0,0.7012573895161183,839.9666666666667,9,-0.4100740164276773,True
3417,3417,71213595800,honeybee,4.0,71204.0,1.0,6.6,69.3,7,-0.08389046135310227,13,712,0.17322194540795668,1505.0,honeybee,-0.19321739679063873,1505.0,0.36017728058413045,839.9666666666667,16,-0.4100740164276773,True
3420,3420,71214001000,honeybee,6.0,71206.0,1.0,0.8,146.0,7,-0.08095073299665484,14,712,-0.7861862305709522,1837.0,honeybee,0.16364353056571845,1837.0,0.6163731995104199,840.1666666666666,11,-0.05660752102503974,False
3421,3421,71214001000,honeybee,5.0,71205.0,1.0,1.3,68.5,7,-0.08095073299665484,14,712,-0.30648214258149775,2489.0,honeybee,-0.6960668853382328,2489.0,1.1195049439078315,840.1666666666666,10,-0.05660752102503974,False
3422,3422,71214001000,honeybee,6.0,71206.0,2.0,4.3,52.1,7,-0.08095073299665484,14,712,0.17322194540795668,0.0,honeybee,-0.7285087878251744,0.0,-0.8011927735847415,840.1666666666666,12,-0.05660752102503974,True
3423,3423,71214001000,honeybee,0.0,71200.0,1.0,9.1,89.4,7,-0.08095073299665484,14,712,0.6529260333974111,1723.0,honeybee,-0.43653166544270033,1723.0,0.5284023116863324,840.1666666666666,16,-0.05660752102503974,True
3424,3424,71214002900,honeybee,3.0,71203.0,1.0,2.5,47.5,7,-0.07629616309894638,14,712,-0.7861862305709522,31.0,honeybee,0.16364353056571845,31.0,-0.7772708654922266,840.4833333333333,10,-0.7635405118303149,True
3425,3425,71214002900,honeybee,4.0,71204.0,1.0,4.0,42.0,7,-0.07629616309894638,14,712,-0.30648214258149775,31.0,honeybee,0.21230638429613075,31.0,-0.7772708654922266,840.4833333333333,17,-0.7635405118303149,True
3428,3428,71214015700,honeybee,6.0,71206.0,1.0,2.2,39.8,7,-0.054738155151665156,14,712,-0.7861862305709522,107.0,honeybee,-0.16077549430369714,107.0,-0.718623606942835,841.95,13,-1.1170070072329525,False
3435,3435,71214024700,honeybee,4.0,71204.0,1.0,0.6,22.1,7,-0.04248928699980082,14,712,-0.30648214258149775,138.0,honeybee,-0.20943834803410946,138.0,-0.69470169885032,842.7833333333333,18,-0.7635405118303149,False
3436,3436,71214070800,honeybee,5.0,71205.0,1.0,0.6,12.8,7,0.021449804752931005,14,712,-0.7861862305709522,418.0,honeybee,-0.6474040316078206,418.0,-0.478632851563088,847.1333333333333,11,-0.7635405118303149,False
3437,3437,71214070800,honeybee,6.0,71206.0,1.0,3.3,89.3,7,0.021449804752931005,14,712,-0.30648214258149775,311.0,honeybee,-0.5014154704165834,311.0,-0.5612020182049945,847.1333333333333,14,-0.7635405118303149,True
3438,3438,71214091100,honeybee,6.0,71206.0,1.0,1.2,171.7,7,0.05158202040651727,14,712,-0.7861862305709522,123.0,honeybee,-0.3229850067384049,123.0,-0.7062768156692788,849.1833333333333,15,-0.7635405118303149,False
3439,3439,71214091100,honeybee,0.0,71200.0,1.0,3.0,39.3,7,0.05158202040651727,14,712,-0.30648214258149775,541.0,honeybee,0.6178301653829003,541.0,-0.38371689364762535,849.1833333333333,17,-0.7635405118303149,True
3440,3440,71214095700,honeybee,0.0,71200.0,1.0,3.6,74.7,7,0.06285097910623245,14,712,-0.7861862305709522,46.0,honeybee,-0.37164786046881726,46.0,-0.7656957486732677,849.95,18,-0.05660752102503974,True
3441,3441,71214095700,honeybee,1.0,71201.0,1.0,3.6,60.3,7,0.06285097910623245,14,712,-0.30648214258149775,599.0,honeybee,0.06631782310489383,599.0,-0.3389597752809845,849.95,15,-0.05660752102503974,True
3442,3442,71214095700,honeybee,3.0,71203.0,1.0,8.5,59.3,7,0.06285097910623245,14,712,0.17322194540795668,568.0,honeybee,-0.4527526166861711,568.0,-0.3628816833734994,849.95,11,-0.05660752102503974,True
3443,3443,71214095700,honeybee,4.0,71204.0,1.0,5.0,87.4,7,0.06285097910623245,14,712,0.6529260333974111,430.0,honeybee,-0.760950690312116,430.0,-0.46937275810792084,849.95,19,-0.05660752102503974,True
3444,3444,71214102100,honeybee,6.0,71206.0,1.0,3.7,57.9,7,0.06873043581912734,14,712,-0.7861862305709522,70.0,honeybee,-0.6636249828512912,70.0,-0.7471755617629334,850.35,16,-1.1170070072329525,True
3451,3451,71214155310,honeybee,5.0,71205.0,1.0,0.3,12.1,7,0.1500629203475065,14,712,-0.30648214258149775,525.0,honeybee,-0.760950690312116,525.0,-0.3960636849211815,855.8833333333333,12,0.6503254697802354,False
3452,3452,71214155310,honeybee,6.0,71206.0,2.0,1.0,28.9,7,0.1500629203475065,14,712,0.17322194540795668,332.0,honeybee,-0.2581012017645218,332.0,-0.5449968546584522,855.8833333333333,17,0.6503254697802354,False
3454,3454,71214155310,honeybee,4.0,71204.0,1.0,3.6,67.3,7,0.1500629203475065,14,712,1.1326301213868655,356.0,honeybee,-0.04722883559940166,356.0,-0.526476667748118,855.8833333333333,20,0.6503254697802354,True
3455,3455,71214155310,honeybee,1.0,71201.0,1.0,4.8,96.5,7,0.1500629203475065,14,712,1.61233420937632,356.0,honeybee,-0.27432215300799256,356.0,-0.526476667748118,855.8833333333333,16,0.6503254697802354,True
3456,3456,71214183700,honeybee,0.0,71200.0,1.0,8.4,142.9,7,0.19023920788562154,14,712,-0.7861862305709522,520.0,honeybee,-0.27432215300799256,520.0,-0.3999220571941678,858.6166666666667,19,-0.05660752102503974,True
3457,3457,71214183700,honeybee,1.0,71201.0,1.0,1.8,39.3,7,0.19023920788562154,14,712,-0.30648214258149775,164.0,honeybee,-0.07967073808634324,164.0,-0.6746381630307913,858.6166666666667,17,-0.05660752102503974,False
3458,3458,71214183700,honeybee,3.0,71203.0,1.0,1.6,16.3,7,0.19023920788562154,14,712,0.17322194540795668,520.0,honeybee,0.5205044579220757,520.0,-0.3999220571941678,858.6166666666667,12,-0.05660752102503974,False
3459,3459,71214183700,honeybee,4.0,71204.0,1.0,1.3,27.4,7,0.19023920788562154,14,712,0.6529260333974111,164.0,honeybee,-0.27432215300799256,164.0,-0.6746381630307913,858.6166666666667,21,-0.05660752102503974,False
3462,3462,71214371600,honeybee,3.0,71203.0,1.0,2.8,61.0,7,0.4643688771243454,14,712,-0.7861862305709522,1119.0,honeybee,-0.5987411778774081,1119.0,0.06231094110958918,877.2666666666667,13,-0.7635405118303149,True
3463,3463,71214371600,honeybee,1.0,71201.0,1.0,4.5,104.6,7,0.4643688771243454,14,712,-0.30648214258149775,1119.0,honeybee,-0.5662992753904666,1119.0,0.06231094110958918,877.2666666666667,18,-0.7635405118303149,True
3464,3464,71214460500,honeybee,0.0,71200.0,1.0,7.8,70.8,7,0.59396190217107,14,712,-0.7861862305709522,1648.0,honeybee,0.5042835066786049,1648.0,0.4705267275915382,886.0833333333334,20,-1.1170070072329525,True
3465,3465,71214472400,honeybee,3.0,71203.0,1.0,9.8,84.6,7,0.6133151138510157,14,712,-0.7861862305709522,608.0,honeybee,-0.4040897629557588,608.0,-0.3320147051896092,887.4,14,-0.4100740164276773,True
3466,3466,71214472400,honeybee,4.0,71204.0,1.0,10.8,106.0,7,0.6133151138510157,14,712,-0.30648214258149775,1727.0,honeybee,-0.6474040316078206,1727.0,0.5314890095047217,887.4,22,-0.4100740164276773,True
3467,3467,71214472400,honeybee,3.0,71203.0,2.0,0.3,10.0,7,0.6133151138510157,14,712,0.17322194540795668,0.0,honeybee,0.7313768240871958,0.0,-0.8011927735847415,887.4,15,-0.4100740164276773,False
3468,3468,71214474900,honeybee,1.0,71201.0,1.0,0.8,35.1,7,0.6194395479269479,14,712,-0.7861862305709522,633.0,honeybee,-0.12833359181675555,633.0,-0.3127228438246777,887.8166666666667,19,-1.1170070072329525,False
3469,3469,71214520400,honeybee,3.0,71203.0,1.0,0.9,15.4,7,0.6819087755014559,14,712,-0.7861862305709522,280.0,honeybee,-0.8096135440425283,280.0,-0.5851239262975094,892.0666666666667,16,-1.1170070072329525,False
3470,3470,71214531200,honeybee,0.0,71200.0,1.0,3.6,37.6,7,0.6985672361879914,14,712,-0.7861862305709522,427.0,honeybee,0.40695779921778014,427.0,-0.47168778147171264,893.2,21,-1.1170070072329525,True
3472,3472,71214555100,honeybee,0.0,71200.0,1.0,17.0,523.0,7,0.73751863691092,14,712,-0.7861862305709522,159.0,honeybee,-0.27432215300799256,159.0,-0.6784965353037776,895.85,22,-1.1170070072329525,True
3474,3474,71214573100,honeybee,0.0,71200.0,1.0,1.5,28.6,7,0.7620163732146487,14,712,-0.7861862305709522,100.0,honeybee,1.8992853136170917,100.0,-0.7240253281250157,897.5166666666667,23,-1.1170070072329525,False
3476,3476,71215015300,honeybee,4.0,71204.0,1.0,5.3,75.9,7,0.8262004423304178,15,712,-0.30648214258149775,869.0,honeybee,0.8935863365219037,869.0,-0.13060767253972508,901.8833333333333,23,-0.05660752102503974,True
3477,3477,71215015300,honeybee,1.0,71201.0,1.0,8.6,142.3,7,0.8262004423304178,15,712,0.17322194540795668,844.0,honeybee,-0.7285087878251744,844.0,-0.14989953390465646,901.8833333333333,20,-0.05660752102503974,True
3478,3478,71215015300,honeybee,0.0,71200.0,1.0,4.3,69.6,7,0.8262004423304178,15,712,0.6529260333974111,262.0,honeybee,-0.6149621291208789,262.0,-0.5990140664802601,901.8833333333333,24,-0.05660752102503974,True
3479,3479,71215022200,honeybee,0.0,71200.0,1.0,1.5,35.0,7,0.8333047858584991,15,712,-0.7861862305709522,29.0,honeybee,-0.16077549430369714,29.0,-0.778814214401421,902.3666666666667,25,-1.1170070072329525,False
3480,3480,71215042200,honeybee,6.0,71206.0,1.0,8.8,113.0,7,0.8627020694229736,15,712,-0.7861862305709522,2909.0,honeybee,-0.6960668853382328,2909.0,1.4436082148386795,904.3666666666667,18,-0.4100740164276773,True
3481,3481,71215042200,honeybee,4.0,71204.0,1.0,3.8,47.7,7,0.8627020694229736,15,712,-0.30648214258149775,149.0,honeybee,0.0014340181310106524,149.0,-0.6862132798497501,904.3666666666667,24,-0.4100740164276773,True
3482,3482,71215042200,honeybee,1.0,71201.0,1.0,2.3,65.4,7,0.8627020694229736,15,712,0.17322194540795668,149.0,honeybee,0.5367254091655463,149.0,-0.6862132798497501,904.3666666666667,21,-0.4100740164276773,False
3483,3483,71215081600,honeybee,1.0,71201.0,1.0,5.3,88.0,7,0.9200267723736986,15,712,-0.7861862305709522,234.0,honeybee,-0.48519451917311274,234.0,-0.6206209512089833,908.2666666666667,22,-0.4100740164276773,True
3484,3484,71215081600,honeybee,3.0,71203.0,1.0,5.5,49.9,7,0.9200267723736986,15,712,-0.30648214258149775,972.0,honeybee,-0.7122878365817036,972.0,-0.05112520371620759,908.2666666666667,17,-0.4100740164276773,True
3485,3485,71215081600,honeybee,4.0,71204.0,1.0,7.1,76.1,7,0.9200267723736986,15,712,0.17322194540795668,234.0,honeybee,-0.24188025052105103,234.0,-0.6206209512089833,908.2666666666667,25,-0.4100740164276773,True
3486,3486,71215214500,honeybee,0.0,71200.0,1.0,8.8,98.9,7,1.1182134590708634,15,712,-0.7861862305709522,1163.0,honeybee,-0.6149621291208789,1163.0,0.09626461711186854,921.75,26,-1.1170070072329525,True
3487,3487,71215215600,honeybee,3.0,71203.0,1.0,7.6,126.5,7,1.1209082100642738,15,712,-0.7861862305709522,820.0,honeybee,0.03387592061795224,820.0,-0.16841972081499065,921.9333333333333,18,-0.4100740164276773,True
3488,3488,71215215600,honeybee,4.0,71204.0,1.0,7.3,60.5,7,1.1209082100642738,15,712,-0.30648214258149775,820.0,honeybee,0.29341114051348466,820.0,-0.16841972081499065,921.9333333333333,26,-0.4100740164276773,True
3489,3489,71215215600,honeybee,6.0,71206.0,1.0,6.7,170.6,7,1.1209082100642738,15,712,0.17322194540795668,1054.0,honeybee,0.569167311652488,1054.0,0.01215210156076752,921.9333333333333,19,-0.4100740164276773,True
3490,3490,71215221400,honeybee,6.0,71206.0,1.0,6.6,108.7,7,1.1253178025989448,15,712,-0.7861862305709522,18.0,honeybee,0.2285273355396016,18.0,-0.7873026334019908,922.2333333333333,20,-1.1170070072329525,True
3492,3492,71215223700,honeybee,1.0,71201.0,1.0,4.3,88.0,7,1.1309522819488025,15,712,-0.30648214258149775,861.0,honeybee,0.0014340181310106524,861.0,-0.1367810681765031,922.6166666666667,23,-0.7635405118303149,True
3493,3493,71215282400,honeybee,0.0,71200.0,1.0,3.6,48.1,7,1.215959426922741,15,712,-0.7861862305709522,399.0,honeybee,0.569167311652488,399.0,-0.4932946662004359,928.4,27,-1.1170070072329525,True
3494,3494,71215301700,honeybee,5.0,71205.0,1.0,0.5,22.3,7,1.2436418689459543,15,712,-0.7861862305709522,4464.0,honeybee,-0.8096135440425283,4464.0,2.643561991737415,930.2833333333333,13,-0.7635405118303149,False
3495,3495,71215301700,honeybee,6.0,71206.0,1.0,2.5,79.2,7,1.2436418689459543,15,712,-0.30648214258149775,483.0,honeybee,0.21230638429613075,483.0,-0.42847401201426627,930.2833333333333,21,-0.7635405118303149,True
3496,3496,71215301710,honeybee,6.0,71206.0,1.0,4.7,200.4,7,1.2436418689459543,15,712,-0.7861862305709522,0.0,honeybee,-0.4527526166861711,0.0,-0.8011927735847415,930.2833333333333,22,-0.7635405118303149,True
3497,3497,71215301710,honeybee,4.0,71204.0,1.0,4.6,74.5,7,1.2436418689459543,15,712,-0.30648214258149775,501.0,honeybee,0.3258530430004262,501.0,-0.4145838718315157,930.2833333333333,27,-0.7635405118303149,True
3499,3499,71215302600,honeybee,1.0,71201.0,1.0,1.9,38.8,7,1.24584666521329,15,712,-0.30648214258149775,469.0,honeybee,-0.16077549430369714,469.0,-0.4392774543786279,930.4333333333333,24,-0.7635405118303149,False
3500,3500,71215330600,honeybee,3.0,71203.0,1.0,5.9,135.8,7,1.285043043299256,15,712,-0.7861862305709522,670.0,honeybee,0.37451589673083857,670.0,-0.2841708890045792,933.1,19,-0.7635405118303149,True
3501,3501,71215330600,honeybee,6.0,71206.0,1.0,5.6,98.8,7,1.285043043299256,15,712,-0.30648214258149775,169.0,honeybee,-0.09589168932981397,169.0,-0.670779790757805,933.1,23,-0.7635405118303149,True
3502,3502,71215372600,honeybee,0.0,71200.0,1.0,3.8,48.3,7,1.3487371576889504,15,712,-0.7861862305709522,542.0,honeybee,-0.27432215300799256,542.0,-0.3829452191930281,937.4333333333333,28,-1.1170070072329525,True
3503,3503,71215505800,honeybee,4.0,71204.0,1.0,1.1,17.6,7,1.5476587764752272,15,712,-0.7861862305709522,1241.0,honeybee,-0.11211264057328484,1241.0,0.15645522457045463,950.9666666666667,28,-0.4100740164276773,False
3504,3504,71215505800,honeybee,1.0,71201.0,1.0,8.6,137.9,7,1.5476587764752272,15,712,-0.30648214258149775,1232.0,honeybee,-0.5500783241469959,1232.0,0.14951015447907937,950.9666666666667,25,-0.4100740164276773,True
3505,3505,71215505800,honeybee,0.0,71200.0,1.0,8.2,129.4,7,1.5476587764752272,15,712,0.17322194540795668,812.0,honeybee,-0.24188025052105103,812.0,-0.1745931164517687,950.9666666666667,29,-0.4100740164276773,True
3508,3508,71215582500,honeybee,6.0,71206.0,1.0,9.0,131.1,7,1.6571636577528943,15,712,-0.7861862305709522,278.0,hoverfly,0.3907368479743094,1519.0,-0.586667275206704,958.4166666666666,25,-1.1170070072329525,True
3511,3511,71216050100,honeybee,0.0,71200.0,1.0,5.1,48.4,7,1.75417469351566,16,712,-0.7861862305709522,843.0,honeybee,0.47184160419166316,843.0,-0.15067120835925368,965.0166666666667,30,-0.05660752102503974,True
3512,3512,71216050100,honeybee,1.0,71201.0,1.0,2.3,76.3,7,1.75417469351566,16,712,-0.30648214258149775,843.0,honeybee,0.5367254091655463,843.0,-0.15067120835925368,965.0166666666667,26,-0.05660752102503974,False
3513,3513,71216050100,honeybee,3.0,71203.0,1.0,5.6,59.1,7,1.75417469351566,16,712,0.17322194540795668,1915.0,honeybee,0.09875972559183542,1915.0,0.676563806969006,965.0166666666667,20,-0.05660752102503974,True
3514,3514,71216050100,honeybee,4.0,71204.0,1.0,9.1,97.2,7,1.75417469351566,16,712,0.6529260333974111,843.0,honeybee,-0.6798459340947619,843.0,-0.15067120835925368,965.0166666666667,29,-0.05660752102503974,True
3516,3516,71216053300,honeybee,4.0,71204.0,1.0,0.5,15.7,7,1.762013969132853,16,712,-0.7861862305709522,32.0,honeybee,0.6178301653829003,32.0,-0.7764991910376292,965.55,30,-1.1170070072329525,False
3517,3517,71216063000,honeybee,5.0,71205.0,1.0,1.3,50.6,7,1.7759776788259782,16,712,-0.7861862305709522,763.0,hoverfly,-0.7122878365817036,2173.0,-0.21240516472703427,966.5,15,-0.7635405118303149,False
3518,3518,71216063000,honeybee,4.0,71204.0,1.0,3.6,69.0,7,1.7759776788259782,16,712,-0.30648214258149775,57.0,honeybee,-0.7771716415555867,57.0,-0.7572073296726979,966.5,31,-0.7635405118303149,True
3519,3519,71216085400,honeybee,0.0,71200.0,1.0,2.5,40.7,7,1.8112544191033477,16,712,-0.7861862305709522,233.0,honeybee,-0.031007884355930933,233.0,-0.6213926256635806,968.9,31,-1.1170070072329525,True
3520,3520,71216092900,honeybee,6.0,71206.0,1.0,5.1,58.8,7,1.8198286268096526,16,712,-0.7861862305709522,664.0,honeybee,0.6016092141394295,664.0,-0.28880093573216276,969.4833333333333,26,-1.1170070072329525,True
3522,3522,71216115800,honeybee,0.0,71200.0,1.0,3.8,47.9,7,1.8563302539022084,16,712,-0.7861862305709522,184.0,honeybee,-0.4527526166861711,184.0,-0.6592046739388462,971.9666666666667,32,-1.1170070072329525,True
3523,3523,71216115810,honeybee,6.0,71206.0,1.0,5.6,128.6,7,1.8563302539022084,16,712,-0.7861862305709522,149.0,honeybee,-0.031007884355930933,149.0,-0.6862132798497501,971.9666666666667,27,-0.4100740164276773,True
3524,3524,71216115810,honeybee,4.0,71204.0,1.0,1.0,31.3,7,1.8563302539022084,16,712,-0.30648214258149775,328.0,honeybee,-0.27432215300799256,328.0,-0.5480835524768412,971.9666666666667,32,-0.4100740164276773,False
3525,3525,71216115810,honeybee,1.0,71201.0,1.0,0.6,14.4,7,1.8563302539022084,16,712,0.17322194540795668,417.0,honeybee,-0.48519451917311274,417.0,-0.4794045260176853,971.9666666666667,27,-0.4100740164276773,False
3540,3540,71513493700,honeybee,3.0,71503.0,1.0,6.3,84.5,7,-0.23602140379925732,13,715,0.17322194540795668,1123.0,honeybee,0.6989349216002542,1123.0,0.0653976389279782,829.6166666666667,2,-0.4100740164276773,True
3542,3542,71513495400,honeybee,2.0,71502.0,1.0,6.8,75.3,7,-0.23185678862762343,13,715,-0.7861862305709522,1140.0,honeybee,0.45562065294819243,1140.0,0.07851610465613164,829.9,2,-0.7635405118303149,True
3543,3543,71513495400,honeybee,1.0,71501.0,1.0,2.9,60.1,7,-0.23185678862762343,13,715,-0.30648214258149775,1140.0,honeybee,0.9260282390088451,1140.0,0.07851610465613164,829.9,2,-0.7635405118303149,True
3544,3544,71513533000,honeybee,4.0,71504.0,1.0,5.3,52.1,7,-0.1789416782115695,13,715,-0.7861862305709522,233.0,honeybee,1.5424243862607347,233.0,-0.6213926256635806,833.5,2,-1.1170070072329525,True
3545,3545,71514014300,honeybee,4.0,71504.0,1.0,1.4,22.0,7,-0.05816783823418717,14,715,-0.7861862305709522,493.0,honeybee,0.0014340181310106524,493.0,-0.4207572674682937,841.7166666666667,3,-1.1170070072329525,False
3546,3546,71514081500,honeybee,3.0,71503.0,1.0,6.0,68.4,7,0.03786328807642921,14,715,-0.7861862305709522,1118.0,honeybee,0.16364353056571845,1118.0,0.061539266654991966,848.25,3,-0.4100740164276773,True
3547,3547,71514081500,honeybee,2.0,71502.0,1.0,6.0,81.5,7,0.03786328807642921,14,715,-0.30648214258149775,1101.0,honeybee,0.24474828678307234,1101.0,0.04842080092683868,848.25,3,-0.4100740164276773,True
3548,3548,71514081500,honeybee,1.0,71501.0,1.0,5.5,105.8,7,0.03786328807642921,14,715,0.17322194540795668,1101.0,honeybee,-0.38786881171228804,1101.0,0.04842080092683868,848.25,3,-0.4100740164276773,True
3549,3549,71514082200,honeybee,0.0,71500.0,1.0,5.3,44.3,7,0.03957812961769022,14,715,-0.7861862305709522,2248.0,honeybee,0.19608543305266002,2248.0,0.9335314003498926,848.3666666666667,2,-1.1170070072329525,True
3550,3550,71514083700,honeybee,1.0,71501.0,1.0,0.9,34.7,7,0.04325279006324952,14,715,-0.7861862305709522,22.0,honeybee,0.03387592061795224,22.0,-0.7842159355836018,848.6166666666667,4,-0.7635405118303149,False
3551,3551,71514083700,honeybee,0.0,71500.0,1.0,0.8,53.3,7,0.04325279006324952,14,715,-0.30648214258149775,15.0,honeybee,0.0014340181310106524,15.0,-0.7896176567657827,848.6166666666667,3,-0.7635405118303149,False
3553,3553,71514200100,honeybee,4.0,71504.0,1.0,6.1,51.9,7,0.21081730638075363,14,715,-0.7861862305709522,1098.0,honeybee,-0.6311830803643497,1098.0,0.04610577756304688,860.0166666666667,4,-0.7635405118303149,True
3554,3554,71514200100,honeybee,5.0,71505.0,1.0,4.6,43.6,7,0.21081730638075363,14,715,-0.30648214258149775,1824.0,honeybee,0.29341114051348466,1824.0,0.6063414316006555,860.0166666666667,2,-0.7635405118303149,True
3556,3556,71514321400,honeybee,4.0,71504.0,1.0,6.9,61.2,7,0.3903857134870848,14,715,-0.7861862305709522,733.0,honeybee,0.13120162807877686,733.0,-0.235555398364952,872.2333333333333,5,-0.7635405118303149,True
3557,3557,71514321400,honeybee,5.0,71505.0,1.0,0.6,14.1,7,0.3903857134870848,14,715,-0.30648214258149775,733.0,honeybee,-0.11211264057328484,733.0,-0.235555398364952,872.2333333333333,3,-0.7635405118303149,False
3559,3559,71514323600,honeybee,5.0,71505.0,1.0,1.3,26.1,7,0.3957752154739051,14,715,-0.7861862305709522,22.0,honeybee,-0.760950690312116,22.0,-0.7842159355836018,872.6,4,0.6503254697802354,False
3560,3560,71514323600,honeybee,4.0,71504.0,1.0,0.6,78.3,7,0.3957752154739051,14,715,-0.30648214258149775,22.0,honeybee,0.2609692380265432,22.0,-0.7842159355836018,872.6,6,0.6503254697802354,False
3561,3561,71514323600,honeybee,3.0,71503.0,1.0,7.0,80.8,7,0.3957752154739051,14,715,0.17322194540795668,1461.0,honeybee,0.11498067683530613,1461.0,0.32622360458185123,872.6,4,0.6503254697802354,True
3562,3562,71514323600,honeybee,2.0,71502.0,1.0,4.5,70.4,7,0.3957752154739051,14,715,0.6529260333974111,1461.0,honeybee,0.11498067683530613,1461.0,0.32622360458185123,872.6,4,0.6503254697802354,True
3563,3563,71514323600,honeybee,1.0,71501.0,1.0,6.1,71.2,7,0.3957752154739051,14,715,1.1326301213868655,1439.0,honeybee,-0.7122878365817036,1439.0,0.30924676658071154,872.6,5,0.6503254697802354,True
3564,3564,71514323600,honeybee,0.0,71500.0,1.0,11.1,82.4,7,0.3957752154739051,14,715,1.61233420937632,1439.0,honeybee,-0.7285087878251744,1439.0,0.30924676658071154,872.6,4,0.6503254697802354,True
3566,3566,71514342400,honeybee,4.0,71504.0,1.0,1.6,20.6,7,0.42223277068193205,14,715,-0.7861862305709522,108.0,honeybee,-0.760950690312116,108.0,-0.7178519324882376,874.4,7,-0.7635405118303149,False
3567,3567,71514342400,honeybee,2.0,71502.0,1.0,2.0,36.5,7,0.42223277068193205,14,715,-0.30648214258149775,108.0,honeybee,-0.12833359181675555,108.0,-0.7178519324882376,874.4,5,-0.7635405118303149,False
3568,3568,71514371600,honeybee,0.0,71500.0,1.0,3.3,45.2,7,0.4643688771243454,14,715,-0.7861862305709522,280.0,honeybee,0.9422491902523158,280.0,-0.5851239262975094,877.2666666666667,5,-1.1170070072329525,True
3569,3569,71514433200,honeybee,4.0,71504.0,1.0,2.3,41.6,7,0.5564803656263652,14,715,-0.7861862305709522,548.0,honeybee,-0.5987411778774081,548.0,-0.3783151724654446,883.5333333333333,8,-0.05660752102503974,False
3570,3570,71514433200,honeybee,3.0,71503.0,1.0,1.0,59.6,7,0.5564803656263652,14,715,-0.30648214258149775,656.0,honeybee,0.27719018927001393,656.0,-0.2949743313689408,883.5333333333333,5,-0.05660752102503974,False
3571,3571,71514433200,honeybee,2.0,71502.0,1.0,3.1,53.3,7,0.5564803656263652,14,715,0.17322194540795668,548.0,honeybee,-0.5338573729035251,548.0,-0.3783151724654446,883.5333333333333,6,-0.05660752102503974,True
3572,3572,71514433200,honeybee,1.0,71501.0,1.0,0.8,18.3,7,0.5564803656263652,14,715,0.6529260333974111,656.0,honeybee,0.13120162807877686,656.0,-0.2949743313689408,883.5333333333333,6,-0.05660752102503974,False
3573,3573,71514433600,honeybee,4.0,71504.0,1.0,2.3,26.7,7,0.5574602750785143,14,715,-0.7861862305709522,4.0,honeybee,-0.48519451917311274,4.0,-0.7981060757663525,883.6,9,-1.1170070072329525,False
3575,3575,71515001100,honeybee,3.0,71503.0,1.0,0.5,30.7,7,0.8012127513006145,15,715,-0.7861862305709522,999.0,honeybee,-0.6960668853382328,999.0,-0.030289993442081675,900.1833333333333,6,-0.4100740164276773,False
3576,3576,71515001100,honeybee,2.0,71502.0,1.0,10.3,111.8,7,0.8012127513006145,15,715,-0.30648214258149775,999.0,honeybee,-0.3554269092253464,999.0,-0.030289993442081675,900.1833333333333,7,-0.4100740164276773,True
3577,3577,71515001100,honeybee,3.0,71503.0,2.0,8.5,94.5,7,0.8012127513006145,15,715,0.17322194540795668,0.0,honeybee,-0.7771716415555867,0.0,-0.8011927735847415,900.1833333333333,7,-0.4100740164276773,True
3578,3578,71515191500,honeybee,4.0,71504.0,1.0,13.8,91.4,7,1.0814668546152706,15,715,-0.7861862305709522,2139.0,honeybee,-0.48519451917311274,2139.0,0.8494188847987915,919.25,10,-0.7635405118303149,True
3579,3579,71515191500,honeybee,3.0,71503.0,1.0,1.3,78.2,7,1.0814668546152706,15,715,-0.30648214258149775,1144.0,honeybee,0.5205044579220757,1144.0,0.08160280247452066,919.25,8,-0.7635405118303149,False
3581,3581,71515193100,honeybee,2.0,71502.0,1.0,4.5,151.9,7,1.0853864924238672,15,715,-0.30648214258149775,1160.0,honeybee,0.8124815803045498,1160.0,0.09394959374807674,919.5166666666667,8,-0.4100740164276773,True
3582,3582,71515193100,honeybee,3.0,71503.0,1.0,1.4,79.9,7,1.0853864924238672,15,715,0.17322194540795668,16.0,honeybee,-0.6474040316078206,16.0,-0.7888459823111854,919.5166666666667,9,-0.4100740164276773,False
3584,3584,71515210700,honeybee,3.0,71503.0,1.0,1.0,24.7,7,1.1089043192754466,15,715,-0.7861862305709522,96.0,honeybee,-0.6311830803643497,96.0,-0.7271120259434048,921.1166666666667,10,-1.1170070072329525,False
3586,3586,71515355700,honeybee,4.0,71504.0,1.0,2.3,32.2,7,1.3269341723786319,15,715,-0.7861862305709522,1002.0,honeybee,1.380214873826027,1002.0,-0.027974970078289873,935.95,11,-1.1170070072329525,False
3587,3587,71515361900,honeybee,3.0,71503.0,1.0,8.2,69.6,7,1.332323674365452,15,715,-0.7861862305709522,912.0,honeybee,-0.6960668853382328,912.0,-0.09742567099204301,936.3166666666667,11,-0.7635405118303149,True
3588,3588,71515361900,honeybee,2.0,71502.0,1.0,3.0,22.6,7,1.332323674365452,15,715,-0.30648214258149775,1008.0,honeybee,-0.12833359181675555,1008.0,-0.023344923350706263,936.3166666666667,9,-0.7635405118303149,True
3595,3595,71712490300,honeybee,0.0,71700.0,1.0,0.3,7.1,7,-1.1262691410767571,12,717,-0.7861862305709522,370.0,honeybee,-0.12833359181675555,370.0,-0.5156732253837563,769.05,2,-1.1170070072329525,False
3597,3597,71713021800,honeybee,3.0,71703.0,1.0,9.5,77.6,7,-0.9315121374621143,13,717,-0.7861862305709522,4288.0,hoverfly,2.402134802164686,,2.5077472877282974,782.3,2,0.6503254697802354,True
3598,3598,71713021800,honeybee,1.0,71701.0,1.0,0.3,19.6,7,-0.9315121374621143,13,717,-0.30648214258149775,4351.0,hoverfly,0.7313768240871958,,2.5563627783679244,782.3,2,0.6503254697802354,False
3603,3603,71713030600,honeybee,7.0,71707.0,1.0,0.3,18.8,7,-0.9197532240363245,13,717,-0.7861862305709522,48.0,honeybee,1.3315520200956144,48.0,-0.7641523997640731,783.1,2,-1.1170070072329525,False
3604,3604,71713165000,honeybee,3.0,71703.0,1.0,6.8,76.2,7,-0.7178918768936002,13,717,-0.7861862305709522,872.0,honeybee,0.6827139703567834,872.0,-0.12829264917593328,796.8333333333334,3,0.6503254697802354,True
3605,3605,71713165000,honeybee,1.0,71701.0,1.0,9.3,99.1,7,-0.7178918768936002,13,717,-0.30648214258149775,872.0,honeybee,-0.8096135440425283,872.0,-0.12829264917593328,796.8333333333334,3,0.6503254697802354,True
3606,3606,71713165000,honeybee,2.0,71702.0,1.0,8.5,208.1,7,-0.7178918768936002,13,717,0.17322194540795668,5223.0,hoverfly,4.867719391172244,,3.2292629027767323,796.8333333333334,2,0.6503254697802354,True
3608,3608,71713165000,honeybee,6.0,71706.0,1.0,1.3,34.2,7,-0.7178918768936002,13,717,1.1326301213868655,872.0,honeybee,0.4393997017047217,872.0,-0.12829264917593328,796.8333333333334,2,0.6503254697802354,False
3609,3609,71713165000,honeybee,7.0,71707.0,1.0,6.0,62.4,7,-0.7178918768936002,13,717,1.61233420937632,824.0,honeybee,-0.8096135440425283,824.0,-0.16533302299660166,796.8333333333334,3,0.6503254697802354,True
3610,3610,71713231600,honeybee,2.0,71702.0,1.0,5.6,69.6,7,-0.6233306147612075,13,717,-0.7861862305709522,386.0,honeybee,0.5205044579220757,386.0,-0.5033264341102002,803.2666666666667,3,1.003791965182873,True
3611,3611,71713231600,honeybee,3.0,71703.0,1.0,3.8,70.7,7,-0.6233306147612075,13,717,-0.30648214258149775,386.0,honeybee,0.24474828678307234,386.0,-0.5033264341102002,803.2666666666667,4,1.003791965182873,True
3613,3613,71713231600,honeybee,6.0,71706.0,1.0,7.3,87.5,7,-0.6233306147612075,13,717,0.6529260333974111,386.0,honeybee,-0.6474040316078206,386.0,-0.5033264341102002,803.2666666666667,3,1.003791965182873,True
3614,3614,71713231600,honeybee,7.0,71707.0,1.0,3.0,61.2,7,-0.6233306147612075,13,717,1.1326301213868655,386.0,honeybee,0.11498067683530613,386.0,-0.5033264341102002,803.2666666666667,4,1.003791965182873,True
3616,3616,71713231600,honeybee,2.0,71702.0,2.0,0.3,35.6,7,-0.6233306147612075,13,717,2.0920382973657743,0.0,honeybee,0.05009687186142296,0.0,-0.8011927735847415,803.2666666666667,4,1.003791965182873,False
3620,3620,71713274100,honeybee,3.0,71703.0,1.0,0.8,35.7,7,-0.5584116135563266,13,717,-0.7861862305709522,265.0,honeybee,-0.24188025052105103,265.0,-0.5966990431164683,807.6833333333333,5,0.6503254697802354,False
3622,3622,71713274100,honeybee,1.0,71701.0,1.0,6.0,77.8,7,-0.5584116135563266,13,717,0.17322194540795668,651.0,honeybee,0.6502720678698419,651.0,-0.2988327036419271,807.6833333333333,4,0.6503254697802354,True
3623,3623,71713274100,honeybee,2.0,71702.0,1.0,3.6,43.6,7,-0.5584116135563266,13,717,0.6529260333974111,265.0,honeybee,-0.8096135440425283,265.0,-0.5966990431164683,807.6833333333333,5,0.6503254697802354,True
3625,3625,71713274100,honeybee,3.0,71703.0,2.0,2.0,50.4,7,-0.5584116135563266,13,717,1.61233420937632,0.0,honeybee,-0.7285087878251744,0.0,-0.8011927735847415,807.6833333333333,6,0.6503254697802354,False
3626,3626,71713315100,honeybee,0.0,71700.0,1.0,7.8,92.7,7,-0.49716727279700496,13,717,-0.7861862305709522,2568.0,honeybee,-0.8096135440425283,2568.0,1.1804672258210147,811.85,3,-1.1170070072329525,True
3627,3627,71713323600,honeybee,3.0,71703.0,1.0,0.3,36.1,7,-0.48614329146032703,13,717,-0.7861862305709522,295.0,honeybee,-0.5338573729035251,295.0,-0.5735488094785506,812.6,7,-0.05660752102503974,False
3629,3629,71713323600,honeybee,2.0,71702.0,1.0,3.0,69.4,7,-0.48614329146032703,13,717,0.17322194540795668,295.0,honeybee,-0.27432215300799256,295.0,-0.5735488094785506,812.6,6,-0.05660752102503974,True
3630,3630,71713323600,honeybee,7.0,71707.0,1.0,6.1,66.8,7,-0.48614329146032703,13,717,0.6529260333974111,560.0,honeybee,-0.37164786046881726,560.0,-0.36905507901027745,812.6,5,-0.05660752102503974,True
3631,3631,71713484500,honeybee,3.0,71703.0,1.0,6.0,63.7,7,-0.24876022667719622,13,717,-0.7861862305709522,969.0,honeybee,-0.8096135440425283,969.0,-0.05344022707999939,828.75,8,-0.7635405118303149,True
3632,3632,71713484500,honeybee,1.0,71701.0,1.0,4.6,73.5,7,-0.24876022667719622,13,717,-0.30648214258149775,1264.0,honeybee,0.11498067683530613,1264.0,0.17420373702619152,828.75,5,-0.7635405118303149,True
3634,3634,71714231500,honeybee,0.0,71700.0,1.0,3.8,45.7,7,0.2583429148099872,14,717,-0.7861862305709522,3084.0,honeybee,0.40695779921778014,3084.0,1.5786512443931993,863.25,4,1.003791965182873,True
3635,3635,71714231500,honeybee,3.0,71703.0,1.0,4.1,53.8,7,0.2583429148099872,14,717,-0.30648214258149775,2070.0,honeybee,0.11498067683530613,2070.0,0.7961733474315807,863.25,9,1.003791965182873,True
3636,3636,71714231500,honeybee,4.0,71704.0,1.0,10.3,88.2,7,0.2583429148099872,14,717,0.17322194540795668,3334.0,honeybee,0.6827139703567834,3334.0,1.7715698580425137,863.25,2,1.003791965182873,True
3637,3637,71714231500,honeybee,1.0,71701.0,1.0,5.3,63.2,7,0.2583429148099872,14,717,0.6529260333974111,2070.0,honeybee,-0.11211264057328484,2070.0,0.7961733474315807,863.25,6,1.003791965182873,True
3639,3639,71714231500,honeybee,1.0,71701.0,2.0,0.5,41.2,7,0.2583429148099872,14,717,1.61233420937632,0.0,honeybee,0.0014340181310106524,0.0,-0.8011927735847415,863.25,7,1.003791965182873,False
3640,3640,71714231500,honeybee,2.0,71702.0,1.0,7.5,102.8,7,0.2583429148099872,14,717,2.0920382973657743,3039.0,honeybee,-0.37164786046881726,3039.0,1.5439258939363227,863.25,7,1.003791965182873,True
3643,3643,71714571300,honeybee,7.0,71707.0,1.0,11.3,98.1,7,0.7576067806799776,14,717,-0.7861862305709522,5077.0,honeybee,0.13120162807877686,5077.0,3.116598432405533,897.2166666666667,6,1.3572584605855107,True
3644,3644,71714571300,honeybee,6.0,71706.0,1.0,10.8,91.0,7,0.7576067806799776,14,717,-0.30648214258149775,5637.0,honeybee,0.3258530430004262,5637.0,3.548736126979997,897.2166666666667,4,1.3572584605855107,True
3646,3646,71714571300,honeybee,4.0,71704.0,1.0,5.5,49.2,7,0.7576067806799776,14,717,0.6529260333974111,2038.0,honeybee,0.8124815803045498,2038.0,0.7714797648844687,897.2166666666667,3,1.3572584605855107,True
3647,3647,71714571300,honeybee,3.0,71703.0,1.0,4.5,68.0,7,0.7576067806799776,14,717,1.1326301213868655,2038.0,honeybee,-0.19321739679063873,2038.0,0.7714797648844687,897.2166666666667,10,1.3572584605855107,True
3648,3648,71714571300,honeybee,1.0,71701.0,1.0,7.3,70.8,7,0.7576067806799776,14,717,1.61233420937632,2038.0,honeybee,-0.7771716415555867,2038.0,0.7714797648844687,897.2166666666667,8,1.3572584605855107,True
3649,3649,71714571300,honeybee,5.0,71705.0,2.0,1.0,41.3,7,0.7576067806799776,14,717,2.0920382973657743,0.0,honeybee,1.299110117608673,0.0,-0.8011927735847415,897.2166666666667,2,1.3572584605855107,False
3650,3650,71714571300,honeybee,6.0,71706.0,2.0,0.5,33.9,7,0.7576067806799776,14,717,2.571742385355229,0.0,honeybee,0.8935863365219037,0.0,-0.8011927735847415,897.2166666666667,5,1.3572584605855107,False
3652,3652,71714594700,honeybee,0.0,71700.0,1.0,6.0,70.7,7,0.7953332945877197,14,717,-0.7861862305709522,2192.0,honeybee,-0.24188025052105103,2192.0,0.8903176308924461,899.7833333333333,5,-1.1170070072329525,True
3654,3654,71715074700,honeybee,3.0,71703.0,1.0,5.3,60.5,7,0.9129224288456173,15,717,-0.7861862305709522,634.0,honeybee,-0.12833359181675555,634.0,-0.3119511693700805,907.7833333333333,11,0.29685897437759784,True
3655,3655,71715074700,honeybee,4.0,71704.0,1.0,0.4,25.9,7,0.9129224288456173,15,717,-0.30648214258149775,634.0,honeybee,0.03387592061795224,634.0,-0.3119511693700805,907.7833333333333,4,0.29685897437759784,False
3656,3656,71715074700,honeybee,5.0,71705.0,1.0,0.8,64.7,7,0.9129224288456173,15,717,0.17322194540795668,634.0,honeybee,-0.6960668853382328,634.0,-0.3119511693700805,907.7833333333333,3,0.29685897437759784,False
3657,3657,71715074700,honeybee,6.0,71706.0,1.0,1.3,36.0,7,0.9129224288456173,15,717,0.6529260333974111,634.0,honeybee,-0.7771716415555867,634.0,-0.3119511693700805,907.7833333333333,6,0.29685897437759784,False
3658,3658,71715074700,honeybee,7.0,71707.0,1.0,4.8,88.1,7,0.9129224288456173,15,717,1.1326301213868655,634.0,honeybee,0.9746910927392576,634.0,-0.3119511693700805,907.7833333333333,7,0.29685897437759784,True
3662,3662,71716042500,honeybee,2.0,71702.0,1.0,7.0,84.8,7,1.7453555084463175,16,717,-0.7861862305709522,4750.0,moth,-0.7285087878251744,6070.0,2.86426088575223,964.4166666666666,9,1.003791965182873,True
3663,3663,71716042500,honeybee,3.0,71703.0,1.0,7.6,76.4,7,1.7453555084463175,16,717,-0.30648214258149775,3398.0,honeybee,0.0014340181310106524,3398.0,1.820957023136738,964.4166666666666,12,1.003791965182873,True
3664,3664,71716042500,honeybee,4.0,71704.0,1.0,13.0,92.9,7,1.7453555084463175,16,717,0.17322194540795668,3398.0,honeybee,-0.7933925927990575,3398.0,1.820957023136738,964.4166666666666,5,1.003791965182873,True
3665,3665,71716042500,honeybee,6.0,71706.0,1.0,10.5,84.8,7,1.7453555084463175,16,717,0.6529260333974111,3398.0,honeybee,-0.6474040316078206,3398.0,1.820957023136738,964.4166666666666,7,1.003791965182873,True
3666,3666,71716042500,honeybee,5.0,71705.0,1.0,4.8,49.2,7,1.7453555084463175,16,717,1.1326301213868655,3398.0,honeybee,-0.7285087878251744,3398.0,1.820957023136738,964.4166666666666,4,1.003791965182873,True
3668,3668,71716042500,honeybee,7.0,71707.0,1.0,5.6,42.6,7,1.7453555084463175,16,717,2.0920382973657743,3398.0,honeybee,-0.07967073808634324,3398.0,1.820957023136738,964.4166666666666,8,1.003791965182873,True
3678,3678,80913460500,honeybee,0.0,80900.0,1.0,7.4,107.5,8,-0.2879566047631621,13,809,-0.7861862305709522,1272.0,honeybee,-0.5176364216600542,1272.0,0.18037713266296956,826.0833333333334,2,-1.1170070072329525,True
3679,3679,80914054200,honeybee,3.0,80903.0,1.0,2.3,51.4,8,0.00038175153172435037,14,809,-0.7861862305709522,2423.0,honeybee,-0.5987411778774081,2423.0,1.0685744299044124,845.7,2,-0.7635405118303149,False
3680,3680,80914054200,honeybee,2.0,80902.0,1.0,11.4,165.9,8,0.00038175153172435037,14,809,-0.30648214258149775,2449.0,honeybee,1.7857386549127963,2449.0,1.0886379657239413,845.7,2,-0.7635405118303149,True
3681,3681,80914055400,honeybee,0.0,80900.0,1.0,1.6,37.9,8,0.003321479888171791,14,809,-0.7861862305709522,1189.0,honeybee,0.3420739942438971,1189.0,0.11632815293139723,845.9,3,-1.1170070072329525,False
3683,3683,80914080000,honeybee,3.0,80903.0,1.0,5.3,60.9,8,0.03418862763086992,14,809,-0.7861862305709522,138.0,honeybee,-0.48519451917311274,138.0,-0.69470169885032,848.0,3,-1.1170070072329525,True
3685,3685,80914094200,honeybee,3.0,80903.0,1.0,3.1,34.0,8,0.05917631866067316,14,809,-0.30648214258149775,102.0,honeybee,0.0014340181310106524,102.0,-0.7224819792158212,849.7,4,-0.7635405118303149,True
3686,3686,80914164600,honeybee,1.0,80901.0,1.0,3.5,60.6,8,0.1630467205884827,14,809,-0.7861862305709522,424.0,honeybee,2.6778909733036893,424.0,-0.47400280483550444,856.7666666666667,3,-0.7635405118303149,True
3687,3687,80914164600,honeybee,2.0,80902.0,1.0,5.8,62.1,8,0.1630467205884827,14,809,-0.30648214258149775,664.0,honeybee,0.9909120439827283,664.0,-0.28880093573216276,856.7666666666667,3,-0.7635405118303149,True
3689,3689,80914223100,honeybee,0.0,80900.0,1.0,8.3,178.0,8,0.24756391083634663,14,809,-0.7861862305709522,997.0,honeybee,-0.5987411778774081,997.0,-0.031833342351276106,862.5166666666667,4,-0.7635405118303149,True
3690,3690,80914223100,honeybee,3.0,80903.0,1.0,3.8,45.5,8,0.24756391083634663,14,809,-0.30648214258149775,769.0,honeybee,-0.3554269092253464,769.0,-0.20777511799945075,862.5166666666667,5,-0.7635405118303149,True
3691,3691,80914255100,honeybee,2.0,80902.0,1.0,0.8,1.5,8,0.29655938344380395,14,809,-0.7861862305709522,545.0,honeybee,0.08253877434836455,545.0,-0.3806301958292363,865.85,4,-1.1170070072329525,False
3694,3694,80914270300,honeybee,3.0,80903.0,1.0,0.8,36.0,8,0.3141977535824886,14,809,-0.7861862305709522,272.0,honeybee,-0.24188025052105103,272.0,-0.5912973219342875,867.05,6,-1.1170070072329525,False
3697,3697,80914392100,honeybee,0.0,80900.0,1.0,1.8,40.6,8,0.4949910475040062,14,809,-0.7861862305709522,1010.0,honeybee,0.48806255543513416,1010.0,-0.021801574441511838,879.35,5,-1.1170070072329525,False
3699,3699,80915121600,honeybee,2.0,80902.0,1.0,10.8,86.6,8,0.9788213395026474,15,809,-0.7861862305709522,2785.0,honeybee,-0.7285087878251744,2785.0,1.3479205824686196,912.2666666666667,5,-0.7635405118303149,True
3700,3700,80915121600,honeybee,3.0,80903.0,1.0,6.5,96.2,8,0.9788213395026474,15,809,-0.30648214258149775,2713.0,honeybee,-0.7285087878251744,2713.0,1.2923600217376172,912.2666666666667,7,-0.7635405118303149,True
3701,3701,80915135900,honeybee,1.0,80901.0,1.0,11.5,241.3,8,1.004054007895488,15,809,-0.7861862305709522,3433.0,honeybee,-0.29054310425146335,3433.0,1.8479656290476425,913.9833333333333,4,-0.4100740164276773,True
3702,3702,80915135900,honeybee,2.0,80902.0,1.0,3.0,24.9,8,1.004054007895488,15,809,-0.30648214258149775,103.0,honeybee,0.8935863365219037,103.0,-0.721710304761224,913.9833333333333,6,-0.4100740164276773,True
3703,3703,80915135900,honeybee,3.0,80903.0,1.0,3.8,56.0,8,1.004054007895488,15,809,0.17322194540795668,103.0,honeybee,0.19608543305266002,103.0,-0.721710304761224,913.9833333333333,8,-0.4100740164276773,True
3705,3705,80915212700,honeybee,3.0,80903.0,1.0,3.8,50.7,8,1.1138038665361925,15,809,-0.7861862305709522,448.0,honeybee,-0.24188025052105103,448.0,-0.45548261792517025,921.45,9,-1.1170070072329525,True
3706,3706,80915213400,honeybee,0.0,80900.0,1.0,7.1,53.2,8,1.1155187080774533,15,809,-0.7861862305709522,2533.0,honeybee,-0.5662992753904666,2533.0,1.153458619910111,921.5666666666667,6,-1.1170070072329525,True
3707,3707,80915355600,honeybee,0.0,80900.0,1.0,0.5,25.8,8,1.3266891950155946,15,809,-0.7861862305709522,862.0,honeybee,0.29341114051348466,862.0,-0.13600939372190582,935.9333333333333,7,-0.4100740164276773,False
3709,3709,80915355600,honeybee,3.0,80903.0,1.0,1.5,45.7,8,1.3266891950155946,15,809,0.17322194540795668,869.0,honeybee,-0.24188025052105103,869.0,-0.13060767253972508,935.9333333333333,10,-0.4100740164276773,False
3714,3714,81011565300,honeybee,6.0,81006.0,1.0,5.0,65.8,8,-1.8930482873834644,11,810,-0.30648214258149775,545.0,honeybee,1.153121556417436,545.0,-0.3806301958292363,716.8833333333333,2,-0.4100740164276773,True
3718,3718,81012063500,honeybee,6.0,81006.0,1.0,5.1,91.3,8,-1.7504714620957638,12,810,-0.30648214258149775,582.0,honeybee,-0.04722883559940166,582.0,-0.35207824100913787,726.5833333333334,3,-0.7635405118303149,True
3720,3720,81012310000,honeybee,4.0,81004.0,1.0,4.8,68.6,8,-1.3915796252461388,12,810,-0.7861862305709522,2047.0,honeybee,-0.11211264057328484,2047.0,0.7784248349758439,751.0,2,0.29685897437759784,True
3724,3724,81012310000,honeybee,0.0,81000.0,2.0,0.8,68.8,8,-1.3915796252461388,12,810,1.1326301213868655,0.0,honeybee,0.9746910927392576,0.0,-0.8011927735847415,751.0,2,0.29685897437759784,False
3729,3729,81012504400,honeybee,4.0,81004.0,1.0,9.8,131.4,8,-1.1015264274099912,12,810,-0.7861862305709522,1184.0,honeybee,-0.07967073808634324,1184.0,0.112469780658411,770.7333333333333,3,0.29685897437759784,True
3732,3732,81012504400,honeybee,0.0,81000.0,1.0,6.6,161.6,8,-1.1015264274099912,12,810,0.6529260333974111,1184.0,honeybee,-0.7285087878251744,1184.0,0.112469780658411,770.7333333333333,3,0.29685897437759784,True
3733,3733,81012504400,honeybee,1.0,81001.0,2.0,3.0,51.2,8,-1.1015264274099912,12,810,1.1326301213868655,0.0,honeybee,0.6502720678698419,0.0,-0.8011927735847415,770.7333333333333,2,0.29685897437759784,True
3735,3735,81012535300,honeybee,1.0,81001.0,1.0,7.6,108.6,8,-1.055225705795944,12,810,-0.30648214258149775,189.0,honeybee,-0.37164786046881726,189.0,-0.6553463016658598,773.8833333333333,3,-0.7635405118303149,True
3736,3736,81013084600,honeybee,8.0,81008.0,1.0,12.0,257.8,8,-0.836460920603647,13,810,-0.7861862305709522,4313.0,honeybee,0.3907368479743094,4313.0,2.527039149093229,788.7666666666667,2,-0.4100740164276773,True
3737,3737,81013084600,honeybee,6.0,81006.0,1.0,8.9,153.8,8,-0.836460920603647,13,810,-0.30648214258149775,3731.0,honeybee,-0.031007884355930933,3731.0,2.0779246165176244,788.7666666666667,4,-0.4100740164276773,True
3738,3738,81013084600,honeybee,8.0,81008.0,2.0,4.3,87.9,8,-0.836460920603647,13,810,0.17322194540795668,0.0,honeybee,1.0882377514435528,0.0,-0.8011927735847415,788.7666666666667,3,-0.4100740164276773,True
3740,3740,81013111800,honeybee,4.0,81004.0,1.0,2.0,68.8,8,-0.7992243614219794,13,810,-0.7861862305709522,1234.0,honeybee,0.7313768240871958,1234.0,0.1510535033882738,791.3,4,-0.7635405118303149,False
3741,3741,81013111800,honeybee,6.0,81006.0,1.0,2.8,57.3,8,-0.7992243614219794,13,810,-0.30648214258149775,152.0,honeybee,0.5853882628959588,152.0,-0.6838982564859584,791.3,5,-0.7635405118303149,True
3742,3742,81013331100,honeybee,8.0,81008.0,1.0,4.1,74.4,8,-0.477569083754022,13,810,-0.7861862305709522,1465.0,honeybee,-0.16077549430369714,1465.0,0.3293103024002403,813.1833333333333,4,1.003791965182873,True
3744,3744,81013331100,honeybee,6.0,81006.0,1.0,5.3,57.0,8,-0.477569083754022,13,810,0.17322194540795668,1313.0,honeybee,-0.4040897629557588,1313.0,0.2120157853014571,813.1833333333333,6,1.003791965182873,True
3745,3745,81013331100,honeybee,4.0,81004.0,1.0,9.0,109.2,8,-0.477569083754022,13,810,0.6529260333974111,1313.0,honeybee,-0.5338573729035251,1313.0,0.2120157853014571,813.1833333333333,5,1.003791965182873,True
3746,3746,81013331100,honeybee,2.0,81002.0,1.0,0.3,30.2,8,-0.477569083754022,13,810,1.1326301213868655,2547.0,honeybee,0.2609692380265432,2547.0,1.1642620622744726,813.1833333333333,2,1.003791965182873,False
3747,3747,81013331100,honeybee,1.0,81001.0,1.0,7.5,77.7,8,-0.477569083754022,13,810,1.61233420937632,2358.0,honeybee,0.37451589673083857,2358.0,1.0184155903555907,813.1833333333333,4,1.003791965182873,True
3748,3748,81013331100,honeybee,0.0,81000.0,1.0,11.0,290.8,8,-0.477569083754022,13,810,2.0920382973657743,2547.0,honeybee,0.21230638429613075,2547.0,1.1642620622744726,813.1833333333333,4,1.003791965182873,True
3749,3749,81013473200,honeybee,8.0,81008.0,1.0,4.3,52.6,8,-0.26664357417891815,13,810,-0.7861862305709522,861.0,honeybee,-0.19321739679063873,861.0,-0.1367810681765031,827.5333333333333,5,1.3572584605855107,True
3751,3751,81013473200,honeybee,6.0,81006.0,1.0,6.0,69.6,8,-0.26664357417891815,13,810,0.17322194540795668,861.0,honeybee,0.0014340181310106524,861.0,-0.1367810681765031,827.5333333333333,7,1.3572584605855107,True
3752,3752,81013473200,honeybee,7.0,81007.0,2.0,0.3,39.0,8,-0.26664357417891815,13,810,0.6529260333974111,0.0,honeybee,-0.8096135440425283,0.0,-0.8011927735847415,827.5333333333333,2,1.3572584605855107,False
3753,3753,81013473200,honeybee,4.0,81004.0,1.0,7.8,83.3,8,-0.26664357417891815,13,810,1.1326301213868655,861.0,honeybee,0.6016092141394295,861.0,-0.1367810681765031,827.5333333333333,6,1.3572584605855107,True
3754,3754,81013473200,honeybee,2.0,81002.0,1.0,7.1,76.9,8,-0.26664357417891815,13,810,1.61233420937632,861.0,honeybee,-0.8096135440425283,861.0,-0.1367810681765031,827.5333333333333,3,1.3572584605855107,True
3755,3755,81013473200,honeybee,1.0,81001.0,1.0,6.8,79.6,8,-0.26664357417891815,13,810,2.0920382973657743,861.0,honeybee,0.35829494548736784,861.0,-0.1367810681765031,827.5333333333333,5,1.3572584605855107,True
3756,3756,81013473200,honeybee,0.0,81000.0,1.0,9.5,128.0,8,-0.26664357417891815,13,810,2.571742385355229,861.0,honeybee,0.9260282390088451,861.0,-0.1367810681765031,827.5333333333333,5,1.3572584605855107,True
3758,3758,81014003100,honeybee,6.0,81006.0,1.0,6.8,105.1,8,-0.07580620837287182,14,810,-0.7861862305709522,779.0,honeybee,0.11498067683530613,779.0,-0.2000583734534782,840.5166666666667,8,-0.05660752102503974,True
3759,3759,81014003100,honeybee,4.0,81004.0,1.0,1.5,37.5,8,-0.07580620837287182,14,810,-0.30648214258149775,779.0,honeybee,0.40695779921778014,779.0,-0.2000583734534782,840.5166666666667,7,-0.05660752102503974,False
3760,3760,81014003100,honeybee,2.0,81002.0,1.0,5.0,77.0,8,-0.07580620837287182,14,810,0.17322194540795668,779.0,honeybee,0.29341114051348466,779.0,-0.2000583734534782,840.5166666666667,4,-0.05660752102503974,True
3761,3761,81014003100,honeybee,1.0,81001.0,1.0,4.0,92.3,8,-0.07580620837287182,14,810,0.6529260333974111,779.0,honeybee,0.24474828678307234,779.0,-0.2000583734534782,840.5166666666667,6,-0.05660752102503974,True
3765,3765,81014111400,honeybee,8.0,81008.0,1.0,0.6,8.1,8,0.08171423606010353,14,810,-0.7861862305709522,1422.0,honeybee,-0.16077549430369714,1422.0,0.2961283008525581,851.2333333333333,6,-0.7635405118303149,False
3766,3766,81014111400,honeybee,4.0,81004.0,1.0,6.6,62.9,8,0.08171423606010353,14,810,-0.30648214258149775,128.0,hoverfly,-0.12833359181675555,643.0,-0.7024184433962926,851.2333333333333,9,-0.7635405118303149,True
3769,3769,81014232400,honeybee,6.0,81006.0,1.0,7.0,125.6,8,0.26054771107732283,14,810,-0.7861862305709522,1373.0,honeybee,0.24474828678307234,1373.0,0.2583162525772925,863.4,9,-0.7635405118303149,True
3770,3770,81014232400,honeybee,7.0,81007.0,1.0,0.6,21.0,8,0.26054771107732283,14,810,-0.30648214258149775,2152.0,honeybee,-0.8096135440425283,2152.0,0.8594506527085559,863.4,3,-0.7635405118303149,False
3773,3773,81014590700,honeybee,8.0,81008.0,1.0,7.2,92.4,8,0.7855342000662282,14,810,-0.7861862305709522,2873.0,honeybee,-0.760950690312116,2873.0,1.4158279344731781,899.1166666666667,7,-1.1170070072329525,True
3776,3776,81015121800,honeybee,2.0,81002.0,1.0,8.1,136.9,8,0.979311294228722,15,810,-0.7861862305709522,4307.0,honeybee,-0.04722883559940166,4307.0,2.522409102365645,912.3,5,0.29685897437759784,True
3777,3777,81015121800,honeybee,1.0,81001.0,1.0,7.8,109.5,8,0.979311294228722,15,810,-0.30648214258149775,4307.0,honeybee,-0.20943834803410946,4307.0,2.522409102365645,912.3,7,0.29685897437759784,True
3778,3778,81015121800,honeybee,4.0,81004.0,1.0,7.6,77.9,8,0.979311294228722,15,810,0.17322194540795668,3664.0,honeybee,0.21230638429613075,3664.0,2.0262224280596084,912.3,10,0.29685897437759784,True
3780,3780,81015121800,honeybee,8.0,81008.0,1.0,0.5,27.7,8,0.979311294228722,15,810,1.1326301213868655,791.0,honeybee,0.3096320917569555,791.0,-0.1907982799983111,912.3,8,0.29685897437759784,False
3783,3783,81015191400,honeybee,4.0,81004.0,1.0,14.6,114.0,8,1.0812218772522333,15,810,-0.7861862305709522,416.0,honeybee,0.37451589673083857,416.0,-0.4801762004722825,919.2333333333333,11,-0.4100740164276773,True
3785,3785,81015191400,honeybee,4.0,81004.0,2.0,18.2,257.6,8,1.0812218772522333,15,810,0.17322194540795668,0.0,honeybee,1.5099824837737932,0.0,-0.8011927735847415,919.2333333333333,12,-0.4100740164276773,True
3786,3786,81015223900,honeybee,2.0,81002.0,1.0,0.3,17.0,8,1.131442236674877,15,810,-0.7861862305709522,621.0,honeybee,0.45562065294819243,621.0,-0.32198293727984484,922.65,6,-0.7635405118303149,False
3787,3787,81015223900,honeybee,1.0,81001.0,1.0,0.3,56.5,8,1.131442236674877,15,810,-0.30648214258149775,621.0,honeybee,0.40695779921778014,621.0,-0.32198293727984484,922.65,8,-0.7635405118303149,False
3789,3789,81015323200,honeybee,6.0,81006.0,1.0,5.6,77.9,8,1.276713812955988,15,810,-0.30648214258149775,4148.0,honeybee,0.27719018927001393,4148.0,2.3997128640846817,932.5333333333333,10,0.29685897437759784,True
3790,3790,81015323200,honeybee,8.0,81008.0,1.0,1.5,31.8,8,1.276713812955988,15,810,0.17322194540795668,1214.0,honeybee,-0.7771716415555867,1214.0,0.13562001429632872,932.5333333333333,9,0.29685897437759784,False
3791,3791,81015323200,honeybee,4.0,81004.0,1.0,0.8,58.1,8,1.276713812955988,15,810,0.6529260333974111,798.0,honeybee,2.093936728538741,798.0,-0.18539655881613026,932.5333333333333,13,0.29685897437759784,False
3792,3792,81015323200,honeybee,3.0,81003.0,1.0,0.3,54.2,8,1.276713812955988,15,810,1.1326301213868655,10892.0,honeybee,0.4393997017047217,10892.0,7.603885385888583,932.5333333333333,2,0.29685897437759784,False
3793,3793,81015340500,honeybee,8.0,81008.0,1.0,5.1,97.1,8,1.2994967077184556,15,810,-0.7861862305709522,93.0,honeybee,-0.6149621291208789,93.0,-0.7294270493071965,934.0833333333334,10,-0.4100740164276773,True
3795,3795,81015340500,honeybee,2.0,81002.0,1.0,3.6,61.3,8,1.2994967077184556,15,810,0.17322194540795668,686.0,honeybee,-0.8096135440425283,686.0,-0.27182409773102306,934.0833333333334,7,-0.4100740164276773,True
3800,3800,81211531900,honeybee,2.0,81202.0,1.0,5.8,65.4,8,-1.945473443073444,11,812,-0.30648214258149775,630.0,honeybee,-0.11211264057328484,630.0,-0.3150378671884695,713.3166666666667,2,-0.05660752102503974,True
3801,3801,81211531900,honeybee,1.0,81201.0,1.0,4.6,43.3,8,-1.945473443073444,11,812,0.17322194540795668,630.0,honeybee,0.13120162807877686,630.0,-0.3150378671884695,713.3166666666667,2,-0.05660752102503974,True
3802,3802,81211531900,honeybee,2.0,81202.0,2.0,0.6,39.5,8,-1.945473443073444,11,812,0.6529260333974111,0.0,honeybee,0.08253877434836455,0.0,-0.8011927735847415,713.3166666666667,3,-0.05660752102503974,False
3804,3804,81211535400,honeybee,1.0,81201.0,1.0,1.5,18.7,8,-1.9368992353671388,11,812,-0.7861862305709522,35.0,honeybee,-0.11211264057328484,35.0,-0.7741841676738376,713.9,3,-0.7635405118303149,False
3805,3805,81211535400,honeybee,2.0,81202.0,1.0,0.3,36.5,8,-1.9368992353671388,11,812,-0.30648214258149775,35.0,honeybee,-0.760950690312116,35.0,-0.7741841676738376,713.9,4,-0.7635405118303149,False
3809,3809,81212013500,honeybee,3.0,81203.0,1.0,5.6,68.9,8,-1.8239646710069497,12,812,0.6529260333974111,496.0,honeybee,0.6016092141394295,496.0,-0.4184422441045019,721.5833333333334,2,1.003791965182873,True
3810,3810,81212013500,honeybee,2.0,81202.0,1.0,2.6,41.0,8,-1.8239646710069497,12,812,1.1326301213868655,461.0,honeybee,-0.8096135440425283,461.0,-0.4454508500154059,721.5833333333334,5,1.003791965182873,True
3812,3812,81212013500,honeybee,1.0,81201.0,1.0,4.6,64.8,8,-1.8239646710069497,12,812,2.0920382973657743,461.0,honeybee,-0.6149621291208789,461.0,-0.4454508500154059,721.5833333333334,4,1.003791965182873,True
3813,3813,81212055700,honeybee,1.0,81201.0,1.0,3.6,54.2,8,-1.7597806018911806,12,812,-0.7861862305709522,262.0,honeybee,-0.11211264057328484,262.0,-0.5990140664802601,725.95,5,-0.7635405118303149,True
3814,3814,81212055700,honeybee,2.0,81202.0,1.0,4.5,60.7,8,-1.7597806018911806,12,812,-0.30648214258149775,262.0,honeybee,-0.43653166544270033,262.0,-0.5990140664802601,725.95,6,-0.7635405118303149,True
3816,3816,81212264100,honeybee,1.0,81201.0,1.0,4.5,49.2,8,-1.455028762272796,12,812,-0.7861862305709522,1244.0,honeybee,-0.27432215300799256,1244.0,0.15877024793424643,746.6833333333333,6,0.29685897437759784,True
3817,3817,81212264100,honeybee,3.0,81203.0,1.0,8.1,86.1,8,-1.455028762272796,12,812,-0.30648214258149775,1506.0,honeybee,0.05009687186142296,1506.0,0.3609489550387278,746.6833333333333,3,0.29685897437759784,True
3818,3818,81212264100,honeybee,2.0,81202.0,1.0,6.6,87.2,8,-1.455028762272796,12,812,0.17322194540795668,1244.0,honeybee,-0.12833359181675555,1244.0,0.15877024793424643,746.6833333333333,7,0.29685897437759784,True
3819,3819,81212264100,honeybee,4.0,81204.0,1.0,1.3,44.8,8,-1.455028762272796,12,812,0.6529260333974111,1506.0,honeybee,-0.8096135440425283,1506.0,0.3609489550387278,746.6833333333333,2,0.29685897437759784,False
3820,3820,81212264100,honeybee,6.0,81206.0,1.0,3.1,72.1,8,-1.455028762272796,12,812,1.1326301213868655,1506.0,honeybee,-0.11211264057328484,1506.0,0.3609489550387278,746.6833333333333,2,0.29685897437759784,True
3821,3821,81213082200,honeybee,6.0,81206.0,1.0,13.5,116.2,8,-0.8423403773165419,13,812,-0.7861862305709522,2501.0,honeybee,-0.3554269092253464,2501.0,1.1287650373629985,788.3666666666667,3,-0.4100740164276773,True
3822,3822,81213082200,honeybee,4.0,81204.0,1.0,0.6,63.0,8,-0.8423403773165419,13,812,-0.30648214258149775,2501.0,honeybee,-0.6474040316078206,2501.0,1.1287650373629985,788.3666666666667,3,-0.4100740164276773,False
3823,3823,81213082200,honeybee,3.0,81203.0,1.0,4.8,47.3,8,-0.8423403773165419,13,812,0.17322194540795668,2501.0,honeybee,0.45562065294819243,2501.0,1.1287650373629985,788.3666666666667,4,-0.4100740164276773,True
3824,3824,81213085400,honeybee,1.0,81201.0,1.0,8.8,141.8,8,-0.8345011016993487,13,812,-0.7861862305709522,2533.0,honeybee,-0.12833359181675555,2533.0,1.153458619910111,788.9,7,-0.05660752102503974,True
3825,3825,81213085400,honeybee,3.0,81203.0,1.0,4.0,75.0,8,-0.8345011016993487,13,812,-0.30648214258149775,32.0,honeybee,-0.07967073808634324,32.0,-0.7764991910376292,788.9,5,-0.05660752102503974,True
3826,3826,81213085400,honeybee,2.0,81202.0,1.0,7.5,123.4,8,-0.8345011016993487,13,812,0.17322194540795668,2533.0,honeybee,0.21230638429613075,2533.0,1.153458619910111,788.9,8,-0.05660752102503974,True
3827,3827,81213085400,honeybee,1.0,81201.0,2.0,1.3,38.6,8,-0.8345011016993487,13,812,0.6529260333974111,0.0,honeybee,0.569167311652488,0.0,-0.8011927735847415,788.9,8,-0.05660752102503974,False
3832,3832,81213240100,honeybee,1.0,81201.0,1.0,4.8,64.8,8,-0.6123066334245297,13,812,-0.7861862305709522,907.0,honeybee,-0.6474040316078206,907.0,-0.10128404326502924,804.0166666666667,9,0.29685897437759784,True
3833,3833,81213240100,honeybee,3.0,81203.0,1.0,6.6,96.4,8,-0.6123066334245297,13,812,-0.30648214258149775,907.0,honeybee,-0.20943834803410946,907.0,-0.10128404326502924,804.0166666666667,6,0.29685897437759784,True
3834,3834,81213240100,honeybee,2.0,81202.0,1.0,5.0,79.6,8,-0.6123066334245297,13,812,0.17322194540795668,907.0,honeybee,0.35829494548736784,907.0,-0.10128404326502924,804.0166666666667,9,0.29685897437759784,True
3835,3835,81213240100,honeybee,6.0,81206.0,1.0,5.0,54.7,8,-0.6123066334245297,13,812,0.6529260333974111,939.0,honeybee,1.3315520200956144,939.0,-0.07659046071791702,804.0166666666667,4,0.29685897437759784,True
3840,3840,81214072600,honeybee,0.0,81200.0,1.0,2.3,34.9,8,0.025859397287602167,14,812,-0.7861862305709522,2618.0,honeybee,-0.12833359181675555,2618.0,1.2190509485508776,847.4333333333333,2,-1.1170070072329525,False
3841,3841,81214092700,honeybee,0.0,81200.0,1.0,1.0,9.8,8,0.05550165821511386,14,812,-0.7861862305709522,121.0,honeybee,-0.48519451917311274,121.0,-0.7078201645784734,849.45,3,0.6503254697802354,False
3842,3842,81214092700,honeybee,3.0,81203.0,1.0,6.6,102.9,8,0.05550165821511386,14,812,-0.30648214258149775,2401.0,hoverfly,-0.7447297390686451,2726.0,1.0515975919032727,849.45,8,0.6503254697802354,True
3843,3843,81214092700,honeybee,2.0,81202.0,1.0,3.8,62.4,8,0.05550165821511386,14,812,0.17322194540795668,2726.0,honeybee,-0.04722883559940166,2726.0,1.3023917896473813,849.45,10,0.6503254697802354,True
3846,3846,81214092700,honeybee,1.0,81201.0,1.0,3.5,65.0,8,0.05550165821511386,14,812,1.61233420937632,2726.0,honeybee,-0.07967073808634324,2726.0,1.3023917896473813,849.45,10,0.6503254697802354,True
3847,3847,81214233800,honeybee,1.0,81201.0,1.0,4.6,43.7,8,0.26397739415984484,14,812,-0.7861862305709522,851.0,honeybee,-0.29054310425146335,851.0,-0.14449781272247567,863.6333333333333,11,1.003791965182873,True
3848,3848,81214233800,honeybee,3.0,81203.0,1.0,9.1,144.8,8,0.26397739415984484,14,812,-0.30648214258149775,851.0,honeybee,0.21230638429613075,851.0,-0.14449781272247567,863.6333333333333,9,1.003791965182873,True
3849,3849,81214233800,honeybee,2.0,81202.0,1.0,5.3,62.6,8,0.26397739415984484,14,812,0.17322194540795668,851.0,honeybee,-0.24188025052105103,851.0,-0.14449781272247567,863.6333333333333,11,1.003791965182873,True
3850,3850,81214233800,honeybee,4.0,81204.0,1.0,0.8,32.1,8,0.26397739415984484,14,812,0.6529260333974111,4516.0,honeybee,-0.760950690312116,4516.0,2.683689063376472,863.6333333333333,4,1.003791965182873,False
3851,3851,81214233800,honeybee,5.0,81205.0,1.0,8.6,61.9,8,0.26397739415984484,14,812,1.1326301213868655,8523.0,honeybee,-0.5176364216600542,8523.0,5.7757886029476815,863.6333333333333,2,1.003791965182873,True
3852,3852,81214233800,honeybee,6.0,81206.0,1.0,10.0,85.5,8,0.26397739415984484,14,812,1.61233420937632,3577.0,honeybee,-0.04722883559940166,3577.0,1.9590867505096472,863.6333333333333,5,1.003791965182873,True
3853,3853,81214233800,honeybee,4.0,81204.0,2.0,0.5,21.2,8,0.26397739415984484,14,812,2.0920382973657743,0.0,honeybee,-0.7285087878251744,0.0,-0.8011927735847415,863.6333333333333,5,1.003791965182873,False
3854,3854,81214365700,honeybee,6.0,81206.0,1.0,7.3,63.5,8,0.4597143072266369,14,812,-0.7861862305709522,799.0,honeybee,0.7638187265741373,799.0,-0.18462488436153304,876.95,6,-0.05660752102503974,True
3855,3855,81214365700,honeybee,3.0,81203.0,1.0,5.9,63.1,8,0.4597143072266369,14,812,-0.30648214258149775,799.0,honeybee,0.6178301653829003,799.0,-0.18462488436153304,876.95,10,-0.05660752102503974,True
3856,3856,81214365700,honeybee,2.0,81202.0,1.0,5.0,59.0,8,0.4597143072266369,14,812,0.17322194540795668,799.0,honeybee,0.0014340181310106524,799.0,-0.18462488436153304,876.95,12,-0.05660752102503974,True
3857,3857,81214365700,honeybee,1.0,81201.0,1.0,4.5,52.1,8,0.4597143072266369,14,812,0.6529260333974111,799.0,honeybee,-0.11211264057328484,799.0,-0.18462488436153304,876.95,12,-0.05660752102503974,True
3858,3858,81214440400,honeybee,6.0,81206.0,1.0,3.5,95.1,8,0.5643196412435584,14,812,-0.7861862305709522,427.0,honeybee,0.3258530430004262,427.0,-0.47168778147171264,884.0666666666667,7,-1.1170070072329525,True
3860,3860,81214590400,honeybee,2.0,81202.0,1.0,5.3,58.6,8,0.7847992679771163,14,812,-0.7861862305709522,1327.0,honeybee,-0.04722883559940166,1327.0,0.22281922766581874,899.0666666666667,13,0.29685897437759784,True
3861,3861,81214590400,honeybee,1.0,81201.0,1.0,4.1,50.2,8,0.7847992679771163,14,812,-0.30648214258149775,1327.0,honeybee,-0.12833359181675555,1327.0,0.22281922766581874,899.0666666666667,13,0.29685897437759784,True
3862,3862,81214590400,honeybee,3.0,81203.0,1.0,6.3,56.4,8,0.7847992679771163,14,812,0.17322194540795668,1327.0,honeybee,0.09875972559183542,1327.0,0.22281922766581874,899.0666666666667,11,0.29685897437759784,True
3863,3863,81214590400,honeybee,6.0,81206.0,1.0,2.0,41.4,8,0.7847992679771163,14,812,0.6529260333974111,900.0,honeybee,-0.29054310425146335,900.0,-0.10668576444721006,899.0666666666667,8,0.29685897437759784,False
3864,3864,81214590400,honeybee,7.0,81207.0,1.0,4.8,54.9,8,0.7847992679771163,14,812,1.1326301213868655,5703.0,honeybee,-0.031007884355930933,5703.0,3.5996666409834157,899.0666666666667,2,0.29685897437759784,True
3867,3867,81215055100,honeybee,3.0,81203.0,1.0,4.3,51.7,8,0.884505054733292,15,812,-0.30648214258149775,407.0,honeybee,0.16364353056571845,407.0,-0.48712127056365784,905.85,12,-0.4100740164276773,True
3868,3868,81215055100,honeybee,1.0,81201.0,1.0,1.6,37.1,8,0.884505054733292,15,812,0.17322194540795668,407.0,honeybee,-0.19321739679063873,407.0,-0.48712127056365784,905.85,14,-0.4100740164276773,False
3869,3869,81215092500,honeybee,6.0,81206.0,1.0,0.6,7.5,8,0.9369302104232714,15,812,-0.7861862305709522,621.0,honeybee,-0.5338573729035251,621.0,-0.32198293727984484,909.4166666666666,9,-1.1170070072329525,False
3870,3870,81215105800,honeybee,2.0,81202.0,1.0,4.1,75.0,8,0.959713105185739,15,812,-0.7861862305709522,714.0,honeybee,0.0014340181310106524,714.0,-0.2502172130022999,910.9666666666667,14,-0.7635405118303149,True
3871,3871,81215105800,honeybee,1.0,81201.0,1.0,0.8,39.9,8,0.959713105185739,15,812,-0.30648214258149775,307.0,honeybee,-0.5987411778774081,307.0,-0.5642887160233835,910.9666666666667,15,-0.7635405118303149,False
3873,3873,81215112100,honeybee,0.0,81200.0,1.0,3.6,59.9,8,0.9653475845355967,15,812,-0.30648214258149775,3714.0,honeybee,-0.6960668853382328,3714.0,2.064806150789471,911.35,4,-0.7635405118303149,True
3874,3874,81215141900,honeybee,1.0,81201.0,1.0,4.6,71.0,8,1.0089535551562336,15,812,-0.7861862305709522,201.0,honeybee,-0.7285087878251744,201.0,-0.6460862082106928,914.3166666666667,16,-0.7635405118303149,True
3875,3875,81215141900,honeybee,2.0,81202.0,1.0,0.3,42.6,8,1.0089535551562336,15,812,-0.30648214258149775,201.0,honeybee,-0.19321739679063873,201.0,-0.6460862082106928,914.3166666666667,15,-0.7635405118303149,False
3876,3876,81215304800,honeybee,6.0,81206.0,1.0,12.6,108.3,8,1.2512361672001102,15,812,-0.7861862305709522,1283.0,honeybee,-0.760950690312116,1283.0,0.18886555166353938,930.8,10,-0.05660752102503974,True
3877,3877,81215304800,honeybee,4.0,81204.0,1.0,0.3,24.8,8,1.2512361672001102,15,812,-0.30648214258149775,4030.0,honeybee,-0.7771716415555867,4030.0,2.308655278442205,930.8,6,-0.05660752102503974,False
3879,3879,81215304800,honeybee,7.0,81207.0,1.0,6.7,88.3,8,1.2512361672001102,15,812,0.6529260333974111,1904.0,honeybee,-0.07967073808634324,1904.0,0.6680753879684361,930.8,3,-0.05660752102503974,True
3880,3880,81215591400,honeybee,6.0,81206.0,1.0,3.5,49.2,8,1.6691675485417212,15,812,-0.7861862305709522,1706.0,honeybee,1.1855634589043775,1706.0,0.5152838459581792,959.2333333333333,11,-0.05660752102503974,True
3881,3881,81215591400,honeybee,3.0,81203.0,1.0,8.6,79.9,8,1.6691675485417212,15,812,-0.30648214258149775,3203.0,honeybee,-0.16077549430369714,3203.0,1.6704805044902729,959.2333333333333,13,-0.05660752102503974,True
3882,3882,81215591400,honeybee,1.0,81201.0,1.0,5.8,39.2,8,1.6691675485417212,15,812,0.17322194540795668,2695.0,honeybee,-0.11211264057328484,2695.0,1.2784698815548663,959.2333333333333,17,-0.05660752102503974,True
3883,3883,81215591400,honeybee,2.0,81202.0,1.0,1.5,38.8,8,1.6691675485417212,15,812,0.6529260333974111,2695.0,honeybee,-0.8096135440425283,2695.0,1.2784698815548663,959.2333333333333,16,-0.05660752102503974,False
3895,3895,81512280500,honeybee,1.0,81501.0,2.0,14.1,216.7,8,-1.4344506637776637,12,815,0.17322194540795668,0.0,honeybee,3.8620204140770564,0.0,-0.8011927735847415,748.0833333333334,3,-0.4100740164276773,True
3904,3904,81513212100,honeybee,4.0,81504.0,1.0,4.6,59.9,8,-0.6515030115104955,13,815,1.1326301213868655,3093.0,honeybee,2.953647144442692,3093.0,1.5855963144845748,801.35,2,0.29685897437759784,True
3905,3905,81513275000,honeybee,5.0,81505.0,1.0,6.8,52.1,8,-0.556206817288991,13,815,-0.7861862305709522,389.0,honeybee,0.7638187265741373,389.0,-0.5010114107464084,807.8333333333334,2,-0.4100740164276773,True
3907,3907,81513275000,honeybee,2.0,81502.0,1.0,12.0,139.5,8,-0.556206817288991,13,815,0.17322194540795668,389.0,honeybee,0.47184160419166316,389.0,-0.5010114107464084,807.8333333333334,2,-0.4100740164276773,True
3908,3908,81514003900,honeybee,1.0,81501.0,1.0,7.3,117.9,8,-0.07384638946857353,14,815,-0.7861862305709522,5554.0,honeybee,1.4288777275564393,5554.0,3.4846871472484247,840.65,4,1.003791965182873,True
3909,3909,81514003900,honeybee,0.0,81500.0,1.0,8.3,86.1,8,-0.07384638946857353,14,815,-0.30648214258149775,5554.0,honeybee,2.564344314599394,5554.0,3.4846871472484247,840.65,3,1.003791965182873,True
3910,3910,81514003900,honeybee,2.0,81502.0,1.0,10.8,97.2,8,-0.07384638946857353,14,815,0.17322194540795668,1969.0,honeybee,1.0882377514435528,1969.0,0.718234227517258,840.65,3,1.003791965182873,True
3911,3911,81514003900,honeybee,3.0,81503.0,1.0,5.5,52.6,8,-0.07384638946857353,14,815,0.6529260333974111,2358.0,honeybee,0.29341114051348466,2358.0,1.0184155903555907,840.65,2,1.003791965182873,True
3912,3912,81514003900,honeybee,5.0,81505.0,1.0,8.8,80.4,8,-0.07384638946857353,14,815,1.1326301213868655,1969.0,honeybee,0.24474828678307234,1969.0,0.718234227517258,840.65,3,1.003791965182873,True
3913,3913,81514003900,honeybee,4.0,81504.0,1.0,7.0,72.7,8,-0.07384638946857353,14,815,1.61233420937632,2358.0,honeybee,-0.11211264057328484,2358.0,1.0184155903555907,840.65,3,1.003791965182873,True
3914,3914,81514003900,honeybee,6.0,81506.0,1.0,6.0,79.1,8,-0.07384638946857353,14,815,2.0920382973657743,1969.0,honeybee,0.9422491902523158,1969.0,0.718234227517258,840.65,2,1.003791965182873,True
3915,3915,81514035300,honeybee,1.0,81501.0,1.0,5.1,89.5,8,-0.0263207810393399,14,815,-0.7861862305709522,194.0,honeybee,0.3258530430004262,194.0,-0.6514879293928736,843.8833333333333,5,0.6503254697802354,True
3916,3916,81514035300,honeybee,0.0,81500.0,1.0,2.5,61.0,8,-0.0263207810393399,14,815,-0.30648214258149775,194.0,honeybee,0.48806255543513416,194.0,-0.6514879293928736,843.8833333333333,4,0.6503254697802354,True
3917,3917,81514035300,honeybee,2.0,81502.0,1.0,1.5,43.5,8,-0.0263207810393399,14,815,0.17322194540795668,194.0,honeybee,0.8935863365219037,194.0,-0.6514879293928736,843.8833333333333,4,0.6503254697802354,False
3918,3918,81514035300,honeybee,3.0,81503.0,1.0,0.5,8.5,8,-0.0263207810393399,14,815,0.6529260333974111,194.0,honeybee,0.03387592061795224,194.0,-0.6514879293928736,843.8833333333333,3,0.6503254697802354,False
3919,3919,81514035300,honeybee,5.0,81505.0,1.0,2.8,39.4,8,-0.0263207810393399,14,815,1.1326301213868655,194.0,honeybee,0.569167311652488,194.0,-0.6514879293928736,843.8833333333333,4,0.6503254697802354,True
3920,3920,81514035300,honeybee,6.0,81506.0,1.0,2.5,42.2,8,-0.0263207810393399,14,815,1.61233420937632,194.0,honeybee,0.11498067683530613,194.0,-0.6514879293928736,843.8833333333333,3,0.6503254697802354,True
3929,3929,81514202000,honeybee,3.0,81503.0,1.0,8.0,81.5,8,0.21547187627846207,14,815,-0.7861862305709522,987.0,honeybee,-0.7771716415555867,987.0,-0.03955008689724873,860.3333333333334,4,0.29685897437759784,True
3930,3930,81514202000,honeybee,5.0,81505.0,1.0,1.5,27.2,8,0.21547187627846207,14,815,-0.30648214258149775,384.0,moth,-0.8258344952859991,987.0,-0.5048697830193947,860.3333333333334,7,0.29685897437759784,False
3932,3932,81514202000,honeybee,5.0,81505.0,2.0,1.6,9.3,8,0.21547187627846207,14,815,0.6529260333974111,0.0,honeybee,-0.6149621291208789,0.0,-0.8011927735847415,860.3333333333334,8,0.29685897437759784,False
3933,3933,81514202000,honeybee,6.0,81506.0,1.0,1.1,147.2,8,0.21547187627846207,14,815,1.1326301213868655,987.0,honeybee,-0.4527526166861711,987.0,-0.03955008689724873,860.3333333333334,4,0.29685897437759784,False
3934,3934,81514203100,honeybee,5.0,81505.0,1.0,4.5,51.0,8,0.21816662727187222,14,815,-0.7861862305709522,11.0,honeybee,-0.5987411778774081,11.0,-0.7927043545841717,860.5166666666667,9,-0.7635405118303149,True
3935,3935,81514203100,honeybee,6.0,81506.0,1.0,1.2,53.4,8,0.21816662727187222,14,815,-0.30648214258149775,11.0,honeybee,-0.6798459340947619,11.0,-0.7927043545841717,860.5166666666667,5,-0.7635405118303149,False
3937,3937,81514204200,honeybee,1.0,81501.0,1.0,4.3,53.4,8,0.22086137826528238,14,815,-0.7861862305709522,396.0,moth,-0.5825202266339373,1009.0,-0.4956096895642277,860.7,7,-1.1170070072329525,True
3938,3938,81514220000,honeybee,2.0,81502.0,1.0,2.5,26.2,8,0.23996961258219074,14,815,-0.7861862305709522,1087.0,honeybee,-0.6149621291208789,1087.0,0.03761735856247704,862.0,5,-0.7635405118303149,True
3939,3939,81514220000,honeybee,6.0,81506.0,1.0,2.0,40.3,8,0.23996961258219074,14,815,-0.30648214258149775,89.0,honeybee,-0.6636249828512912,89.0,-0.7325137471255856,862.0,6,-0.7635405118303149,False
3940,3940,81514253500,honeybee,4.0,81504.0,1.0,4.5,68.3,8,0.2926397456352074,14,815,-0.7861862305709522,699.0,moth,-0.43653166544270033,1496.0,-0.2617923298212587,865.5833333333334,6,-0.4100740164276773,True
3941,3941,81514253500,honeybee,5.0,81505.0,1.0,2.3,24.4,8,0.2926397456352074,14,815,-0.30648214258149775,304.0,honeybee,-0.12833359181675555,304.0,-0.5666037393871753,865.5833333333334,10,-0.4100740164276773,False
3942,3942,81514253500,honeybee,4.0,81504.0,2.0,1.3,49.8,8,0.2926397456352074,14,815,0.17322194540795668,0.0,honeybee,-0.12833359181675555,0.0,-0.8011927735847415,865.5833333333334,7,-0.4100740164276773,False
3943,3943,81514294100,honeybee,4.0,81504.0,1.0,5.1,80.8,8,0.3529041769423799,14,815,-0.7861862305709522,246.0,honeybee,-0.6474040316078206,246.0,-0.6113608577538162,869.6833333333333,8,0.6503254697802354,True
3944,3944,81514294100,honeybee,2.0,81502.0,1.0,5.5,76.2,8,0.3529041769423799,14,815,-0.30648214258149775,461.0,honeybee,-0.4527526166861711,461.0,-0.4454508500154059,869.6833333333333,6,0.6503254697802354,True
3946,3946,81514294100,honeybee,6.0,81506.0,1.0,4.3,53.2,8,0.3529041769423799,14,815,0.6529260333974111,461.0,honeybee,-0.5338573729035251,461.0,-0.4454508500154059,869.6833333333333,7,0.6503254697802354,True
3947,3947,81514294100,honeybee,0.0,81500.0,1.0,7.0,96.8,8,0.3529041769423799,14,815,1.1326301213868655,1548.0,honeybee,-0.4527526166861711,1548.0,0.3933592821318126,869.6833333333333,5,0.6503254697802354,True
3948,3948,81514294100,honeybee,1.0,81501.0,1.0,5.8,175.6,8,0.3529041769423799,14,815,1.61233420937632,539.0,honeybee,-0.16077549430369714,539.0,-0.3852602425568199,869.6833333333333,8,0.6503254697802354,True
3949,3949,81514304400,honeybee,1.0,81501.0,1.0,0.8,20.9,8,0.368337750813729,14,815,-0.7861862305709522,63.0,honeybee,0.08253877434836455,63.0,-0.7525772829451143,870.7333333333333,9,-1.1170070072329525,False
3950,3950,81514322900,honeybee,4.0,81504.0,1.0,0.3,6.0,8,0.3940603739326441,14,815,-0.7861862305709522,168.0,honeybee,-0.031007884355930933,168.0,-0.6715514652124023,872.4833333333333,9,-0.7635405118303149,False
3951,3951,81514322900,honeybee,3.0,81503.0,1.0,5.0,63.2,8,0.3940603739326441,14,815,-0.30648214258149775,729.0,honeybee,0.4393997017047217,729.0,-0.238642096183341,872.4833333333333,5,-0.7635405118303149,True
3952,3952,81514394900,honeybee,1.0,81501.0,1.0,1.1,25.4,8,0.5018504136690503,14,815,-0.7861862305709522,545.0,honeybee,-0.7285087878251744,545.0,-0.3806301958292363,879.8166666666667,10,-1.1170070072329525,False
3960,3960,81514540600,honeybee,6.0,81506.0,1.0,2.6,80.4,8,0.711796013792005,14,815,-0.7861862305709522,1465.0,honeybee,-0.16077549430369714,1465.0,0.3293103024002403,894.1,8,-0.7635405118303149,True
3961,3961,81514540600,honeybee,0.0,81500.0,1.0,2.3,140.3,8,0.711796013792005,14,815,-0.30648214258149775,1465.0,honeybee,0.27719018927001393,1465.0,0.3293103024002403,894.1,6,-0.7635405118303149,False
3986,3986,81515402900,honeybee,4.0,81504.0,1.0,6.5,71.8,8,1.3935680151247738,15,815,-0.7861862305709522,145.0,hoverfly,-0.24188025052105103,4080.0,-0.6892999776681392,940.4833333333333,11,1.3572584605855107,True
3988,3988,81515402900,honeybee,2.0,81502.0,1.0,12.1,91.6,8,1.3935680151247738,15,815,0.17322194540795668,145.0,hoverfly,2.191262435999566,4248.0,-0.6892999776681392,940.4833333333333,8,1.3572584605855107,True
3989,3989,81515402900,honeybee,3.0,81503.0,1.0,8.8,79.2,8,1.3935680151247738,15,815,0.6529260333974111,145.0,hoverfly,-0.48519451917311274,4080.0,-0.6892999776681392,940.4833333333333,8,1.3572584605855107,True
3991,3991,81515402900,honeybee,3.0,81503.0,2.0,0.5,38.6,8,1.3935680151247738,15,815,1.61233420937632,0.0,honeybee,0.569167311652488,0.0,-0.8011927735847415,940.4833333333333,9,1.3572584605855107,False
3992,3992,81515402900,honeybee,6.0,81506.0,1.0,4.0,47.4,8,1.3935680151247738,15,815,2.0920382973657743,102.0,hoverfly,0.6340511166263709,2783.0,-0.7224819792158212,940.4833333333333,10,1.3572584605855107,True
3993,3993,81515402900,honeybee,1.0,81501.0,1.0,2.0,54.9,8,1.3935680151247738,15,815,2.571742385355229,145.0,hoverfly,0.37451589673083857,3640.0,-0.6892999776681392,940.4833333333333,12,1.3572584605855107,False
3994,3994,81515412700,honeybee,5.0,81505.0,1.0,13.8,115.1,8,1.4077767021809364,15,815,-0.7861862305709522,4552.0,honeybee,-0.48519451917311274,4552.0,2.711469343741973,941.45,11,-0.4100740164276773,True
3995,3995,81515412700,honeybee,3.0,81503.0,1.0,0.3,22.8,8,1.4077767021809364,15,815,-0.30648214258149775,58.0,honeybee,-0.7771716415555867,58.0,-0.7564356552181006,941.45,10,-0.4100740164276773,False
3996,3996,81515412700,honeybee,7.0,81507.0,1.0,3.8,52.8,8,1.4077767021809364,15,815,0.17322194540795668,58.0,honeybee,-0.37164786046881726,58.0,-0.7564356552181006,941.45,2,-0.4100740164276773,True
3997,3997,81515440400,honeybee,5.0,81505.0,1.0,3.6,50.6,8,1.4462381481777904,15,815,-0.7861862305709522,157.0,honeybee,1.380214873826027,157.0,-0.6800398842129721,944.0666666666667,12,-1.1170070072329525,True
3999,3999,81515500200,honeybee,6.0,81506.0,1.0,1.5,9.0,8,1.5339400441451392,15,815,-0.7861862305709522,573.0,honeybee,-0.20943834803410946,573.0,-0.3590233111005131,950.0333333333333,11,-1.1170070072329525,False
4000,4000,81515550600,honeybee,6.0,81506.0,1.0,1.0,45.1,8,1.6084131625084743,15,815,-0.7861862305709522,304.0,honeybee,-0.6149621291208789,304.0,-0.5666037393871753,955.1,12,-0.7635405118303149,False
4001,4001,81515550600,honeybee,3.0,81503.0,1.0,1.0,18.4,8,1.6084131625084743,15,815,-0.30648214258149775,819.0,honeybee,-0.8096135440425283,819.0,-0.16919139526958787,955.1,11,-0.7635405118303149,False
4002,4002,81516015100,honeybee,0.0,81500.0,1.0,0.4,15.0,8,1.7076289945385754,16,815,-0.7861862305709522,1427.0,hoverfly,0.16364353056571845,4065.0,0.2999866731255445,961.85,8,-1.1170070072329525,False
4003,4003,81516020000,honeybee,0.0,81500.0,1.0,3.6,97.4,8,1.709833790805911,16,815,-0.7861862305709522,9.0,honeybee,-0.7933925927990575,9.0,-0.7942477034933663,962.0,9,-0.7635405118303149,True
4004,4004,81516020000,honeybee,1.0,81501.0,1.0,13.6,167.8,8,1.709833790805911,16,815,-0.30648214258149775,1291.0,honeybee,-0.5338573729035251,1291.0,0.19503894730031743,962.0,13,-0.7635405118303149,True
4007,4007,81711315300,honeybee,1.0,81701.0,2.0,0.3,20.4,8,-2.2605143319393948,11,817,0.17322194540795668,0.0,honeybee,-0.27432215300799256,0.0,-0.8011927735847415,691.8833333333333,2,-0.4100740164276773,False
4012,4012,81711371100,honeybee,4.0,81704.0,1.0,4.8,53.3,8,-2.1826115304935376,11,817,0.6529260333974111,302.0,honeybee,0.24474828678307234,302.0,-0.5681470882963698,697.1833333333333,2,-0.05660752102503974,True
4014,4014,81711374600,honeybee,0.0,81700.0,1.0,7.0,70.0,8,-2.1740373227872323,11,817,-0.30648214258149775,353.0,honeybee,0.29341114051348466,353.0,-0.5287916911119097,697.7666666666667,2,-0.4100740164276773,True
4015,4015,81711374600,honeybee,1.0,81701.0,1.0,2.0,33.3,8,-2.1740373227872323,11,817,0.17322194540795668,353.0,honeybee,-0.8096135440425283,353.0,-0.5287916911119097,697.7666666666667,3,-0.4100740164276773,False
4016,4016,81711570800,honeybee,4.0,81704.0,1.0,10.5,108.3,8,-1.8893736269379053,11,817,-0.7861862305709522,1197.0,honeybee,-0.07967073808634324,1197.0,0.12250154856817527,717.1333333333333,3,0.29685897437759784,True
4017,4017,81711570800,honeybee,2.0,81702.0,1.0,10.8,114.6,8,-1.8893736269379053,11,817,-0.30648214258149775,1197.0,honeybee,0.29341114051348466,1197.0,0.12250154856817527,717.1333333333333,2,0.29685897437759784,True
4018,4018,81711570800,honeybee,3.0,81703.0,1.0,6.6,76.8,8,-1.8893736269379053,11,817,0.17322194540795668,1197.0,honeybee,0.5205044579220757,1197.0,0.12250154856817527,717.1333333333333,2,0.29685897437759784,True
4020,4020,81711570800,honeybee,0.0,81700.0,1.0,5.3,102.6,8,-1.8893736269379053,11,817,1.1326301213868655,1162.0,honeybee,0.27719018927001393,1162.0,0.09549294265727132,717.1333333333333,3,0.29685897437759784,True
4021,4021,81712004000,honeybee,4.0,81704.0,1.0,2.8,58.6,8,-1.8374384259740004,12,817,-0.7861862305709522,212.0,honeybee,0.8449234827914912,212.0,-0.637597789210123,720.6666666666666,4,-0.05660752102503974,True
4022,4022,81712004000,honeybee,2.0,81702.0,1.0,5.3,54.2,8,-1.8374384259740004,12,817,-0.30648214258149775,212.0,honeybee,0.8935863365219037,212.0,-0.637597789210123,720.6666666666666,3,-0.05660752102503974,True
4023,4023,81712004000,honeybee,3.0,81703.0,1.0,2.3,64.2,8,-1.8374384259740004,12,817,0.17322194540795668,212.0,honeybee,0.21230638429613075,212.0,-0.637597789210123,720.6666666666666,3,-0.05660752102503974,False
4024,4024,81712004000,honeybee,5.0,81705.0,1.0,0.3,22.7,8,-1.8374384259740004,12,817,0.6529260333974111,212.0,honeybee,0.552946360409017,212.0,-0.637597789210123,720.6666666666666,2,-0.05660752102503974,False
4026,4026,81712213700,honeybee,4.0,81704.0,1.0,5.6,78.8,8,-1.5295018806361311,12,817,-0.7861862305709522,1257.0,honeybee,-0.4040897629557588,1257.0,0.1688020158440107,741.6166666666667,5,-0.7635405118303149,True
4027,4027,81712213700,honeybee,2.0,81702.0,1.0,3.6,49.3,8,-1.5295018806361311,12,817,-0.30648214258149775,1257.0,honeybee,0.0014340181310106524,1257.0,0.1688020158440107,741.6166666666667,4,-0.7635405118303149,True
4028,4028,81712253000,honeybee,4.0,81704.0,1.0,3.3,54.6,8,-1.4724221550484433,12,817,-0.7861862305709522,233.0,honeybee,0.05009687186142296,233.0,-0.6213926256635806,745.5,6,-0.05660752102503974,True
4029,4029,81712253000,honeybee,2.0,81702.0,1.0,4.3,57.3,8,-1.4724221550484433,12,817,-0.30648214258149775,233.0,honeybee,-0.27432215300799256,233.0,-0.6213926256635806,745.5,5,-0.05660752102503974,True
4030,4030,81712253000,honeybee,3.0,81703.0,1.0,4.3,66.1,8,-1.4724221550484433,12,817,0.17322194540795668,1490.0,honeybee,-0.48519451917311274,1490.0,0.34860216376517156,745.5,4,-0.05660752102503974,True
4031,4031,81712253000,honeybee,7.0,81707.0,1.0,6.1,78.5,8,-1.4724221550484433,12,817,0.6529260333974111,2899.0,honeybee,0.6502720678698419,2899.0,1.435891470292707,745.5,2,-0.05660752102503974,True
4032,4032,81712260600,honeybee,1.0,81701.0,1.0,12.0,162.9,8,-1.4636029699791009,12,817,-0.7861862305709522,2900.0,honeybee,-0.5338573729035251,2900.0,1.4366631447473044,746.1,4,-0.05660752102503974,True
4033,4033,81712260600,honeybee,2.0,81702.0,1.0,3.0,43.5,8,-1.4636029699791009,12,817,-0.30648214258149775,36.0,honeybee,-0.16077549430369714,36.0,-0.7734124932192401,746.1,6,-0.05660752102503974,True
4034,4034,81712260600,honeybee,3.0,81703.0,1.0,4.3,63.9,8,-1.4636029699791009,12,817,0.17322194540795668,36.0,honeybee,-0.16077549430369714,36.0,-0.7734124932192401,746.1,5,-0.05660752102503974,True
4035,4035,81712260600,honeybee,7.0,81707.0,1.0,5.0,66.9,8,-1.4636029699791009,12,817,0.6529260333974111,36.0,honeybee,0.13120162807877686,36.0,-0.7734124932192401,746.1,3,-0.05660752102503974,True
4036,4036,81712275200,honeybee,4.0,81704.0,1.0,0.8,21.9,8,-1.4376353694971487,12,817,-0.7861862305709522,142.0,honeybee,-0.3229850067384049,142.0,-0.691615001031931,747.8666666666667,7,-0.4100740164276773,False
4037,4037,81712275200,honeybee,2.0,81702.0,1.0,2.8,60.0,8,-1.4376353694971487,12,817,-0.30648214258149775,106.0,honeybee,-0.37164786046881726,106.0,-0.7193952813974323,747.8666666666667,7,-0.4100740164276773,True
4038,4038,81712275200,honeybee,0.0,81700.0,1.0,3.5,68.3,8,-1.4376353694971487,12,817,0.17322194540795668,1844.0,honeybee,0.0014340181310106524,1844.0,0.6217749206926007,747.8666666666667,4,-0.4100740164276773,True
4039,4039,81712460000,honeybee,4.0,81704.0,1.0,4.6,70.0,8,-1.1710999985125807,12,817,-0.7861862305709522,1088.0,honeybee,-0.7285087878251744,1088.0,0.038389033017074255,766.0,8,0.29685897437759784,True
4040,4040,81712460000,honeybee,2.0,81702.0,1.0,1.5,30.6,8,-1.1710999985125807,12,817,-0.30648214258149775,1088.0,honeybee,-0.4040897629557588,1088.0,0.038389033017074255,766.0,8,0.29685897437759784,False
4041,4041,81712460000,honeybee,3.0,81703.0,1.0,3.1,82.0,8,-1.1710999985125807,12,817,0.17322194540795668,1194.0,honeybee,-0.16077549430369714,1194.0,0.12018652520438346,766.0,6,0.29685897437759784,True
4043,4043,81712460000,honeybee,7.0,81707.0,1.0,3.8,68.4,8,-1.1710999985125807,12,817,1.1326301213868655,1194.0,honeybee,-0.04722883559940166,1194.0,0.12018652520438346,766.0,4,0.29685897437759784,True
4044,4044,81712492600,honeybee,1.0,81701.0,1.0,10.3,115.5,8,-1.1206346617268996,12,817,-0.7861862305709522,1400.0,honeybee,1.0882377514435528,1400.0,0.27915146285141845,769.4333333333333,5,1.3572584605855107,True
4045,4045,81712492600,honeybee,0.0,81700.0,1.0,7.3,84.8,8,-1.1206346617268996,12,817,-0.30648214258149775,1294.0,honeybee,-0.29054310425146335,1294.0,0.19735397066410923,769.4333333333333,5,1.3572584605855107,True
4046,4046,81712492600,honeybee,2.0,81702.0,1.0,7.1,59.1,8,-1.1206346617268996,12,817,0.17322194540795668,206.0,honeybee,-0.6149621291208789,206.0,-0.6422278359377065,769.4333333333333,9,1.3572584605855107,True
4047,4047,81712492600,honeybee,4.0,81704.0,1.0,5.6,81.7,8,-1.1206346617268996,12,817,0.6529260333974111,206.0,honeybee,-0.11211264057328484,206.0,-0.6422278359377065,769.4333333333333,9,1.3572584605855107,True
4048,4048,81712492600,honeybee,2.0,81702.0,2.0,0.5,22.5,8,-1.1206346617268996,12,817,1.1326301213868655,0.0,honeybee,0.29341114051348466,0.0,-0.8011927735847415,769.4333333333333,10,1.3572584605855107,False
4050,4050,81712492600,honeybee,3.0,81703.0,1.0,3.5,61.0,8,-1.1206346617268996,12,817,2.0920382973657743,206.0,honeybee,-0.3554269092253464,206.0,-0.6422278359377065,769.4333333333333,7,1.3572584605855107,True
4051,4051,81712492600,honeybee,7.0,81707.0,1.0,4.3,71.3,8,-1.1206346617268996,12,817,2.571742385355229,206.0,honeybee,-0.24188025052105103,206.0,-0.6422278359377065,769.4333333333333,5,1.3572584605855107,True
4052,4052,81712555100,honeybee,1.0,81701.0,1.0,2.5,27.7,8,-1.0263183769575441,12,817,-0.7861862305709522,385.0,honeybee,0.8124815803045498,385.0,-0.5040981085647974,775.85,6,-0.7635405118303149,True
4053,4053,81712555100,honeybee,3.0,81703.0,1.0,0.6,28.0,8,-1.0263183769575441,12,817,-0.30648214258149775,385.0,honeybee,-0.29054310425146335,385.0,-0.5040981085647974,775.85,8,-0.7635405118303149,False
4054,4054,81713061300,honeybee,7.0,81707.0,1.0,2.5,62.6,8,-0.8739424571483518,13,817,-0.7861862305709522,1007.0,honeybee,-0.16077549430369714,1007.0,-0.024116597805303477,786.2166666666667,6,-0.7635405118303149,True
4055,4055,81713061300,honeybee,4.0,81704.0,1.0,4.1,68.0,8,-0.8739424571483518,13,817,-0.30648214258149775,1007.0,honeybee,0.05009687186142296,1007.0,-0.024116597805303477,786.2166666666667,10,-0.7635405118303149,True
4056,4056,81713184500,honeybee,0.0,81700.0,1.0,2.8,65.3,8,-0.6897194801443123,13,817,-0.7861862305709522,1759.0,honeybee,0.3258530430004262,1759.0,0.5561825920518337,798.75,6,-1.1170070072329525,True
4058,4058,81713201700,honeybee,7.0,81707.0,1.0,8.1,271.9,8,-0.6671815627448819,13,817,-0.7861862305709522,844.0,honeybee,-0.4527526166861711,844.0,-0.14989953390465646,800.2833333333333,7,-1.1170070072329525,True
4059,4059,81713415200,honeybee,7.0,81707.0,1.0,5.5,114.2,8,-0.3499358776115956,13,817,-0.7861862305709522,1295.0,honeybee,0.45562065294819243,1295.0,0.19812564511870645,821.8666666666667,8,-0.05660752102503974,True
4060,4060,81713415200,honeybee,3.0,81703.0,1.0,5.3,63.2,8,-0.3499358776115956,13,817,-0.30648214258149775,2761.0,honeybee,-0.760950690312116,2761.0,1.3294003955582854,821.8666666666667,9,-0.05660752102503974,True
4061,4061,81713415200,honeybee,1.0,81701.0,1.0,7.8,133.7,8,-0.3499358776115956,13,817,0.17322194540795668,2761.0,honeybee,-0.4527526166861711,2761.0,1.3294003955582854,821.8666666666667,7,-0.05660752102503974,True
4062,4062,81713415200,honeybee,0.0,81700.0,1.0,2.8,54.0,8,-0.3499358776115956,13,817,0.6529260333974111,1387.0,honeybee,-0.4040897629557588,1387.0,0.26911969494165416,821.8666666666667,7,-0.05660752102503974,True
4063,4063,81713422600,honeybee,2.0,81702.0,1.0,6.5,92.5,8,-0.3416066472683279,13,817,-0.7861862305709522,3180.0,honeybee,-0.7771716415555867,3180.0,1.6527319920345362,822.4333333333333,11,-0.05660752102503974,True
4064,4064,81713422600,honeybee,4.0,81704.0,1.0,5.6,61.0,8,-0.3416066472683279,13,817,-0.30648214258149775,2173.0,honeybee,-0.19321739679063873,2173.0,0.8756558162550984,822.4333333333333,11,-0.05660752102503974,True
4065,4065,81713422600,honeybee,3.0,81703.0,1.0,2.6,42.3,8,-0.3416066472683279,13,817,0.17322194540795668,34.0,honeybee,0.0014340181310106524,34.0,-0.7749558421284347,822.4333333333333,10,-0.05660752102503974,True
4066,4066,81713422600,honeybee,7.0,81707.0,1.0,2.8,45.4,8,-0.3416066472683279,13,817,0.6529260333974111,34.0,honeybee,0.03387592061795224,34.0,-0.7749558421284347,822.4333333333333,9,-0.05660752102503974,True
4068,4068,81713441500,honeybee,2.0,81702.0,1.0,6.5,64.1,8,-0.31490411469726365,13,817,-0.30648214258149775,109.0,honeybee,0.19608543305266002,109.0,-0.7170802580336405,824.25,12,-0.05660752102503974,True
4069,4069,81713441500,honeybee,3.0,81703.0,1.0,2.5,66.7,8,-0.31490411469726365,13,817,0.17322194540795668,109.0,honeybee,-0.43653166544270033,109.0,-0.7170802580336405,824.25,11,-0.05660752102503974,True
4070,4070,81713441500,honeybee,7.0,81707.0,1.0,1.0,20.0,8,-0.31490411469726365,13,817,0.6529260333974111,109.0,honeybee,-0.4040897629557588,109.0,-0.7170802580336405,824.25,10,-0.05660752102503974,False
4071,4071,81713515600,honeybee,0.0,81700.0,1.0,2.3,43.4,8,-0.20196955033707445,13,817,-0.7861862305709522,604.0,honeybee,-0.4040897629557588,604.0,-0.3351014030079982,831.9333333333333,8,-0.7635405118303149,False
4072,4072,81713515600,honeybee,1.0,81701.0,1.0,4.0,101.0,8,-0.20196955033707445,13,817,-0.30648214258149775,604.0,honeybee,0.40695779921778014,604.0,-0.3351014030079982,831.9333333333333,8,-0.7635405118303149,True
4073,4073,81713521000,honeybee,7.0,81707.0,1.0,2.5,36.9,8,-0.19853986725455244,13,817,-0.7861862305709522,475.0,honeybee,-0.6960668853382328,475.0,-0.43464740765104426,832.1666666666666,11,-1.1170070072329525,True
4074,4074,81714010500,honeybee,0.0,81700.0,1.0,2.5,42.5,8,-0.06747697802960406,14,817,-0.7861862305709522,549.0,honeybee,-0.48519451917311274,549.0,-0.3775434980108473,841.0833333333334,9,-1.1170070072329525,True
4078,4078,81714242300,honeybee,7.0,81707.0,1.0,9.0,76.8,8,0.27500137549652276,14,817,-0.7861862305709522,1933.0,honeybee,-0.4527526166861711,1933.0,0.6904539471517567,864.3833333333333,12,-1.1170070072329525,True
4079,4079,81714243800,honeybee,4.0,81704.0,1.0,10.1,130.2,8,0.278676035942082,14,817,-0.7861862305709522,2532.0,honeybee,0.05009687186142296,2532.0,1.1526869454555138,864.6333333333333,12,0.6503254697802354,True
4080,4080,81714243800,honeybee,2.0,81702.0,1.0,9.0,83.3,8,0.278676035942082,14,817,-0.30648214258149775,2423.0,honeybee,0.19608543305266002,2423.0,1.0685744299044124,864.6333333333333,13,0.6503254697802354,True
4081,4081,81714243800,honeybee,3.0,81703.0,1.0,6.1,93.0,8,0.278676035942082,14,817,0.17322194540795668,2423.0,honeybee,-0.4527526166861711,2423.0,1.0685744299044124,864.6333333333333,12,0.6503254697802354,True
4082,4082,81714243800,honeybee,5.0,81705.0,1.0,0.3,33.4,8,0.278676035942082,14,817,0.6529260333974111,8629.0,moth,0.14742257932224773,8638.0,5.85758609513499,864.6333333333333,4,0.6503254697802354,False
4083,4083,81714243800,honeybee,2.0,81702.0,2.0,3.5,43.1,8,0.278676035942082,14,817,1.1326301213868655,0.0,honeybee,0.6016092141394295,0.0,-0.8011927735847415,864.6333333333333,14,0.6503254697802354,True
4084,4084,81714243800,honeybee,0.0,81700.0,1.0,0.8,17.9,8,0.278676035942082,14,817,1.61233420937632,1413.0,honeybee,-0.4527526166861711,1413.0,0.28918323076118285,864.6333333333333,10,0.6503254697802354,False
4085,4085,81714252500,honeybee,7.0,81707.0,1.0,2.1,38.5,8,0.29018997200483454,14,817,-0.7861862305709522,62.0,honeybee,0.6016092141394295,62.0,-0.7533489573997114,865.4166666666666,13,-1.1170070072329525,False
4089,4089,81714532300,honeybee,4.0,81704.0,1.0,6.1,79.4,8,0.7012619871814015,14,817,-0.7861862305709522,1725.0,honeybee,0.7800396778176081,1725.0,0.5299456605955271,893.3833333333333,13,-0.05660752102503974,True
4090,4090,81714532300,honeybee,2.0,81702.0,1.0,7.1,84.6,8,0.7012619871814015,14,817,-0.30648214258149775,1725.0,honeybee,-0.29054310425146335,1725.0,0.5299456605955271,893.3833333333333,15,-0.05660752102503974,True
4091,4091,81714532300,honeybee,3.0,81703.0,1.0,5.8,73.3,8,0.7012619871814015,14,817,0.17322194540795668,1725.0,honeybee,0.13120162807877686,1725.0,0.5299456605955271,893.3833333333333,13,-0.05660752102503974,True
4092,4092,81714532300,honeybee,7.0,81707.0,1.0,7.0,90.0,8,0.7012619871814015,14,817,0.6529260333974111,1678.0,honeybee,-0.5176364216600542,1678.0,0.4936769612294559,893.3833333333333,14,-0.05660752102503974,True
4094,4094,81715103400,honeybee,1.0,81701.0,1.0,9.8,115.3,8,0.9538336484728441,15,817,-0.30648214258149775,4718.0,honeybee,-0.20943834803410946,4718.0,2.839567303205118,910.5666666666667,9,-0.4100740164276773,True
4095,4095,81715103400,honeybee,0.0,81700.0,1.0,6.6,73.7,8,0.9538336484728441,15,817,0.17322194540795668,2756.0,honeybee,-0.7285087878251744,2756.0,1.325542023285299,910.5666666666667,11,-0.4100740164276773,True
4096,4096,81715113600,honeybee,7.0,81707.0,1.0,6.8,73.4,8,0.969022244981156,15,817,-0.7861862305709522,1093.0,honeybee,0.27719018927001393,1093.0,0.042247405290060484,911.6,15,-1.1170070072329525,True
4097,4097,81715130900,honeybee,4.0,81704.0,1.0,4.3,55.7,8,0.9918051397436236,15,817,-0.7861862305709522,1186.0,honeybee,0.13120162807877686,1186.0,0.11401312956760543,913.15,14,-0.05660752102503974,True
4098,4098,81715130900,honeybee,2.0,81702.0,1.0,6.0,61.4,8,0.9918051397436236,15,817,-0.30648214258149775,1186.0,honeybee,0.29341114051348466,1186.0,0.11401312956760543,913.15,16,-0.05660752102503974,True
4099,4099,81715130900,honeybee,3.0,81703.0,1.0,3.8,96.5,8,0.9918051397436236,15,817,0.17322194540795668,1186.0,honeybee,0.08253877434836455,1186.0,0.11401312956760543,913.15,14,-0.05660752102503974,True
4100,4100,81715130900,honeybee,7.0,81707.0,1.0,3.5,48.1,8,0.9918051397436236,15,817,0.6529260333974111,93.0,honeybee,0.24474828678307234,93.0,-0.7294270493071965,913.15,16,-0.05660752102503974,True
4103,4103,81715303800,honeybee,2.0,81702.0,1.0,7.1,84.2,8,1.2487863935697374,15,817,-0.7861862305709522,1049.0,honeybee,0.11498067683530613,1049.0,0.00829372928778129,930.6333333333333,17,-0.7635405118303149,True
4104,4104,81715303800,honeybee,1.0,81701.0,1.0,2.5,72.0,8,1.2487863935697374,15,817,-0.30648214258149775,1204.0,honeybee,0.7313768240871958,1204.0,0.1279032697503561,930.6333333333333,10,-0.7635405118303149,True
4105,4105,81715381800,honeybee,7.0,81707.0,1.0,6.3,75.6,8,1.3614759805668892,15,817,-0.7861862305709522,1509.0,honeybee,-0.29054310425146335,1509.0,0.36326397840251945,938.3,17,-0.05660752102503974,True
4106,4106,81715381800,honeybee,3.0,81703.0,1.0,5.5,57.9,8,1.3614759805668892,15,817,-0.30648214258149775,1509.0,honeybee,-0.24188025052105103,1509.0,0.36326397840251945,938.3,15,-0.05660752102503974,True
4107,4107,81715381800,honeybee,1.0,81701.0,1.0,6.6,60.3,8,1.3614759805668892,15,817,0.17322194540795668,460.0,honeybee,-0.4527526166861711,460.0,-0.44622252447000316,938.3,11,-0.05660752102503974,True
4108,4108,81715381800,honeybee,0.0,81700.0,1.0,6.3,95.1,8,1.3614759805668892,15,817,0.6529260333974111,1664.0,honeybee,0.21230638429613075,1664.0,0.48287351886509444,938.3,12,-0.05660752102503974,True
4109,4109,81715434100,honeybee,7.0,81707.0,1.0,4.0,41.0,8,1.440603668827933,15,817,-0.7861862305709522,323.0,honeybee,0.16364353056571845,323.0,-0.5519419247498274,943.6833333333333,18,-0.4100740164276773,True
4110,4110,81715434100,honeybee,3.0,81703.0,1.0,3.6,47.7,8,1.440603668827933,15,817,-0.30648214258149775,323.0,honeybee,0.03387592061795224,323.0,-0.5519419247498274,943.6833333333333,16,-0.4100740164276773,True
4111,4111,81715434100,honeybee,0.0,81700.0,1.0,0.9,31.8,8,1.440603668827933,15,817,0.17322194540795668,323.0,honeybee,0.16364353056571845,323.0,-0.5519419247498274,943.6833333333333,13,-0.4100740164276773,False
4113,4113,81715480700,honeybee,1.0,81701.0,1.0,8.3,93.8,8,1.505767647395851,15,817,-0.7861862305709522,589.0,honeybee,0.21230638429613075,589.0,-0.346676519826957,948.1166666666667,12,-0.05660752102503974,True
4114,4114,81715480700,honeybee,0.0,81700.0,1.0,1.0,30.6,8,1.505767647395851,15,817,-0.30648214258149775,266.0,honeybee,-0.7122878365817036,266.0,-0.595927368661871,948.1166666666667,14,-0.05660752102503974,False
4115,4115,81715480700,honeybee,2.0,81702.0,1.0,4.3,47.0,8,1.505767647395851,15,817,0.17322194540795668,1049.0,honeybee,0.29341114051348466,1049.0,0.00829372928778129,948.1166666666667,18,-0.05660752102503974,True
4116,4116,81715480700,honeybee,4.0,81704.0,1.0,8.0,93.5,8,1.505767647395851,15,817,0.6529260333974111,2098.0,honeybee,-0.16077549430369714,2098.0,0.817780232160304,948.1166666666667,15,-0.05660752102503974,True
4117,4117,81715483300,honeybee,7.0,81707.0,1.0,1.6,57.8,8,1.5121370588348206,15,817,-0.7861862305709522,292.0,honeybee,-0.20943834803410946,292.0,-0.5758638328423423,948.55,19,-1.1170070072329525,False
4118,4118,81715495900,honeybee,1.0,81701.0,1.0,4.3,62.4,8,1.5332051120560273,15,817,-0.7861862305709522,112.0,honeybee,0.48806255543513416,112.0,-0.7147652346698486,949.9833333333333,13,-1.1170070072329525,True
4119,4119,81715525700,honeybee,7.0,81707.0,1.0,2.8,37.8,8,1.5768110826766641,15,817,-0.7861862305709522,264.0,honeybee,-0.5987411778774081,264.0,-0.5974707175710656,952.95,20,-1.1170070072329525,True
4120,4120,81715563600,honeybee,0.0,81700.0,1.0,0.8,17.2,8,1.63046112518183,15,817,-0.7861862305709522,509.0,honeybee,-0.6960668853382328,509.0,-0.40841047619473764,956.6,15,-0.4100740164276773,False
4121,4121,81715563600,honeybee,1.0,81701.0,1.0,1.3,45.1,8,1.63046112518183,15,817,-0.30648214258149775,397.0,honeybee,-0.16077549430369714,397.0,-0.4948380151096304,956.6,14,-0.4100740164276773,False
4122,4122,81715563600,honeybee,7.0,81707.0,1.0,1.6,40.3,8,1.63046112518183,15,817,0.17322194540795668,219.0,honeybee,-0.4040897629557588,219.0,-0.6321960680279421,956.6,21,-0.4100740164276773,False
4123,4123,81716101800,honeybee,4.0,81704.0,1.0,6.6,66.7,8,1.8318325175984798,16,817,-0.7861862305709522,1331.0,honeybee,0.4393997017047217,1331.0,0.22590592548420776,970.3,16,0.29685897437759784,True
4124,4124,81716101800,honeybee,2.0,81702.0,1.0,5.1,69.5,8,1.8318325175984798,16,817,-0.30648214258149775,1331.0,honeybee,-0.16077549430369714,1331.0,0.22590592548420776,970.3,19,0.29685897437759784,True
4125,4125,81716101800,honeybee,3.0,81703.0,1.0,2.2,23.2,8,1.8318325175984798,16,817,0.17322194540795668,1597.0,honeybee,-0.27432215300799256,1597.0,0.43117133040707817,970.3,17,0.29685897437759784,False
4126,4126,81716101800,honeybee,1.0,81701.0,1.0,3.2,76.3,8,1.8318325175984798,16,817,0.6529260333974111,822.0,honeybee,-0.6474040316078206,822.0,-0.16687637190579616,970.3,15,0.29685897437759784,True
4127,4127,81716101800,honeybee,0.0,81700.0,1.0,2.6,30.0,8,1.8318325175984798,16,817,1.1326301213868655,822.0,honeybee,-0.7285087878251744,822.0,-0.16687637190579616,970.3,16,0.29685897437759784,True
4128,4128,81716103500,honeybee,1.0,81701.0,1.0,1.2,21.5,8,1.8359971327701137,16,817,-0.7861862305709522,17.0,honeybee,-0.33920595798187564,17.0,-0.788074307856588,970.5833333333334,16,-1.1170070072329525,False
4135,4135,90912263200,honeybee,3.0,90903.0,2.0,0.3,14.5,9,-1.4572335585401315,12,909,0.6529260333974111,0.0,honeybee,0.5205044579220757,0.0,-0.8011927735847415,746.5333333333333,2,-0.05660752102503974,False
4137,4137,90912440700,honeybee,5.0,90905.0,1.0,14.5,142.5,9,-1.198782440535794,12,909,-0.7861862305709522,1096.0,honeybee,-0.07967073808634324,1096.0,0.044562428653852286,764.1166666666667,2,-0.4100740164276773,True
4138,4138,90912440700,honeybee,3.0,90903.0,1.0,18.5,183.6,9,-1.198782440535794,12,909,-0.30648214258149775,1055.0,honeybee,-0.8096135440425283,1055.0,0.012923776015364733,764.1166666666667,3,-0.4100740164276773,True
4142,4142,90912460400,honeybee,3.0,90903.0,1.0,5.6,60.9,9,-1.1701200890604315,12,909,-0.7861862305709522,117.0,honeybee,2.1425995822691535,117.0,-0.7109068623968624,766.0666666666667,4,-1.1170070072329525,True
4143,4143,90912503600,honeybee,5.0,90905.0,1.0,0.8,13.5,9,-1.1034862463142896,12,909,-0.7861862305709522,389.0,honeybee,1.4937615325303222,389.0,-0.5010114107464084,770.6,3,-0.7635405118303149,False
4144,4144,90912503600,honeybee,1.0,90901.0,1.0,2.5,36.8,9,-1.1034862463142896,12,909,-0.30648214258149775,389.0,honeybee,10.772145643795609,389.0,-0.5010114107464084,770.6,3,-0.7635405118303149,True
4145,4145,90912510800,honeybee,3.0,90903.0,1.0,2.6,46.1,9,-1.0956469706970964,12,909,-0.7861862305709522,304.0,honeybee,0.05009687186142296,304.0,-0.5666037393871753,771.1333333333333,5,-0.7635405118303149,True
4146,4146,90912510800,honeybee,5.0,90905.0,1.0,0.5,39.7,9,-1.0956469706970964,12,909,-0.30648214258149775,32.0,honeybee,-0.7285087878251744,32.0,-0.7764991910376292,771.1333333333333,4,-0.7635405118303149,False
4147,4147,90912533600,honeybee,1.0,90901.0,1.0,1.6,24.0,9,-1.059390320967578,12,909,-0.7861862305709522,180.0,honeybee,-0.4527526166861711,180.0,-0.6622913717572352,773.6,4,-1.1170070072329525,False
4148,4148,90913113800,honeybee,5.0,90905.0,1.0,1.3,23.8,9,-0.7943248141612337,13,909,-0.7861862305709522,1230.0,honeybee,-0.7771716415555867,1230.0,0.14796680556988479,791.6333333333333,5,-1.1170070072329525,False
4150,4150,90913253000,honeybee,3.0,90903.0,1.0,6.0,87.7,9,-0.5905036481142112,13,909,-0.30648214258149775,2062.0,honeybee,-0.43653166544270033,2062.0,0.7899999517948028,805.5,6,-0.4100740164276773,True
4151,4151,90913253000,honeybee,5.0,90905.0,1.0,4.6,54.5,9,-0.5905036481142112,13,909,0.17322194540795668,832.0,honeybee,-0.6474040316078206,832.0,-0.15915962735982353,805.5,6,-0.4100740164276773,True
4154,4154,90913362600,honeybee,3.0,90903.0,1.0,5.3,85.0,9,-0.42979849796175107,13,909,-0.30648214258149775,656.0,honeybee,0.11498067683530613,656.0,-0.2949743313689408,816.4333333333333,7,-0.4100740164276773,True
4155,4155,90913362600,honeybee,1.0,90901.0,1.0,9.0,118.3,9,-0.42979849796175107,13,909,0.17322194540795668,2570.0,honeybee,-0.5987411778774081,2570.0,1.1820105747302094,816.4333333333333,5,-0.4100740164276773,True
4157,4157,90913434800,honeybee,0.0,90900.0,1.0,9.0,99.2,9,-0.32151850349927036,13,909,-0.7861862305709522,4473.0,honeybee,-0.5987411778774081,4473.0,2.65050706182879,823.8,2,-1.1170070072329525,True
4158,4158,90913435500,honeybee,1.0,90901.0,1.0,1.5,30.5,9,-0.31980366195800936,13,909,-0.7861862305709522,449.0,honeybee,0.6016092141394295,449.0,-0.454710943470573,823.9166666666666,6,-0.7635405118303149,False
4159,4159,90913435500,honeybee,3.0,90903.0,1.0,0.6,19.9,9,-0.31980366195800936,13,909,-0.30648214258149775,449.0,honeybee,0.0014340181310106524,449.0,-0.454710943470573,823.9166666666666,8,-0.7635405118303149,False
4161,4161,90913460200,honeybee,1.0,90901.0,1.0,4.0,40.6,9,-0.28869153685227394,13,909,-0.7861862305709522,127.0,honeybee,-0.6149621291208789,127.0,-0.7031901178508898,826.0333333333333,7,-0.4100740164276773,True
4162,4162,90913460200,honeybee,3.0,90903.0,1.0,5.3,49.5,9,-0.28869153685227394,13,909,-0.30648214258149775,127.0,honeybee,-0.760950690312116,127.0,-0.7031901178508898,826.0333333333333,9,-0.4100740164276773,True
4163,4163,90913460200,honeybee,5.0,90905.0,1.0,5.3,54.2,9,-0.28869153685227394,13,909,0.17322194540795668,1232.0,honeybee,-0.11211264057328484,1232.0,0.14951015447907937,826.0333333333333,7,-0.4100740164276773,True
4170,4170,90913461700,honeybee,2.0,90902.0,2.0,3.6,43.7,9,-0.28501687640671464,13,909,1.61233420937632,591.0,honeybee,-0.7285087878251744,591.0,-0.3451331709177625,826.2833333333333,2,0.6503254697802354,True
4171,4171,90913484400,honeybee,0.0,90900.0,1.0,3.4,70.1,9,-0.24900520404023352,13,909,-0.7861862305709522,296.0,honeybee,0.6016092141394295,296.0,-0.5727771350239533,828.7333333333333,3,-1.1170070072329525,True
4173,4173,90913484900,honeybee,5.0,90905.0,1.0,3.0,58.9,9,-0.24778031722504706,13,909,-0.30648214258149775,167.0,honeybee,0.0014340181310106524,167.0,-0.6723231396669995,828.8166666666667,8,-0.7635405118303149,True
4174,4174,90913485000,honeybee,5.0,90905.0,1.0,2.0,62.2,9,-0.2475353398620098,13,909,-0.7861862305709522,1.0,honeybee,-0.37164786046881726,1.0,-0.8004210991301443,828.8333333333334,9,-1.1170070072329525,False
4175,4175,90913571200,honeybee,1.0,90901.0,1.0,8.1,80.0,9,-0.12455670361729186,13,909,-0.7861862305709522,670.0,honeybee,-0.20943834803410946,670.0,-0.2841708890045792,837.2,8,-0.4100740164276773,True
4176,4176,90913571200,honeybee,3.0,90903.0,1.0,9.3,84.7,9,-0.12455670361729186,13,909,-0.30648214258149775,670.0,honeybee,0.0014340181310106524,670.0,-0.2841708890045792,837.2,10,-0.4100740164276773,True
4177,4177,90913571200,honeybee,5.0,90905.0,1.0,1.1,29.8,9,-0.12455670361729186,13,909,0.17322194540795668,502.0,honeybee,-0.5338573729035251,502.0,-0.4138121973769184,837.2,10,-0.4100740164276773,False
4179,4179,90914022300,honeybee,1.0,90901.0,1.0,2.3,58.1,9,-0.0483687437126957,14,909,-0.7861862305709522,311.0,honeybee,0.45562065294819243,311.0,-0.5612020182049945,842.3833333333333,9,-0.7635405118303149,False
4180,4180,90914022300,honeybee,0.0,90900.0,1.0,3.7,43.0,9,-0.0483687437126957,14,909,-0.30648214258149775,819.0,honeybee,-0.30676405549493413,819.0,-0.16919139526958787,842.3833333333333,4,-0.7635405118303149,True
4181,4181,90914025700,honeybee,3.0,90903.0,1.0,2.0,34.6,9,-0.04003951336942795,14,909,-0.7861862305709522,345.0,honeybee,0.6502720678698419,345.0,-0.5349650867486878,842.95,11,-0.7635405118303149,False
4182,4182,90914025700,honeybee,5.0,90905.0,1.0,0.8,25.4,9,-0.04003951336942795,14,909,-0.30648214258149775,345.0,honeybee,-0.6798459340947619,345.0,-0.5349650867486878,842.95,11,-0.7635405118303149,False
4184,4184,90914074900,honeybee,5.0,90905.0,1.0,2.3,55.1,9,0.03149387663745976,14,909,-0.7861862305709522,292.0,honeybee,-0.7285087878251744,292.0,-0.5758638328423423,847.8166666666667,12,-0.7635405118303149,False
4185,4185,90914074900,honeybee,1.0,90901.0,1.0,3.3,49.8,9,0.03149387663745976,14,909,-0.30648214258149775,326.0,honeybee,-0.48519451917311274,326.0,-0.5496269013860356,847.8166666666667,10,-0.7635405118303149,True
4187,4187,90914080500,honeybee,3.0,90903.0,1.0,5.8,65.7,9,0.035413514446056345,14,909,-0.30648214258149775,308.0,honeybee,-0.5338573729035251,308.0,-0.5635170415687863,848.0833333333334,12,-0.7635405118303149,True
4188,4188,90914131900,honeybee,1.0,90901.0,1.0,2.6,67.9,9,0.11233640643976438,14,909,-0.7861862305709522,330.0,honeybee,-0.3229850067384049,330.0,-0.5465402035676467,853.3166666666667,11,-0.7635405118303149,True
4189,4189,90914131900,honeybee,0.0,90900.0,1.0,1.7,41.4,9,0.11233640643976438,14,909,-0.30648214258149775,656.0,honeybee,-0.2581012017645218,656.0,-0.2949743313689408,853.3166666666667,5,-0.7635405118303149,False
4191,4191,90914145300,honeybee,1.0,90901.0,1.0,7.1,68.2,9,0.1353642785652693,14,909,-0.7861862305709522,94.0,honeybee,-0.43653166544270033,94.0,-0.7286553748525993,854.8833333333333,12,1.003791965182873,True
4192,4192,90914145300,honeybee,3.0,90903.0,1.0,6.8,55.8,9,0.1353642785652693,14,909,-0.30648214258149775,408.0,honeybee,0.08253877434836455,408.0,-0.48634959610906053,854.8833333333333,13,1.003791965182873,True
4193,4193,90914145300,honeybee,5.0,90905.0,1.0,8.3,117.7,9,0.1353642785652693,14,909,0.17322194540795668,424.0,honeybee,-0.48519451917311274,424.0,-0.47400280483550444,854.8833333333333,13,1.003791965182873,True
4194,4194,90914145300,honeybee,6.0,90906.0,1.0,1.9,30.8,9,0.1353642785652693,14,909,0.6529260333974111,55.0,honeybee,0.48806255543513416,55.0,-0.7587506785818923,854.8833333333333,2,1.003791965182873,False
4195,4195,90914145300,honeybee,3.0,90903.0,2.0,1.6,38.9,9,0.1353642785652693,14,909,1.1326301213868655,0.0,honeybee,0.24474828678307234,0.0,-0.8011927735847415,854.8833333333333,14,1.003791965182873,False
4196,4196,90914145300,honeybee,1.0,90901.0,2.0,0.3,22.1,9,0.1353642785652693,14,909,1.61233420937632,0.0,honeybee,0.29341114051348466,0.0,-0.8011927735847415,854.8833333333333,13,1.003791965182873,False
4197,4197,90914145300,honeybee,0.0,90900.0,1.0,3.4,36.2,9,0.1353642785652693,14,909,2.0920382973657743,94.0,honeybee,-0.5825202266339373,94.0,-0.7286553748525993,854.8833333333333,6,1.003791965182873,True
4200,4200,90914321800,honeybee,4.0,90904.0,1.0,14.3,127.2,9,0.39136562293923394,14,909,-0.30648214258149775,2609.0,honeybee,-0.5338573729035251,2609.0,1.2121058784595025,872.3,2,-0.7635405118303149,True
4201,4201,90914323100,honeybee,1.0,90901.0,1.0,8.0,70.4,9,0.39455032865871864,14,909,-0.7861862305709522,1058.0,honeybee,-0.8096135440425283,1058.0,0.015238799379156539,872.5166666666667,14,0.29685897437759784,True
4202,4202,90914323100,honeybee,3.0,90903.0,1.0,8.5,105.5,9,0.39455032865871864,14,909,-0.30648214258149775,1058.0,honeybee,-0.5987411778774081,1058.0,0.015238799379156539,872.5166666666667,15,0.29685897437759784,True
4203,4203,90914323100,honeybee,1.0,90901.0,2.0,0.8,15.0,9,0.39455032865871864,14,909,0.17322194540795668,0.0,honeybee,0.4393997017047217,0.0,-0.8011927735847415,872.5166666666667,15,0.29685897437759784,False
4204,4204,90914323100,honeybee,3.0,90903.0,2.0,0.8,46.1,9,0.39455032865871864,14,909,0.6529260333974111,0.0,honeybee,0.5205044579220757,0.0,-0.8011927735847415,872.5166666666667,16,0.29685897437759784,False
4205,4205,90914323100,honeybee,5.0,90905.0,1.0,9.1,114.3,9,0.39455032865871864,14,909,1.1326301213868655,1058.0,honeybee,0.48806255543513416,1058.0,0.015238799379156539,872.5166666666667,14,0.29685897437759784,True
4207,4207,90914440000,honeybee,1.0,90901.0,1.0,3.6,71.8,9,0.5633397317914092,14,909,-0.7861862305709522,689.0,honeybee,-0.7285087878251744,689.0,-0.26950907436723137,884.0,16,-1.1170070072329525,True
4208,4208,90914474600,honeybee,0.0,90900.0,1.0,6.5,76.5,9,0.618704615837836,14,909,-0.7861862305709522,1973.0,honeybee,-0.30676405549493413,1973.0,0.7213209253356468,887.7666666666667,7,-1.1170070072329525,True
4210,4210,90914475600,honeybee,3.0,90903.0,1.0,4.1,87.4,9,0.6211543894682089,14,909,-0.30648214258149775,925.0,honeybee,-0.7285087878251744,925.0,-0.08739390308227866,887.9333333333333,17,-0.05660752102503974,True
4211,4211,90914475600,honeybee,1.0,90901.0,1.0,3.1,63.6,9,0.6211543894682089,14,909,0.17322194540795668,236.0,honeybee,-0.27432215300799256,236.0,-0.6190776022997888,887.9333333333333,17,-0.05660752102503974,True
4212,4212,90914475600,honeybee,5.0,90905.0,1.0,0.3,23.5,9,0.6211543894682089,14,909,0.6529260333974111,925.0,honeybee,0.6178301653829003,925.0,-0.08739390308227866,887.9333333333333,15,-0.05660752102503974,False
4213,4213,90914503500,honeybee,6.0,90906.0,1.0,6.1,89.9,9,0.6601057901911375,14,909,-0.7861862305709522,2142.0,honeybee,-0.5500783241469959,2142.0,0.8517339081625834,890.5833333333334,3,-0.05660752102503974,True
4214,4214,90914503500,honeybee,5.0,90905.0,1.0,5.1,47.5,9,0.6601057901911375,14,909,-0.30648214258149775,159.0,honeybee,-0.8096135440425283,159.0,-0.6784965353037776,890.5833333333334,16,-0.05660752102503974,True
4215,4215,90914503500,honeybee,3.0,90903.0,1.0,4.5,68.5,9,0.6601057901911375,14,909,0.17322194540795668,159.0,honeybee,-0.19321739679063873,159.0,-0.6784965353037776,890.5833333333334,18,-0.05660752102503974,True
4216,4216,90914503500,honeybee,1.0,90901.0,1.0,0.4,33.7,9,0.6601057901911375,14,909,0.6529260333974111,159.0,honeybee,-0.3554269092253464,159.0,-0.6784965353037776,890.5833333333334,18,-0.05660752102503974,False
4217,4217,90915051200,honeybee,6.0,90906.0,1.0,7.5,90.4,9,0.8749509375748379,15,909,-0.7861862305709522,877.0,honeybee,0.13120162807877686,877.0,-0.12443427690294696,905.2,4,-1.1170070072329525,True
4218,4218,90915080300,honeybee,3.0,90903.0,1.0,4.7,38.8,9,0.9168420666542139,15,909,-0.7861862305709522,1048.0,honeybee,-0.12833359181675555,1048.0,0.007522054833183912,908.05,19,-1.1170070072329525,True
4219,4219,90915080800,honeybee,3.0,90903.0,1.0,3.1,45.9,9,0.9180669534694004,15,909,-0.7861862305709522,5.0,honeybee,-0.09589168932981397,5.0,-0.7973344013117553,908.1333333333333,20,-0.05660752102503974,True
4220,4220,90915080800,honeybee,1.0,90901.0,1.0,5.3,67.0,9,0.9180669534694004,15,909,-0.30648214258149775,1053.0,honeybee,-0.7933925927990575,1053.0,0.011380427106170307,908.1333333333333,19,-0.05660752102503974,True
4221,4221,90915080800,honeybee,3.0,90903.0,2.0,1.1,47.9,9,0.9180669534694004,15,909,0.17322194540795668,0.0,honeybee,-0.3554269092253464,0.0,-0.8011927735847415,908.1333333333333,21,-0.05660752102503974,False
4222,4222,90915080800,honeybee,5.0,90905.0,1.0,6.1,86.9,9,0.9180669534694004,15,909,0.6529260333974111,1053.0,honeybee,-0.031007884355930933,1053.0,0.011380427106170307,908.1333333333333,17,-0.05660752102503974,True
4223,4223,90915134600,honeybee,5.0,90905.0,1.0,3.5,54.6,9,1.0008693021760031,15,909,-0.7861862305709522,338.0,honeybee,0.13120162807877686,338.0,-0.5403668079308686,913.7666666666667,18,-0.7635405118303149,True
4224,4224,90915134600,honeybee,3.0,90903.0,1.0,4.1,51.6,9,1.0008693021760031,15,909,-0.30648214258149775,338.0,honeybee,-0.6798459340947619,338.0,-0.5403668079308686,913.7666666666667,22,-0.7635405118303149,True
4226,4226,90915141500,honeybee,1.0,90901.0,1.0,2.0,65.7,9,1.0079736457040844,15,909,-0.7861862305709522,367.0,honeybee,0.0014340181310106524,367.0,-0.5179882487475481,914.25,20,-0.4100740164276773,False
4228,4228,90915141500,honeybee,5.0,90905.0,1.0,4.5,58.6,9,1.0079736457040844,15,909,0.17322194540795668,29.0,honeybee,-0.29054310425146335,29.0,-0.778814214401421,914.25,19,-0.4100740164276773,True
4230,4230,90915234000,honeybee,5.0,90905.0,1.0,0.3,12.9,9,1.1463858558201516,15,909,-0.7861862305709522,565.0,honeybee,-0.12833359181675555,565.0,-0.3651967067372912,923.6666666666666,20,-1.1170070072329525,False
4232,4232,90915270400,honeybee,4.0,90904.0,1.0,10.6,164.8,9,1.196361237879758,15,909,-0.30648214258149775,3286.0,honeybee,1.4613196300433808,3286.0,1.7345294842218455,927.0666666666667,3,-0.4100740164276773,True
4233,4233,90915270400,honeybee,5.0,90905.0,1.0,8.3,99.7,9,1.196361237879758,15,909,0.17322194540795668,204.0,honeybee,-0.8096135440425283,204.0,-0.643771184846901,927.0666666666667,21,-0.4100740164276773,True
4235,4235,90915304000,honeybee,4.0,90904.0,1.0,5.1,53.1,9,1.249276348295812,15,909,-0.30648214258149775,216.0,honeybee,0.8611444340349619,216.0,-0.634511091391734,930.6666666666666,4,0.29685897437759784,True
4236,4236,90915304000,honeybee,6.0,90906.0,1.0,8.1,101.2,9,1.249276348295812,15,909,0.17322194540795668,1528.0,honeybee,0.35829494548736784,1528.0,0.37792579303986734,930.6666666666666,5,0.29685897437759784,True
4237,4237,90915304000,honeybee,3.0,90903.0,1.0,9.0,84.6,9,1.249276348295812,15,909,0.6529260333974111,1014.0,honeybee,-0.19321739679063873,1014.0,-0.01871487662312282,930.6666666666666,23,0.29685897437759784,True
4238,4238,90915304000,honeybee,1.0,90901.0,1.0,2.0,47.0,9,1.249276348295812,15,909,1.1326301213868655,985.0,honeybee,-0.5338573729035251,985.0,-0.04109343580644315,930.6666666666666,21,0.29685897437759784,False
4239,4239,90915310500,honeybee,1.0,90901.0,1.0,8.1,81.5,9,1.2554007823717441,15,909,-0.7861862305709522,25.0,honeybee,-0.5338573729035251,25.0,-0.78190091221981,931.0833333333334,22,-1.1170070072329525,True
4240,4240,90915393600,honeybee,0.0,90900.0,1.0,4.4,41.8,9,1.3805842148837977,15,909,-0.7861862305709522,3110.0,honeybee,0.19608543305266002,3110.0,1.5987147802127282,939.6,8,-0.05660752102503974,True
4241,4241,90915393600,honeybee,1.0,90901.0,1.0,8.3,79.0,9,1.3805842148837977,15,909,-0.30648214258149775,511.0,honeybee,0.45562065294819243,511.0,-0.40686712728554303,939.6,23,-0.05660752102503974,True
4242,4242,90915393600,honeybee,3.0,90903.0,1.0,6.8,72.1,9,1.3805842148837977,15,909,0.17322194540795668,536.0,honeybee,0.6016092141394295,536.0,-0.38757526592061164,939.6,24,-0.05660752102503974,True
4243,4243,90915393600,honeybee,6.0,90906.0,1.0,4.8,76.8,9,1.3805842148837977,15,909,0.6529260333974111,536.0,honeybee,0.45562065294819243,536.0,-0.38757526592061164,939.6,6,-0.05660752102503974,True
4245,4245,90915522000,honeybee,3.0,90903.0,1.0,5.5,48.0,9,1.5677469202442846,15,909,-0.30648214258149775,764.0,honeybee,0.24474828678307234,764.0,-0.21163349027243708,952.3333333333334,25,-0.4100740164276773,True
4246,4246,90915522000,honeybee,6.0,90906.0,1.0,5.8,153.7,9,1.5677469202442846,15,909,0.17322194540795668,764.0,honeybee,-0.07967073808634324,764.0,-0.21163349027243708,952.3333333333334,7,-0.4100740164276773,True
4252,4252,91012090500,honeybee,1.0,91001.0,1.0,1.3,38.7,9,-1.7137248576401707,12,910,-0.7861862305709522,55.0,honeybee,0.29341114051348466,55.0,-0.7587506785818923,729.0833333333334,2,2.0641914513907857,False
4255,4255,91012090500,honeybee,0.0,91000.0,2.0,17.1,124.4,9,-1.7137248576401707,12,910,0.6529260333974111,0.0,honeybee,5.548999343398018,0.0,-0.8011927735847415,729.0833333333334,2,2.0641914513907857,True
4258,4258,91012090500,honeybee,2.0,91002.0,2.0,9.6,84.5,9,-1.7137248576401707,12,910,2.0920382973657743,0.0,honeybee,3.797136609103173,0.0,-0.8011927735847415,729.0833333333334,3,2.0641914513907857,True
4259,4259,91012090500,honeybee,3.0,91003.0,2.0,0.3,2.1,9,-1.7137248576401707,12,910,2.571742385355229,0.0,honeybee,3.910683267807468,0.0,-0.8011927735847415,729.0833333333334,2,2.0641914513907857,False
4261,4261,91012090500,honeybee,3.0,91003.0,3.0,2.5,58.2,9,-1.7137248576401707,12,910,3.5311505613341376,0.0,honeybee,-0.8096135440425283,0.0,-0.8011927735847415,729.0833333333334,3,2.0641914513907857,True
4265,4265,91012113800,honeybee,8.0,91008.0,1.0,0.7,79.3,9,-1.6762433210954657,12,910,-0.30648214258149775,11.0,honeybee,0.8449234827914912,11.0,-0.7927043545841717,731.6333333333333,2,1.3572584605855107,False
4268,4268,91012113800,honeybee,5.0,91005.0,1.0,6.6,110.4,9,-1.6762433210954657,12,910,1.1326301213868655,1373.0,honeybee,1.4613196300433808,1373.0,0.2583162525772925,731.6333333333333,2,1.3572584605855107,True
4270,4270,91012113800,honeybee,7.0,91007.0,1.0,6.6,102.9,9,-1.6762433210954657,12,910,2.0920382973657743,1373.0,honeybee,-0.6960668853382328,1373.0,0.2583162525772925,731.6333333333333,2,1.3572584605855107,True
4271,4271,91012113800,honeybee,5.0,91005.0,2.0,0.9,24.6,9,-1.6762433210954657,12,910,2.571742385355229,0.0,honeybee,0.21230638429613075,0.0,-0.8011927735847415,731.6333333333333,3,1.3572584605855107,False
4272,4272,91012122400,honeybee,2.0,91002.0,1.0,4.8,47.9,9,-1.6649743623957507,12,910,-0.7861862305709522,199.0,honeybee,0.6989349216002542,199.0,-0.6476295571198873,732.4,4,-0.4100740164276773,True
4274,4274,91012122400,honeybee,6.0,91006.0,1.0,7.3,86.9,9,-1.6649743623957507,12,910,0.17322194540795668,46.0,honeybee,0.8449234827914912,46.0,-0.7656957486732677,732.4,2,-0.4100740164276773,True
4276,4276,91012123400,honeybee,3.0,91003.0,1.0,0.4,25.9,9,-1.6625245887653777,12,910,-0.7861862305709522,209.0,honeybee,-0.4527526166861711,209.0,-0.6399128125739146,732.5666666666667,4,-1.1170070072329525,False
4278,4278,91012132400,honeybee,6.0,91006.0,1.0,1.0,43.9,9,-1.6502757206135135,12,910,-0.7861862305709522,60.0,honeybee,0.3258530430004262,60.0,-0.754892306308906,733.4,3,-0.4100740164276773,False
4281,4281,91012144600,honeybee,8.0,91008.0,1.0,3.8,51.4,9,-1.6301875768444558,12,910,-0.7861862305709522,82.0,honeybee,7.690164907536161,82.0,-0.7379154683077663,734.7666666666667,4,-1.1170070072329525,True
4283,4283,91012384100,honeybee,1.0,91001.0,1.0,0.3,45.8,9,-1.2786450608859494,12,910,-0.7861862305709522,1776.0,honeybee,2.840100485738397,1776.0,0.5693010577799872,758.6833333333333,4,0.6503254697802354,False
4284,4284,91012384100,honeybee,0.0,91000.0,1.0,5.5,62.7,9,-1.2786450608859494,12,910,-0.30648214258149775,1776.0,honeybee,1.9155062648605627,1776.0,0.5693010577799872,758.6833333333333,3,0.6503254697802354,True
4285,4285,91012384100,honeybee,2.0,91002.0,1.0,0.6,25.2,9,-1.2786450608859494,12,910,0.17322194540795668,1577.0,honeybee,-0.07967073808634324,1577.0,0.4157378413151331,758.6833333333333,5,0.6503254697802354,False
4286,4286,91012384100,honeybee,4.0,91004.0,1.0,7.1,62.4,9,-1.2786450608859494,12,910,0.6529260333974111,1623.0,honeybee,0.6016092141394295,1623.0,0.45123486622660686,758.6833333333333,2,0.6503254697802354,True
4287,4287,91012384100,honeybee,3.0,91003.0,1.0,7.6,99.8,9,-1.2786450608859494,12,910,1.1326301213868655,1567.0,honeybee,-0.7933925927990575,1567.0,0.40802109676916043,758.6833333333333,5,0.6503254697802354,True
4288,4288,91012384100,honeybee,9.0,91009.0,1.0,3.7,36.6,9,-1.2786450608859494,12,910,1.61233420937632,1623.0,honeybee,-0.8096135440425283,1623.0,0.45123486622660686,758.6833333333333,2,0.6503254697802354,True
4289,4289,91012391400,honeybee,8.0,91008.0,1.0,14.3,289.0,9,-1.2705608079057191,12,910,-0.7861862305709522,1468.0,honeybee,-0.24188025052105103,1468.0,0.3316253257640319,759.2333333333333,5,-1.1170070072329525,True
4291,4291,91012452900,honeybee,8.0,91008.0,1.0,6.0,89.5,9,-1.1786942967667364,12,910,-0.7861862305709522,375.0,honeybee,1.4613196300433808,375.0,-0.51181485311077,765.4833333333333,6,-0.7635405118303149,True
4292,4292,91012452900,honeybee,7.0,91007.0,1.0,0.8,23.6,9,-1.1786942967667364,12,910,-0.30648214258149775,1985.0,honeybee,4.4946375125724165,1985.0,0.730581018790814,765.4833333333333,4,-0.7635405118303149,False
4293,4293,91012481900,honeybee,8.0,91008.0,1.0,1.8,36.8,9,-1.1370481450503978,12,910,-0.7861862305709522,170.0,honeybee,0.11498067683530613,170.0,-0.6700081163032078,768.3166666666667,7,-1.1170070072329525,False
4295,4295,91012583700,honeybee,2.0,91002.0,1.0,7.0,67.3,9,-0.9856521346933546,12,910,-0.7861862305709522,1196.0,honeybee,-0.760950690312116,1196.0,0.12172987411357805,778.6166666666667,6,-0.05660752102503974,True
4296,4296,91012583700,honeybee,3.0,91003.0,1.0,8.8,125.0,9,-0.9856521346933546,12,910,-0.30648214258149775,1196.0,honeybee,0.37451589673083857,1196.0,0.12172987411357805,778.6166666666667,6,-0.05660752102503974,True
4297,4297,91012583700,honeybee,9.0,91009.0,1.0,2.9,37.9,9,-0.9856521346933546,12,910,0.17322194540795668,1196.0,honeybee,-0.2581012017645218,1196.0,0.12172987411357805,778.6166666666667,3,-0.05660752102503974,True
4298,4298,91012583700,honeybee,8.0,91008.0,1.0,1.0,160.1,9,-0.9856521346933546,12,910,0.6529260333974111,618.0,honeybee,-0.5662992753904666,618.0,-0.32429796064363653,778.6166666666667,8,-0.05660752102503974,False
4299,4299,91012585400,honeybee,8.0,91008.0,1.0,5.7,95.0,9,-0.9814875195217208,12,910,-0.7861862305709522,17.0,honeybee,-0.6960668853382328,17.0,-0.788074307856588,778.9,9,-1.1170070072329525,True
4300,4300,91013031500,honeybee,8.0,91008.0,1.0,1.2,34.1,9,-0.9175484277689889,13,910,-0.7861862305709522,261.0,honeybee,0.06631782310489383,261.0,-0.5997857409348574,783.25,10,-1.1170070072329525,False
4301,4301,91013215200,honeybee,0.0,91000.0,1.0,5.8,77.5,9,-0.6439087132563397,13,910,-0.7861862305709522,2591.0,honeybee,0.03387592061795224,2591.0,1.1982157382767515,801.8666666666667,4,0.29685897437759784,True
4302,4302,91013215200,honeybee,1.0,91001.0,1.0,8.8,77.7,9,-0.6439087132563397,13,910,-0.30648214258149775,2591.0,honeybee,-0.8096135440425283,2591.0,1.1982157382767515,801.8666666666667,5,0.29685897437759784,True
4303,4303,91013215200,honeybee,3.0,91003.0,1.0,8.5,117.8,9,-0.6439087132563397,13,910,0.17322194540795668,1395.0,honeybee,0.569167311652488,1395.0,0.2752930905784322,801.8666666666667,7,0.29685897437759784,True
4304,4304,91013215200,honeybee,4.0,91004.0,1.0,8.1,84.9,9,-0.6439087132563397,13,910,0.6529260333974111,2591.0,honeybee,0.29341114051348466,2591.0,1.1982157382767515,801.8666666666667,3,0.29685897437759784,True
4305,4305,91013215200,honeybee,5.0,91005.0,1.0,11.5,121.2,9,-0.6439087132563397,13,910,1.1326301213868655,4214.0,honeybee,-0.7122878365817036,4214.0,2.4506433780881003,801.8666666666667,4,0.29685897437759784,True
4306,4306,91013224900,honeybee,6.0,91006.0,1.0,8.3,94.8,9,-0.6299450035632144,13,910,-0.7861862305709522,4165.0,honeybee,-0.6960668853382328,4165.0,2.412831329812835,802.8166666666667,4,2.0641914513907857,True
4307,4307,91013224900,honeybee,7.0,91007.0,1.0,0.3,21.5,9,-0.6299450035632144,13,910,-0.30648214258149775,2240.0,honeybee,-0.7285087878251744,2240.0,0.9273580047131146,802.8166666666667,5,2.0641914513907857,False
4308,4308,91013224900,honeybee,3.0,91003.0,1.0,0.6,28.6,9,-0.6299450035632144,13,910,0.17322194540795668,57.0,honeybee,0.5205044579220757,57.0,-0.7572073296726979,802.8166666666667,8,2.0641914513907857,False
4309,4309,91013224900,honeybee,1.0,91001.0,1.0,0.3,42.0,9,-0.6299450035632144,13,910,0.6529260333974111,57.0,honeybee,0.569167311652488,57.0,-0.7572073296726979,802.8166666666667,6,2.0641914513907857,False
4312,4312,91013224900,honeybee,3.0,91003.0,2.0,0.3,38.3,9,-0.6299450035632144,13,910,2.0920382973657743,0.0,honeybee,-0.760950690312116,0.0,-0.8011927735847415,802.8166666666667,9,2.0641914513907857,False
4313,4313,91013224900,honeybee,9.0,91009.0,1.0,6.4,121.7,9,-0.6299450035632144,13,910,2.571742385355229,1452.0,honeybee,-0.38786881171228804,1452.0,0.31927853449047583,802.8166666666667,4,2.0641914513907857,True
4314,4314,91013224900,honeybee,6.0,91006.0,2.0,0.3,30.1,9,-0.6299450035632144,13,910,3.0514464733446833,0.0,honeybee,0.48806255543513416,0.0,-0.8011927735847415,802.8166666666667,5,2.0641914513907857,False
4315,4315,91013224900,honeybee,8.0,91008.0,1.0,8.3,95.3,9,-0.6299450035632144,13,910,3.5311505613341376,1174.0,honeybee,-0.6636249828512912,1174.0,0.10475303611243837,802.8166666666667,11,2.0641914513907857,True
4316,4316,91013233900,honeybee,9.0,91009.0,1.0,0.5,26.4,9,-0.6176961354113499,13,910,-0.7861862305709522,50.0,honeybee,0.17986448180918932,50.0,-0.7626090508548786,803.65,5,-0.7635405118303149,False
4317,4317,91013233900,honeybee,6.0,91006.0,1.0,3.8,79.9,9,-0.6176961354113499,13,910,-0.30648214258149775,50.0,honeybee,-0.8096135440425283,50.0,-0.7626090508548786,803.65,6,-0.7635405118303149,True
4318,4318,91013235200,honeybee,7.0,91007.0,1.0,8.0,97.2,9,-0.6145114296918652,13,910,-0.7861862305709522,63.0,honeybee,-0.8096135440425283,63.0,-0.7525772829451143,803.8666666666667,6,-0.7635405118303149,True
4319,4319,91013235200,honeybee,8.0,91008.0,1.0,1.3,31.0,9,-0.6145114296918652,13,910,-0.30648214258149775,63.0,honeybee,0.48806255543513416,63.0,-0.7525772829451143,803.8666666666667,12,-0.7635405118303149,False
4320,4320,91013383500,honeybee,7.0,91007.0,1.0,4.9,61.3,9,-0.3981964181299411,13,910,-0.7861862305709522,883.0,honeybee,0.4393997017047217,883.0,-0.11980423017536343,818.5833333333334,7,-0.7635405118303149,True
4321,4321,91013383500,honeybee,3.0,91003.0,1.0,1.1,36.2,9,-0.3981964181299411,13,910,-0.30648214258149775,946.0,honeybee,-0.8096135440425283,946.0,-0.07118873953573619,818.5833333333334,10,-0.7635405118303149,False
4322,4322,91013393400,honeybee,1.0,91001.0,1.0,10.6,97.2,9,-0.3837427537107412,13,910,-0.7861862305709522,1005.0,honeybee,-0.8096135440425283,1005.0,-0.025659946714498068,819.5666666666667,7,-1.1170070072329525,True
4323,4323,91013403400,honeybee,2.0,91002.0,1.0,18.2,97.3,9,-0.369044111928504,13,910,-0.7861862305709522,2517.0,honeybee,0.27719018927001393,2517.0,1.141111828636555,820.5666666666667,7,-1.1170070072329525,True
4324,4324,91013412900,honeybee,3.0,91003.0,1.0,11.6,93.9,9,-0.3555703569614532,13,910,-0.7861862305709522,174.0,honeybee,-0.6798459340947619,174.0,-0.6669214184848187,821.4833333333333,11,-0.7635405118303149,True
4325,4325,91013412900,honeybee,4.0,91004.0,1.0,12.0,71.3,9,-0.3555703569614532,13,910,-0.30648214258149775,1177.0,honeybee,0.45562065294819243,1177.0,0.10706805947623017,821.4833333333333,4,-0.7635405118303149,True
4326,4326,91013415900,honeybee,3.0,91003.0,1.0,3.1,83.6,9,-0.3482210360703346,13,910,-0.7861862305709522,30.0,honeybee,1.0233539464696697,30.0,-0.7780425399468237,821.9833333333333,12,-0.7635405118303149,True
4327,4327,91013415900,honeybee,9.0,91009.0,1.0,9.4,228.2,9,-0.3482210360703346,13,910,-0.30648214258149775,1100.0,honeybee,-0.7771716415555867,1100.0,0.0476491264722413,821.9833333333333,6,-0.7635405118303149,True
4329,4329,91013443700,honeybee,6.0,91006.0,1.0,5.5,92.6,9,-0.30951461271044334,13,910,-0.7861862305709522,1258.0,honeybee,-0.24188025052105103,1258.0,0.16957369029860792,824.6166666666667,7,0.29685897437759784,True
4330,4330,91013443700,honeybee,5.0,91005.0,1.0,8.3,78.4,9,-0.30951461271044334,13,910,-0.30648214258149775,1365.0,honeybee,1.007132995226199,1365.0,0.25214285694051447,824.6166666666667,5,0.29685897437759784,True
4331,4331,91013443700,honeybee,3.0,91003.0,1.0,5.1,71.5,9,-0.30951461271044334,13,910,0.17322194540795668,158.0,honeybee,-0.3554269092253464,158.0,-0.6792682097583749,824.6166666666667,13,0.29685897437759784,True
4332,4332,91013443700,honeybee,2.0,91002.0,1.0,1.8,61.1,9,-0.30951461271044334,13,910,0.6529260333974111,243.0,honeybee,2.093936728538741,243.0,-0.613675881117608,824.6166666666667,8,0.29685897437759784,False
4333,4333,91013443700,honeybee,1.0,91001.0,1.0,1.8,27.5,9,-0.30951461271044334,13,910,1.1326301213868655,303.0,honeybee,0.8611444340349619,303.0,-0.5673754138417725,824.6166666666667,8,0.29685897437759784,False
4335,4335,91013504900,honeybee,6.0,91006.0,1.0,4.8,73.5,9,-0.21838303366057266,13,910,-0.30648214258149775,372.0,honeybee,0.03387592061795224,372.0,-0.5141298764745619,830.8166666666667,8,0.29685897437759784,True
4336,4336,91013504900,honeybee,3.0,91003.0,1.0,6.6,88.1,9,-0.21838303366057266,13,910,0.17322194540795668,372.0,honeybee,-0.031007884355930933,372.0,-0.5141298764745619,830.8166666666667,14,0.29685897437759784,True
4337,4337,91013504900,honeybee,2.0,91002.0,1.0,0.5,34.7,9,-0.21838303366057266,13,910,0.6529260333974111,372.0,honeybee,-0.5662992753904666,372.0,-0.5141298764745619,830.8166666666667,9,0.29685897437759784,False
4338,4338,91013504900,honeybee,1.0,91001.0,1.0,4.0,62.6,9,-0.21838303366057266,13,910,1.1326301213868655,372.0,honeybee,-0.5662992753904666,372.0,-0.5141298764745619,830.8166666666667,9,0.29685897437759784,True
4339,4339,91014082000,honeybee,3.0,91003.0,1.0,2.8,88.8,9,0.039088174891615646,14,910,-0.7861862305709522,1051.0,honeybee,0.21230638429613075,1051.0,0.009837078196975716,848.3333333333334,15,-1.1170070072329525,True
4340,4340,91014093600,honeybee,8.0,91008.0,1.0,6.8,80.6,9,0.05770645448244944,14,910,-0.7861862305709522,2744.0,honeybee,-0.6474040316078206,2744.0,1.316281929830132,849.6,13,0.29685897437759784,True
4341,4341,91014093600,honeybee,3.0,91003.0,1.0,0.6,23.4,9,0.05770645448244944,14,910,-0.30648214258149775,76.0,honeybee,-0.4040897629557588,76.0,-0.7425455150353499,849.6,16,0.29685897437759784,False
4342,4342,91014093600,honeybee,4.0,91004.0,1.0,4.8,68.3,9,0.05770645448244944,14,910,0.17322194540795668,1687.0,honeybee,1.0882377514435528,1687.0,0.5006220313208313,849.6,5,0.29685897437759784,True
4343,4343,91014093600,honeybee,7.0,91007.0,1.0,4.3,78.7,9,0.05770645448244944,14,910,0.6529260333974111,1861.0,honeybee,-0.06344978684287238,1861.0,0.634893386420754,849.6,8,0.29685897437759784,True
4344,4344,91014093600,honeybee,5.0,91005.0,1.0,4.0,41.0,9,0.05770645448244944,14,910,1.1326301213868655,1499.0,honeybee,0.48806255543513416,1499.0,0.355547233856547,849.6,6,0.29685897437759784,True
4346,4346,91014095800,honeybee,3.0,91003.0,1.0,1.4,38.8,9,0.06309595646926974,14,910,-0.30648214258149775,22.0,honeybee,-0.760950690312116,22.0,-0.7842159355836018,849.9666666666667,17,-0.7635405118303149,False
4347,4347,91014100400,honeybee,6.0,91006.0,1.0,14.5,161.1,9,0.06456582064749347,14,910,-0.7861862305709522,1155.0,honeybee,-0.07967073808634324,1155.0,0.0900912214750905,850.0666666666667,9,-1.1170070072329525,True
4348,4348,91014130700,honeybee,6.0,91006.0,1.0,3.5,72.8,9,0.10939667808331693,14,910,-0.7861862305709522,183.0,honeybee,1.4937615325303222,183.0,-0.6599763483934434,853.1166666666667,10,-0.7635405118303149,True
4349,4349,91014130700,honeybee,5.0,91005.0,1.0,1.0,33.0,9,0.10939667808331693,14,910,-0.30648214258149775,211.0,honeybee,-0.20943834803410946,211.0,-0.6383694636647202,853.1166666666667,7,-0.7635405118303149,False
4352,4352,91014312500,honeybee,7.0,91007.0,1.0,8.0,98.1,9,0.3783818226982577,14,910,-0.7861862305709522,1309.0,honeybee,-0.16077549430369714,1309.0,0.2089290874830681,871.4166666666666,9,0.29685897437759784,True
4353,4353,91014312500,honeybee,3.0,91003.0,1.0,8.1,77.5,9,0.3783818226982577,14,910,-0.30648214258149775,1287.0,honeybee,-0.6311830803643497,1287.0,0.1919522494819284,871.4166666666666,18,0.29685897437759784,True
4354,4354,91014312500,honeybee,2.0,91002.0,1.0,5.6,75.5,9,0.3783818226982577,14,910,0.17322194540795668,2436.0,honeybee,-0.7771716415555867,2436.0,1.078606197814177,871.4166666666666,10,0.29685897437759784,True
4355,4355,91014312500,honeybee,1.0,91001.0,1.0,4.6,66.6,9,0.3783818226982577,14,910,0.6529260333974111,2436.0,honeybee,-0.20943834803410946,2436.0,1.078606197814177,871.4166666666666,10,0.29685897437759784,True
4356,4356,91014312500,honeybee,0.0,91000.0,1.0,5.0,100.6,9,0.3783818226982577,14,910,1.1326301213868655,4173.0,honeybee,0.08253877434836455,4173.0,2.4190047254496125,871.4166666666666,5,0.29685897437759784,True
4357,4357,91014354300,honeybee,8.0,91008.0,1.0,18.3,177.6,9,0.4415859823618777,14,910,-0.7861862305709522,1567.0,honeybee,0.24474828678307234,1567.0,0.40802109676916043,875.7166666666667,14,0.29685897437759784,True
4358,4358,91014354300,honeybee,6.0,91006.0,1.0,9.3,98.9,9,0.4415859823618777,14,910,-0.30648214258149775,1356.0,honeybee,-0.29054310425146335,1356.0,0.24519778684913926,875.7166666666667,11,0.29685897437759784,True
4359,4359,91014354300,honeybee,5.0,91005.0,1.0,16.1,150.7,9,0.4415859823618777,14,910,0.17322194540795668,1356.0,honeybee,-0.6960668853382328,1356.0,0.24519778684913926,875.7166666666667,8,0.29685897437759784,True
4360,4360,91014354300,honeybee,3.0,91003.0,1.0,7.1,140.1,9,0.4415859823618777,14,910,0.6529260333974111,258.0,honeybee,0.45562065294819243,258.0,-0.6021007642986491,875.7166666666667,19,0.29685897437759784,True
4361,4361,91014354300,honeybee,2.0,91002.0,1.0,2.1,53.1,9,0.4415859823618777,14,910,1.1326301213868655,258.0,honeybee,0.05009687186142296,258.0,-0.6021007642986491,875.7166666666667,11,0.29685897437759784,False
4362,4362,91014373100,honeybee,0.0,91000.0,1.0,2.1,38.3,9,0.46804353756990463,14,910,-0.7861862305709522,366.0,honeybee,-0.04722883559940166,366.0,-0.5187599232021454,877.5166666666667,6,-0.05660752102503974,False
4363,4363,91014373100,honeybee,2.0,91002.0,1.0,1.5,34.2,9,0.46804353756990463,14,910,-0.30648214258149775,108.0,honeybee,-0.5176364216600542,108.0,-0.7178519324882376,877.5166666666667,12,-0.05660752102503974,False
4364,4364,91014373100,honeybee,9.0,91009.0,1.0,9.5,78.8,9,0.46804353756990463,14,910,0.17322194540795668,3332.0,honeybee,0.6664930191133127,3332.0,1.7700265091333194,877.5166666666667,7,-0.05660752102503974,True
4365,4365,91014373100,honeybee,8.0,91008.0,1.0,2.1,64.3,9,0.46804353756990463,14,910,0.6529260333974111,108.0,honeybee,2.110157679782212,108.0,-0.7178519324882376,877.5166666666667,15,-0.05660752102503974,False
4366,4366,91014442100,honeybee,6.0,91006.0,1.0,4.6,73.1,9,0.5684842564151922,14,910,-0.7861862305709522,518.0,honeybee,0.6502720678698419,518.0,-0.4014654061033623,884.35,12,-0.7635405118303149,True
4367,4367,91014442100,honeybee,3.0,91003.0,1.0,2.1,73.6,9,0.5684842564151922,14,910,-0.30648214258149775,518.0,honeybee,0.29341114051348466,518.0,-0.4014654061033623,884.35,20,-0.7635405118303149,False
4369,4369,91014512000,honeybee,5.0,91005.0,1.0,3.0,52.7,9,0.6711297715278153,14,910,-0.7861862305709522,937.0,honeybee,1.753296752425855,937.0,-0.07813380962711153,891.3333333333334,9,-1.1170070072329525,True
4371,4371,91014524700,honeybee,8.0,91008.0,1.0,7.8,121.0,9,0.6924428021120592,14,910,-0.7861862305709522,916.0,honeybee,-0.5176364216600542,916.0,-0.09433897317365392,892.7833333333333,16,0.6503254697802354,True
4372,4372,91014524700,honeybee,7.0,91007.0,1.0,1.8,48.7,9,0.6924428021120592,14,910,-0.30648214258149775,1282.0,honeybee,0.4393997017047217,1282.0,0.1880938772089422,892.7833333333333,10,0.6503254697802354,False
4373,4373,91014524700,honeybee,3.0,91003.0,1.0,6.1,104.8,9,0.6924428021120592,14,910,0.17322194540795668,506.0,honeybee,-0.5176364216600542,506.0,-0.4107254995585294,892.7833333333333,21,0.6503254697802354,True
4374,4374,91014524700,honeybee,2.0,91002.0,1.0,4.0,77.4,9,0.6924428021120592,14,910,0.6529260333974111,916.0,honeybee,-0.6149621291208789,916.0,-0.09433897317365392,892.7833333333333,13,0.6503254697802354,True
4375,4375,91014524700,honeybee,1.0,91001.0,1.0,4.0,60.2,9,0.6924428021120592,14,910,1.1326301213868655,1282.0,honeybee,-0.11211264057328484,1282.0,0.1880938772089422,892.7833333333333,11,0.6503254697802354,True
4376,4376,91014524700,honeybee,0.0,91000.0,1.0,2.8,42.0,9,0.6924428021120592,14,910,1.61233420937632,916.0,honeybee,-0.5176364216600542,916.0,-0.09433897317365392,892.7833333333333,7,0.6503254697802354,True
4377,4377,91015030100,honeybee,8.0,91008.0,1.0,6.6,59.4,9,0.8428589030169533,15,910,-0.7861862305709522,614.0,honeybee,0.40695779921778014,614.0,-0.32738465846202564,903.0166666666667,17,-0.05660752102503974,True
4378,4378,91015030100,honeybee,3.0,91003.0,1.0,5.8,101.0,9,0.8428589030169533,15,910,-0.30648214258149775,614.0,honeybee,0.13120162807877686,614.0,-0.32738465846202564,903.0166666666667,22,-0.05660752102503974,True
4379,4379,91015030100,honeybee,4.0,91004.0,1.0,9.0,92.3,9,0.8428589030169533,15,910,0.17322194540795668,3205.0,honeybee,-0.07967073808634324,3205.0,1.6720238533994674,903.0166666666667,6,-0.05660752102503974,True
4380,4380,91015030100,honeybee,3.0,91003.0,2.0,0.3,23.8,9,0.8428589030169533,15,910,0.6529260333974111,0.0,honeybee,0.08253877434836455,0.0,-0.8011927735847415,903.0166666666667,23,-0.05660752102503974,False
4381,4381,91015032100,honeybee,1.0,91001.0,1.0,2.5,34.2,9,0.847758450277699,15,910,-0.7861862305709522,634.0,honeybee,-0.20943834803410946,634.0,-0.3119511693700805,903.35,12,-1.1170070072329525,True
4382,4382,91015072200,honeybee,7.0,91007.0,1.0,6.5,89.4,9,0.9067979947696851,15,910,-0.7861862305709522,875.0,honeybee,-0.5662992753904666,875.0,-0.12597762581214147,907.3666666666667,11,0.29685897437759784,True
4383,4383,91015072200,honeybee,3.0,91003.0,1.0,3.5,89.7,9,0.9067979947696851,15,910,-0.30648214258149775,261.0,honeybee,-0.8096135440425283,261.0,-0.5997857409348574,907.3666666666667,24,0.29685897437759784,True
4385,4385,91015072200,honeybee,1.0,91001.0,1.0,3.3,51.4,9,0.9067979947696851,15,910,0.6529260333974111,241.0,honeybee,-0.4527526166861711,241.0,-0.6152192300268026,907.3666666666667,13,0.29685897437759784,True
4386,4386,91015072200,honeybee,0.0,91000.0,1.0,2.1,31.8,9,0.9067979947696851,15,910,1.1326301213868655,875.0,honeybee,-0.4040897629557588,875.0,-0.12597762581214147,907.3666666666667,8,0.29685897437759784,False
4387,4387,91015092000,honeybee,2.0,91002.0,1.0,6.0,75.5,9,0.935705323608085,15,910,-0.7861862305709522,993.0,honeybee,-0.20943834803410946,993.0,-0.03492004016966512,909.3333333333334,14,-0.7635405118303149,True
4388,4388,91015092000,honeybee,8.0,91008.0,1.0,7.3,106.7,9,0.935705323608085,15,910,-0.30648214258149775,379.0,honeybee,0.21230638429613075,379.0,-0.508728155292381,909.3333333333334,18,-0.7635405118303149,True
4390,4390,91015151600,honeybee,8.0,91008.0,1.0,7.3,102.8,9,1.022917264849359,15,910,-0.7861862305709522,356.0,honeybee,0.3258530430004262,356.0,-0.526476667748118,915.2666666666667,19,-0.7635405118303149,True
4391,4391,91015151600,honeybee,9.0,91009.0,1.0,5.3,67.7,9,1.022917264849359,15,910,-0.30648214258149775,2265.0,honeybee,0.6827139703567834,2265.0,0.9466498660780459,915.2666666666667,8,-0.7635405118303149,True
4392,4392,91015154500,honeybee,5.0,91005.0,1.0,10.2,101.4,9,1.0300216083774403,15,910,-0.7861862305709522,1465.0,honeybee,-0.37164786046881726,1465.0,0.3293103024002403,915.75,10,0.6503254697802354,True
4393,4393,91015154500,honeybee,4.0,91004.0,1.0,6.8,104.5,9,1.0300216083774403,15,910,-0.30648214258149775,764.0,honeybee,0.6016092141394295,764.0,-0.21163349027243708,915.75,7,0.6503254697802354,True
4394,4394,91015154500,honeybee,3.0,91003.0,1.0,7.0,86.4,9,1.0300216083774403,15,910,0.17322194540795668,503.0,honeybee,-0.29054310425146335,503.0,-0.4130405229223212,915.75,25,0.6503254697802354,True
4395,4395,91015154500,honeybee,2.0,91002.0,1.0,6.3,84.5,9,1.0300216083774403,15,910,0.6529260333974111,385.0,honeybee,0.11498067683530613,385.0,-0.5040981085647974,915.75,15,0.6503254697802354,True
4396,4396,91015154500,honeybee,1.0,91001.0,1.0,4.1,59.8,9,1.0300216083774403,15,910,1.1326301213868655,503.0,honeybee,-0.3229850067384049,503.0,-0.4130405229223212,915.75,14,0.6503254697802354,True
4397,4397,91015154500,honeybee,0.0,91000.0,1.0,1.8,34.8,9,1.0300216083774403,15,910,1.61233420937632,503.0,honeybee,-0.5176364216600542,503.0,-0.4130405229223212,915.75,9,0.6503254697802354,False
4398,4398,91015175700,honeybee,3.0,91003.0,1.0,2.3,60.6,9,1.0623586202983621,15,910,-0.7861862305709522,132.0,honeybee,0.27719018927001393,132.0,-0.6993317455779036,917.95,26,-0.7635405118303149,False
4399,4399,91015175700,honeybee,2.0,91002.0,1.0,2.3,50.7,9,1.0623586202983621,15,910,-0.30648214258149775,132.0,honeybee,0.16364353056571845,132.0,-0.6993317455779036,917.95,16,-0.7635405118303149,False
4400,4400,91015181300,honeybee,2.0,91002.0,1.0,1.8,53.3,9,1.0662782581069588,15,910,-0.7861862305709522,16.0,honeybee,-0.48519451917311274,16.0,-0.7888459823111854,918.2166666666667,17,-1.1170070072329525,False
4401,4401,91015204700,honeybee,8.0,91008.0,1.0,2.6,60.4,9,1.1040047720147008,15,910,-0.7861862305709522,331.0,honeybee,0.3258530430004262,331.0,-0.5457685291130494,920.7833333333333,20,0.29685897437759784,True
4402,4402,91015204700,honeybee,9.0,91009.0,1.0,0.5,39.9,9,1.1040047720147008,15,910,-0.30648214258149775,331.0,honeybee,0.0014340181310106524,331.0,-0.5457685291130494,920.7833333333333,9,0.29685897437759784,False
4403,4403,91015204700,honeybee,7.0,91007.0,1.0,2.3,38.0,9,1.1040047720147008,15,910,0.17322194540795668,805.0,honeybee,0.19608543305266002,805.0,-0.17999483763394952,920.7833333333333,12,0.29685897437759784,False
4404,4404,91015204700,honeybee,5.0,91005.0,1.0,3.8,67.1,9,1.1040047720147008,15,910,0.6529260333974111,302.0,honeybee,0.7962606290610788,302.0,-0.5681470882963698,920.7833333333333,11,0.29685897437759784,True
4405,4405,91015204700,honeybee,4.0,91004.0,1.0,4.6,54.7,9,1.1040047720147008,15,910,1.1326301213868655,302.0,honeybee,0.24474828678307234,302.0,-0.5681470882963698,920.7833333333333,8,0.29685897437759784,True
4407,4407,91015214400,honeybee,9.0,91009.0,1.0,3.6,54.4,9,1.1179684817078264,15,910,-0.7861862305709522,57.0,honeybee,-0.7771716415555867,57.0,-0.7572073296726979,921.7333333333333,10,-0.7635405118303149,True
4408,4408,91015214400,honeybee,5.0,91005.0,1.0,0.8,28.4,9,1.1179684817078264,15,910,-0.30648214258149775,57.0,honeybee,-0.24188025052105103,57.0,-0.7572073296726979,921.7333333333333,12,-0.7635405118303149,False
4409,4409,91015245000,honeybee,6.0,91006.0,1.0,8.1,99.3,9,1.1635342712327617,15,910,-0.7861862305709522,2429.0,honeybee,-0.11211264057328484,2429.0,1.0732044766319961,924.8333333333334,13,-0.7635405118303149,True
4410,4410,91015245000,honeybee,7.0,91007.0,1.0,5.1,76.0,9,1.1635342712327617,15,910,-0.30648214258149775,243.0,honeybee,-0.48519451917311274,243.0,-0.613675881117608,924.8333333333334,13,-0.7635405118303149,True
4411,4411,91015324100,honeybee,4.0,91004.0,1.0,5.8,88.3,9,1.2789186092233236,15,910,-0.7861862305709522,714.0,honeybee,-0.11211264057328484,714.0,-0.2502172130022999,932.6833333333333,9,0.29685897437759784,True
4412,4412,91015324100,honeybee,5.0,91005.0,1.0,1.8,40.1,9,1.2789186092233236,15,910,-0.30648214258149775,657.0,honeybee,-0.7285087878251744,657.0,-0.29420265691434355,932.6833333333333,13,0.29685897437759784,False
4413,4413,91015324100,honeybee,6.0,91006.0,1.0,3.1,49.9,9,1.2789186092233236,15,910,0.17322194540795668,471.0,honeybee,0.45562065294819243,471.0,-0.43773410546943337,932.6833333333333,14,0.29685897437759784,True
4414,4414,91015324100,honeybee,7.0,91007.0,1.0,2.8,50.9,9,1.2789186092233236,15,910,0.6529260333974111,471.0,honeybee,-0.031007884355930933,471.0,-0.43773410546943337,932.6833333333333,14,0.29685897437759784,True
4415,4415,91015324100,honeybee,8.0,91008.0,1.0,8.0,107.2,9,1.2789186092233236,15,910,1.1326301213868655,714.0,honeybee,-0.43653166544270033,714.0,-0.2502172130022999,932.6833333333333,21,0.29685897437759784,True
4420,4420,91211593100,honeybee,5.0,91205.0,1.0,0.6,73.2,9,-1.8543418640235731,11,912,-0.7861862305709522,12.0,honeybee,-0.7285087878251744,12.0,-0.7919326801295744,719.5166666666667,2,-1.1170070072329525,False
4421,4421,91212005500,honeybee,5.0,91205.0,1.0,5.0,68.1,9,-1.8337637655284411,12,912,-0.7861862305709522,84.0,honeybee,-0.760950690312116,84.0,-0.7363721193985718,720.9166666666666,3,-0.7635405118303149,True
4422,4422,91212005500,honeybee,3.0,91203.0,1.0,1.8,28.4,9,-1.8337637655284411,12,912,-0.30648214258149775,96.0,honeybee,0.05009687186142296,96.0,-0.7271120259434048,720.9166666666666,2,-0.7635405118303149,False
4424,4424,91212053600,honeybee,3.0,91203.0,1.0,4.8,82.2,9,-1.7649251265149637,12,912,-0.30648214258149775,281.0,honeybee,-0.5662992753904666,281.0,-0.5843522518429122,725.6,3,-0.7635405118303149,True
4426,4426,91212072700,honeybee,3.0,91203.0,1.0,1.5,40.1,9,-1.7377326392178247,12,912,-0.30648214258149775,111.0,honeybee,-0.07967073808634324,111.0,-0.7155369091244459,727.45,4,1.003791965182873,False
4427,4427,91212072700,honeybee,5.0,91205.0,1.0,3.8,48.5,9,-1.7377326392178247,12,912,0.17322194540795668,392.0,honeybee,-0.04722883559940166,392.0,-0.4986963873826167,727.45,4,1.003791965182873,True
4429,4429,91212072700,honeybee,1.0,91201.0,1.0,6.3,77.0,9,-1.7377326392178247,12,912,1.1326301213868655,488.0,honeybee,-0.3229850067384049,488.0,-0.42461563974128,727.45,2,1.003791965182873,True
4430,4430,91212072700,honeybee,0.0,91200.0,2.0,2.5,31.1,9,-1.7377326392178247,12,912,1.61233420937632,0.0,honeybee,0.8124815803045498,0.0,-0.8011927735847415,727.45,2,1.003791965182873,True
4431,4431,91212072700,honeybee,3.0,91203.0,2.0,0.3,18.6,9,-1.7377326392178247,12,912,2.0920382973657743,0.0,honeybee,-0.6149621291208789,0.0,-0.8011927735847415,727.45,5,1.003791965182873,False
4433,4433,91212085500,honeybee,1.0,91201.0,1.0,3.8,32.8,9,-1.7161746312705435,12,912,-0.7861862305709522,88.0,honeybee,0.16364353056571845,88.0,-0.7332854215801828,728.9166666666666,3,-0.7635405118303149,True
4434,4434,91212085500,honeybee,0.0,91200.0,1.0,2.5,47.5,9,-1.7161746312705435,12,912,-0.30648214258149775,88.0,honeybee,-0.4527526166861711,88.0,-0.7332854215801828,728.9166666666666,3,-0.7635405118303149,True
4435,4435,91212214800,honeybee,2.0,91202.0,1.0,7.3,109.9,9,-1.526807129642721,12,912,-0.7861862305709522,861.0,honeybee,1.0233539464696697,861.0,-0.1367810681765031,741.8,2,-0.4100740164276773,True
4437,4437,91212214800,honeybee,3.0,91203.0,1.0,0.3,10.8,9,-1.526807129642721,12,912,0.17322194540795668,857.0,hoverfly,-0.06344978684287238,861.0,-0.13986776599489212,741.8,7,-0.4100740164276773,False
4438,4438,91212242500,honeybee,2.0,91202.0,1.0,1.4,44.5,9,-1.4883456836458668,12,912,-0.7861862305709522,157.0,honeybee,0.3258530430004262,157.0,-0.6800398842129721,744.4166666666666,3,-0.7635405118303149,False
4439,4439,91212242500,honeybee,0.0,91200.0,1.0,7.3,91.9,9,-1.4883456836458668,12,912,-0.30648214258149775,930.0,honeybee,-0.4527526166861711,930.0,-0.08353553080929235,744.4166666666666,4,-0.7635405118303149,True
4440,4440,91212300200,honeybee,3.0,91203.0,1.0,4.6,48.2,9,-1.4057883123023014,12,912,-0.7861862305709522,494.0,honeybee,-0.8096135440425283,494.0,-0.4199855930136965,750.0333333333333,8,-0.7635405118303149,True
4441,4441,91212300200,honeybee,0.0,91200.0,1.0,1.8,63.5,9,-1.4057883123023014,12,912,-0.30648214258149775,337.0,honeybee,0.3258530430004262,337.0,-0.5411384823854658,750.0333333333333,5,-0.7635405118303149,False
4443,4443,91212582200,honeybee,5.0,91205.0,1.0,8.6,104.6,9,-0.9893267951389139,12,912,-0.7861862305709522,3055.0,honeybee,-0.24188025052105103,3055.0,1.5562726852098787,778.3666666666667,5,3.124590937598698,True
4444,4444,91212582200,honeybee,2.0,91202.0,1.0,0.3,23.0,9,-0.9893267951389139,12,912,-0.30648214258149775,2037.0,honeybee,-0.6311830803643497,2037.0,0.7707080904298714,778.3666666666667,4,3.124590937598698,False
4449,4449,91212582200,honeybee,1.0,91201.0,3.0,0.7,36.8,9,-0.9893267951389139,12,912,2.0920382973657743,2967.0,honeybee,-0.24188025052105103,2967.0,1.4883653332053206,778.3666666666667,4,3.124590937598698,False
4450,4450,91212582200,honeybee,2.0,91202.0,4.0,8.1,131.4,9,-0.9893267951389139,12,912,2.571742385355229,0.0,honeybee,-0.8096135440425283,0.0,-0.8011927735847415,778.3666666666667,5,3.124590937598698,True
4451,4451,91212582200,honeybee,1.0,91201.0,4.0,8.3,78.9,9,-0.9893267951389139,12,912,3.0514464733446833,0.0,honeybee,-0.7447297390686451,0.0,-0.8011927735847415,778.3666666666667,5,3.124590937598698,True
4453,4453,91212582200,honeybee,3.0,91203.0,1.0,8.1,108.4,9,-0.9893267951389139,12,912,4.010854649323592,1700.0,honeybee,-0.11211264057328484,1700.0,0.5106537992305956,778.3666666666667,9,3.124590937598698,True
4454,4454,91212582200,honeybee,4.0,91204.0,1.0,0.5,18.5,9,-0.9893267951389139,12,912,4.490558737313046,3544.0,honeybee,-0.5987411778774081,3544.0,1.9336214935079377,778.3666666666667,2,3.124590937598698,False
4455,4455,91212582200,honeybee,0.0,91200.0,1.0,4.8,98.9,9,-0.9893267951389139,12,912,4.970262825302501,1700.0,honeybee,-0.5662992753904666,1700.0,0.5106537992305956,778.3666666666667,6,3.124590937598698,True
4456,4456,91213082200,honeybee,5.0,91205.0,1.0,5.6,53.6,9,-0.8423403773165419,13,912,-0.7861862305709522,600.0,honeybee,0.5367254091655463,600.0,-0.33818810082638723,788.3666666666667,6,-1.1170070072329525,True
4457,4457,91213084600,honeybee,5.0,91205.0,1.0,1.0,19.2,9,-0.836460920603647,13,912,-0.7861862305709522,24.0,honeybee,0.05009687186142296,24.0,-0.7826725866744074,788.7666666666667,7,-1.1170070072329525,False
4458,4458,91213091200,honeybee,5.0,91205.0,1.0,12.6,67.2,9,-0.8300915091646776,13,912,-0.7861862305709522,26.0,honeybee,-0.6960668853382328,26.0,-0.7811292377652128,789.2,8,-1.1170070072329525,True
4459,4459,91213092800,honeybee,5.0,91205.0,1.0,14.2,166.7,9,-0.826171871356081,13,912,-0.7861862305709522,16.0,honeybee,1.1855634589043775,16.0,-0.7888459823111854,789.4666666666667,9,-1.1170070072329525,True
4460,4460,91213163500,honeybee,5.0,91205.0,1.0,14.7,136.8,9,-0.7215665373391595,13,912,-0.7861862305709522,427.0,honeybee,1.4450986787999098,427.0,-0.47168778147171264,796.5833333333334,10,-0.7635405118303149,True
4461,4461,91213163500,honeybee,1.0,91201.0,1.0,19.6,95.4,9,-0.7215665373391595,13,912,-0.30648214258149775,1093.0,honeybee,0.48806255543513416,1093.0,0.042247405290060484,796.5833333333334,6,-0.7635405118303149,True
4463,4463,91213241800,honeybee,0.0,91200.0,1.0,8.8,94.9,9,-0.6081420182528958,13,912,-0.7861862305709522,1556.0,honeybee,-0.07967073808634324,1556.0,0.39953267776859064,804.3,7,-0.05660752102503974,True
4464,4464,91213241800,honeybee,3.0,91203.0,1.0,6.8,66.7,9,-0.6081420182528958,13,912,-0.30648214258149775,1556.0,honeybee,0.45562065294819243,1556.0,0.39953267776859064,804.3,10,-0.05660752102503974,True
4465,4465,91213241800,honeybee,4.0,91204.0,1.0,8.1,125.2,9,-0.6081420182528958,13,912,0.17322194540795668,1556.0,honeybee,-0.7771716415555867,1556.0,0.39953267776859064,804.3,3,-0.05660752102503974,True
4466,4466,91213241800,honeybee,3.0,91203.0,2.0,1.1,16.2,9,-0.6081420182528958,13,912,0.6529260333974111,0.0,honeybee,0.24474828678307234,0.0,-0.8011927735847415,804.3,11,-0.05660752102503974,False
4470,4470,91213432100,honeybee,4.0,91204.0,1.0,3.6,47.2,9,-0.3281328923012771,13,912,-0.7861862305709522,1143.0,honeybee,0.45562065294819243,1143.0,0.08083112801992345,823.35,4,-1.1170070072329525,True
4471,4471,91213445400,honeybee,0.0,91200.0,1.0,4.1,83.0,9,-0.3053499975388094,13,912,-0.7861862305709522,1236.0,honeybee,0.569167311652488,1236.0,0.1525968522974684,824.9,8,-0.7635405118303149,True
4472,4472,91213445400,honeybee,5.0,91205.0,1.0,3.6,77.8,9,-0.3053499975388094,13,912,-0.30648214258149775,1699.0,honeybee,1.5262034350172637,1699.0,0.5098821247759984,824.9,11,-0.7635405118303149,True
4473,4473,91213531800,honeybee,4.0,91204.0,1.0,1.5,23.8,9,-0.18188140656801696,13,912,-0.7861862305709522,597.0,honeybee,-0.27432215300799256,597.0,-0.34050312419017903,833.3,5,-0.7635405118303149,False
4474,4474,91213531800,honeybee,0.0,91200.0,1.0,2.8,64.3,9,-0.18188140656801696,13,912,-0.30648214258149775,504.0,honeybee,-0.19321739679063873,504.0,-0.4122688484677239,833.3,9,-0.7635405118303149,True
4477,4477,91214165900,honeybee,5.0,91205.0,1.0,6.5,97.4,9,0.16623142630796744,14,912,-0.7861862305709522,1925.0,honeybee,-0.27432215300799256,1925.0,0.6842805515149786,856.9833333333333,12,0.29685897437759784,True
4478,4478,91214165900,honeybee,3.0,91203.0,1.0,7.3,72.7,9,0.16623142630796744,14,912,-0.30648214258149775,3161.0,honeybee,-0.6798459340947619,3161.0,1.638070177397188,856.9833333333333,12,0.29685897437759784,True
4479,4479,91214165900,honeybee,0.0,91200.0,1.0,6.8,74.5,9,0.16623142630796744,14,912,0.17322194540795668,1421.0,honeybee,-0.4040897629557588,1421.0,0.2953566263979609,856.9833333333333,10,0.29685897437759784,True
4480,4480,91214165900,honeybee,3.0,91203.0,2.0,0.5,5.7,9,0.16623142630796744,14,912,0.6529260333974111,0.0,honeybee,0.3258530430004262,0.0,-0.8011927735847415,856.9833333333333,13,0.29685897437759784,False
4481,4481,91214165900,honeybee,0.0,91200.0,2.0,2.7,62.7,9,0.16623142630796744,14,912,1.1326301213868655,0.0,honeybee,0.24474828678307234,0.0,-0.8011927735847415,856.9833333333333,11,0.29685897437759784,True
4484,4484,91214523200,honeybee,3.0,91203.0,1.0,8.0,95.1,9,0.6887681416665,14,912,-0.7861862305709522,2133.0,honeybee,-0.7771716415555867,2133.0,0.8447888380712079,892.5333333333333,14,-0.7635405118303149,True
4485,4485,91214523200,honeybee,0.0,91200.0,1.0,8.1,75.0,9,0.6887681416665,14,912,-0.30648214258149775,2133.0,honeybee,-0.42031071419922955,2133.0,0.8447888380712079,892.5333333333333,12,-0.7635405118303149,True
4486,4486,91215010900,honeybee,3.0,91203.0,1.0,5.5,40.0,9,0.8154214383567772,15,912,-0.7861862305709522,517.0,honeybee,0.4393997017047217,517.0,-0.40223708055795954,901.15,15,-1.1170070072329525,True
4487,4487,91215012700,honeybee,3.0,91203.0,1.0,0.5,34.7,9,0.8198310308914484,15,912,-0.7861862305709522,18.0,honeybee,0.03387592061795224,18.0,-0.7873026334019908,901.45,16,-0.7635405118303149,False
4488,4488,91215012700,honeybee,0.0,91200.0,1.0,4.0,40.1,9,0.8198310308914484,15,912,-0.30648214258149775,535.0,honeybee,0.45562065294819243,535.0,-0.38834694037520895,901.45,13,-0.7635405118303149,True
4489,4489,91215013900,honeybee,5.0,91205.0,1.0,7.1,66.0,9,0.8227707592478958,15,912,-0.7861862305709522,2680.0,honeybee,0.19608543305266002,2680.0,1.2668947647359075,901.65,13,-0.4100740164276773,True
4490,4490,91215013900,honeybee,3.0,91203.0,1.0,1.4,35.1,9,0.8227707592478958,15,912,-0.30648214258149775,12.0,honeybee,-0.7771716415555867,12.0,-0.7919326801295744,901.65,17,-0.4100740164276773,False
4491,4491,91215013900,honeybee,0.0,91200.0,1.0,1.6,44.9,9,0.8227707592478958,15,912,0.17322194540795668,12.0,honeybee,-0.20943834803410946,12.0,-0.7919326801295744,901.65,14,-0.4100740164276773,False
4492,4492,91215023700,honeybee,5.0,91205.0,1.0,0.8,29.0,9,0.8369794463040584,15,912,-0.7861862305709522,58.0,honeybee,0.29341114051348466,58.0,-0.7564356552181006,902.6166666666667,14,-0.4100740164276773,False
4493,4493,91215023700,honeybee,3.0,91203.0,1.0,5.1,57.4,9,0.8369794463040584,15,912,-0.30648214258149775,58.0,honeybee,-0.6311830803643497,58.0,-0.7564356552181006,902.6166666666667,18,-0.4100740164276773,True
4494,4494,91215023700,honeybee,0.0,91200.0,1.0,3.3,78.1,9,0.8369794463040584,15,912,0.17322194540795668,58.0,honeybee,-0.5987411778774081,58.0,-0.7564356552181006,902.6166666666667,15,-0.4100740164276773,True
4495,4495,91215052800,honeybee,4.0,91204.0,1.0,12.0,111.7,9,0.8788705753834345,15,912,-0.7861862305709522,4330.0,honeybee,-0.6149621291208789,4330.0,2.540157614821382,905.4666666666667,6,-0.7635405118303149,True
4496,4496,91215052800,honeybee,3.0,91203.0,1.0,2.5,34.7,9,0.8788705753834345,15,912,-0.30648214258149775,171.0,honeybee,-0.031007884355930933,171.0,-0.6692364418486105,905.4666666666667,19,-0.7635405118303149,True
4497,4497,91215055600,honeybee,5.0,91205.0,1.0,1.3,20.6,9,0.8857299415484785,15,912,-0.7861862305709522,199.0,honeybee,-0.7285087878251744,199.0,-0.6476295571198873,905.9333333333333,15,-1.1170070072329525,False
4499,4499,91215123400,honeybee,5.0,91205.0,1.0,1.7,39.2,9,0.9832309320373186,15,912,-0.7861862305709522,398.0,honeybee,-0.6474040316078206,398.0,-0.4940663406550332,912.5666666666667,16,-1.1170070072329525,False
4500,4500,91215270900,honeybee,0.0,91200.0,1.0,5.8,43.1,9,1.1975861246949444,15,912,-0.7861862305709522,1472.0,honeybee,-0.3229850067384049,1472.0,0.3347120235824211,927.15,16,0.29685897437759784,True
4501,4501,91215270900,honeybee,3.0,91203.0,1.0,6.3,88.9,9,1.1975861246949444,15,912,-0.30648214258149775,1301.0,honeybee,-0.4527526166861711,1301.0,0.20275569184629005,927.15,20,0.29685897437759784,True
4502,4502,91215270900,honeybee,4.0,91204.0,1.0,6.6,72.7,9,1.1975861246949444,15,912,0.17322194540795668,1301.0,honeybee,1.0882377514435528,1301.0,0.20275569184629005,927.15,7,0.29685897437759784,True
4503,4503,91215270900,honeybee,3.0,91203.0,2.0,0.3,30.3,9,1.1975861246949444,15,912,0.6529260333974111,0.0,honeybee,0.16364353056571845,0.0,-0.8011927735847415,927.15,21,0.29685897437759784,False
4504,4504,91215270900,honeybee,5.0,91205.0,1.0,5.1,74.0,9,1.1975861246949444,15,912,1.1326301213868655,875.0,honeybee,-0.5825202266339373,875.0,-0.12597762581214147,927.15,17,0.29685897437759784,True
4506,4506,91215315000,honeybee,5.0,91205.0,1.0,4.8,55.9,9,1.266424763708422,15,912,-0.30648214258149775,281.0,honeybee,-0.031007884355930933,281.0,-0.5843522518429122,931.8333333333334,18,-0.7635405118303149,True
4507,4507,91215443700,honeybee,5.0,91205.0,1.0,3.5,48.9,9,1.454322401158021,15,912,-0.7861862305709522,767.0,honeybee,-0.07967073808634324,767.0,-0.20931846690864528,944.6166666666667,19,-0.05660752102503974,True
4509,4509,91215443700,honeybee,3.0,91203.0,1.0,7.1,87.3,9,1.454322401158021,15,912,0.17322194540795668,1048.0,honeybee,-0.8096135440425283,1048.0,0.007522054833183912,944.6166666666667,22,-0.05660752102503974,True
4510,4510,91215443700,honeybee,0.0,91200.0,1.0,7.1,116.4,9,1.454322401158021,15,912,0.6529260333974111,1048.0,honeybee,0.08253877434836455,1048.0,0.007522054833183912,944.6166666666667,17,-0.05660752102503974,True
4513,4513,91215535300,honeybee,0.0,91200.0,1.0,9.5,88.2,9,1.5905298150067524,15,912,-0.7861862305709522,556.0,honeybee,0.29341114051348466,556.0,-0.37214177682866645,953.8833333333333,18,-1.1170070072329525,True
4514,4514,91216001600,honeybee,3.0,91203.0,1.0,4.8,68.7,9,1.684356145050033,16,912,-0.7861862305709522,939.0,honeybee,0.29341114051348466,939.0,-0.07659046071791702,960.2666666666667,23,-0.4100740164276773,True
4516,4516,91216001600,honeybee,5.0,91205.0,1.0,0.6,37.3,9,1.684356145050033,16,912,0.17322194540795668,939.0,honeybee,-0.29054310425146335,939.0,-0.07659046071791702,960.2666666666667,20,-0.4100740164276773,False
4517,4517,91216143200,honeybee,3.0,91203.0,1.0,7.6,82.6,9,1.8940567678099505,16,912,-0.7861862305709522,856.0,honeybee,-0.07967073808634324,856.0,-0.14063944044948934,974.5333333333333,24,-0.7635405118303149,True
4518,4518,91216143200,honeybee,0.0,91200.0,1.0,6.8,92.4,9,1.8940567678099505,16,912,-0.30648214258149775,1239.0,honeybee,0.6827139703567834,1239.0,0.15491187566126002,974.5333333333333,19,-0.7635405118303149,True
4526,4526,91511594500,honeybee,1.0,91501.0,1.0,6.6,88.2,9,-1.8509121809410511,11,915,-0.30648214258149775,404.0,honeybee,-0.24188025052105103,404.0,-0.48943629392744953,719.75,2,-0.7635405118303149,True
4529,4529,91512301900,honeybee,1.0,91501.0,1.0,7.8,76.1,9,-1.4016236971306675,12,915,-0.30648214258149775,1834.0,honeybee,0.21230638429613075,1834.0,0.614058176146628,750.3166666666667,3,-0.7635405118303149,True
4532,4532,91512331200,honeybee,3.0,91503.0,1.0,2.8,41.2,9,-1.359242613325217,12,915,-0.30648214258149775,2411.0,honeybee,0.24474828678307234,2411.0,1.0593143364492452,753.2,2,-0.4100740164276773,True
4533,4533,91512331200,honeybee,1.0,91501.0,1.0,2.5,34.4,9,-1.359242613325217,12,915,0.17322194540795668,173.0,honeybee,0.40695779921778014,173.0,-0.667693092939416,753.2,4,-0.4100740164276773,True
4535,4535,91513001100,honeybee,3.0,91503.0,1.0,2.3,41.9,9,-0.9626242625678496,13,915,-0.7861862305709522,1619.0,honeybee,-0.4040897629557588,1619.0,0.44814816840821786,780.1833333333333,3,-0.7635405118303149,False
4536,4536,91513001100,honeybee,1.0,91501.0,1.0,3.8,86.0,9,-0.9626242625678496,13,915,-0.30648214258149775,1619.0,honeybee,-0.4527526166861711,1619.0,0.44814816840821786,780.1833333333333,5,-0.7635405118303149,True
4538,4538,91513213900,honeybee,0.0,91500.0,1.0,4.3,54.9,9,-0.6470934189758244,13,915,-0.7861862305709522,3080.0,honeybee,2.7265538270341017,3080.0,1.5755645465748105,801.65,3,-1.1170070072329525,True
4539,4539,91513265000,honeybee,4.0,91504.0,1.0,7.5,87.1,9,-0.5709054590712282,13,915,-0.7861862305709522,3218.0,honeybee,-0.5176364216600542,3218.0,1.6820556213092317,806.8333333333334,2,-0.4100740164276773,True
4540,4540,91513265000,honeybee,3.0,91503.0,1.0,7.5,67.9,9,-0.5709054590712282,13,915,-0.30648214258149775,1599.0,honeybee,-0.48519451917311274,1599.0,0.4327146793162726,806.8333333333334,4,-0.4100740164276773,True
4541,4541,91513265000,honeybee,1.0,91501.0,1.0,5.0,61.4,9,-0.5709054590712282,13,915,0.17322194540795668,1599.0,honeybee,-0.24188025052105103,1599.0,0.4327146793162726,806.8333333333334,6,-0.4100740164276773,True
4542,4542,91513501200,honeybee,3.0,91503.0,1.0,6.6,57.8,9,-0.22744719609295228,13,915,-0.7861862305709522,1402.0,honeybee,0.35829494548736784,1402.0,0.280694811760613,830.2,5,0.29685897437759784,True
4544,4544,91513501200,honeybee,0.0,91500.0,1.0,9.5,93.0,9,-0.22744719609295228,13,915,0.17322194540795668,1713.0,honeybee,-0.16077549430369714,1713.0,0.52068556714036,830.2,4,0.29685897437759784,True
4545,4545,91513501200,honeybee,1.0,91501.0,1.0,7.1,105.4,9,-0.22744719609295228,13,915,0.6529260333974111,1402.0,honeybee,-0.04722883559940166,1402.0,0.280694811760613,830.2,7,0.29685897437759784,True
4546,4546,91513501200,honeybee,3.0,91503.0,2.0,1.3,30.9,9,-0.22744719609295228,13,915,1.1326301213868655,0.0,honeybee,0.21230638429613075,0.0,-0.8011927735847415,830.2,6,0.29685897437759784,False
4547,4547,91513512400,honeybee,0.0,91500.0,1.0,0.3,7.8,9,-0.20980882595426764,13,915,-0.7861862305709522,72.0,honeybee,0.6827139703567834,72.0,-0.745632212853739,831.4,5,-0.7635405118303149,False
4548,4548,91513512400,honeybee,2.0,91502.0,1.0,0.8,30.4,9,-0.20980882595426764,13,915,-0.30648214258149775,72.0,honeybee,0.8611444340349619,72.0,-0.745632212853739,831.4,2,-0.7635405118303149,False
4552,4552,91513522200,honeybee,2.0,91502.0,1.0,1.2,28.9,9,-0.195600138898105,13,915,-0.7861862305709522,58.0,honeybee,-0.7285087878251744,58.0,-0.7564356552181006,832.3666666666667,3,-1.1170070072329525,False
4553,4553,91513530400,honeybee,4.0,91504.0,1.0,1.6,31.7,9,-0.18531108965053897,13,915,-0.7861862305709522,1574.0,honeybee,0.35829494548736784,1574.0,0.4134228179513413,833.0666666666667,3,-1.1170070072329525,False
4554,4554,91513594700,honeybee,2.0,91502.0,1.0,0.6,15.2,9,-0.08658521234651242,13,915,-0.7861862305709522,445.0,honeybee,-0.6636249828512912,445.0,-0.457797641288962,839.7833333333333,4,-1.1170070072329525,False
4555,4555,91514000200,honeybee,0.0,91500.0,1.0,2.9,54.9,9,-0.08291055190095313,14,915,-0.7861862305709522,518.0,honeybee,-0.8096135440425283,518.0,-0.4014654061033623,840.0333333333333,6,-1.1170070072329525,True
4556,4556,91514011700,honeybee,3.0,91503.0,1.0,1.4,19.4,9,-0.06453724967315662,14,915,-0.7861862305709522,665.0,honeybee,-0.6474040316078206,665.0,-0.28802926127756545,841.2833333333333,7,-0.7635405118303149,False
4557,4557,91514011700,honeybee,1.0,91501.0,1.0,3.8,75.6,9,-0.06453724967315662,14,915,-0.30648214258149775,665.0,honeybee,0.29341114051348466,665.0,-0.28802926127756545,841.2833333333333,8,-0.7635405118303149,True
4558,4558,91514013000,honeybee,4.0,91504.0,1.0,0.4,29.4,9,-0.061352543953671894,14,915,-0.7861862305709522,506.0,honeybee,-0.5987411778774081,506.0,-0.4107254995585294,841.5,4,-1.1170070072329525,False
4559,4559,91514355600,honeybee,4.0,91504.0,1.0,2.6,37.2,9,0.44477068808136244,14,915,-0.7861862305709522,2066.0,honeybee,-0.7933925927990575,2066.0,0.7930866496131915,875.9333333333333,5,-0.4100740164276773,True
4560,4560,91514355600,honeybee,2.0,91502.0,1.0,0.3,11.0,9,0.44477068808136244,14,915,-0.30648214258149775,2169.0,honeybee,-0.760950690312116,2169.0,0.8725691184367091,875.9333333333333,5,-0.4100740164276773,False
4561,4561,91514355600,honeybee,1.0,91501.0,1.0,2.0,44.0,9,0.44477068808136244,14,915,0.17322194540795668,2079.0,honeybee,-0.24188025052105103,2079.0,0.803118417522956,875.9333333333333,9,-0.4100740164276773,False
4562,4562,91514364500,honeybee,3.0,91503.0,1.0,9.8,94.3,9,0.45677457887018946,14,915,-0.7861862305709522,2128.0,honeybee,-0.6311830803643497,2128.0,0.8409304657982217,876.75,8,-0.4100740164276773,True
4563,4563,91514364500,honeybee,1.0,91501.0,1.0,7.6,78.2,9,0.45677457887018946,14,915,-0.30648214258149775,49.0,honeybee,-0.5338573729035251,49.0,-0.7633807253094759,876.75,10,-0.4100740164276773,True
4564,4564,91514364500,honeybee,0.0,91500.0,1.0,4.8,55.9,9,0.45677457887018946,14,915,0.17322194540795668,2203.0,honeybee,-0.38786881171228804,2203.0,0.898806049893016,876.75,7,-0.4100740164276773,True
4565,4565,91514395000,honeybee,0.0,91500.0,1.0,2.1,67.4,9,0.5020953910320876,14,915,-0.7861862305709522,185.0,honeybee,-0.07967073808634324,185.0,-0.6584329994842488,879.8333333333334,8,-1.1170070072329525,False
4566,4566,91514471300,honeybee,4.0,91504.0,1.0,8.0,112.7,9,0.6106203628576055,14,915,-0.7861862305709522,677.0,honeybee,-0.43653166544270033,677.0,-0.2787691678223984,887.2166666666667,6,-1.1170070072329525,True
4567,4567,91514475200,honeybee,4.0,91504.0,1.0,3.1,103.8,9,0.6201744800160597,14,915,-0.7861862305709522,39.0,honeybee,0.4393997017047217,39.0,-0.7710974698554485,887.8666666666667,7,-0.4100740164276773,True
4568,4568,91514475200,honeybee,2.0,91502.0,1.0,3.1,39.0,9,0.6201744800160597,14,915,-0.30648214258149775,716.0,honeybee,-0.8096135440425283,716.0,-0.24867386409310535,887.8666666666667,6,-0.4100740164276773,True
4569,4569,91514475200,honeybee,0.0,91500.0,1.0,2.9,61.0,9,0.6201744800160597,14,915,0.17322194540795668,482.0,honeybee,-0.5176364216600542,482.0,-0.4292456864688635,887.8666666666667,9,-0.4100740164276773,True
4570,4570,91514481600,honeybee,1.0,91501.0,1.0,3.1,58.3,9,0.6260539367289546,14,915,-0.7861862305709522,691.0,honeybee,0.37451589673083857,691.0,-0.26796572545803676,888.2666666666667,11,-0.7635405118303149,True
4571,4571,91514481600,honeybee,3.0,91503.0,1.0,4.5,49.4,9,0.6260539367289546,14,915,-0.30648214258149775,691.0,honeybee,0.7313768240871958,691.0,-0.26796572545803676,888.2666666666667,9,-0.7635405118303149,True
4575,4575,91515070400,honeybee,3.0,91503.0,1.0,5.3,81.7,9,0.9023884022350139,15,915,-0.7861862305709522,1128.0,honeybee,-0.12833359181675555,1128.0,0.06925601120096458,907.0666666666667,10,-0.7635405118303149,True
4576,4576,91515070400,honeybee,1.0,91501.0,1.0,3.6,62.2,9,0.9023884022350139,15,915,-0.30648214258149775,1128.0,honeybee,-0.3554269092253464,1128.0,0.06925601120096458,907.0666666666667,12,-0.7635405118303149,True
4577,4577,91515194700,honeybee,0.0,91500.0,1.0,6.6,86.2,9,1.0893061302324638,15,915,-0.7861862305709522,1915.0,honeybee,-0.38786881171228804,1915.0,0.676563806969006,919.7833333333333,10,-1.1170070072329525,True
4578,4578,91515281500,honeybee,3.0,91503.0,1.0,6.1,83.9,9,1.2137546306554055,15,915,-0.7861862305709522,1271.0,honeybee,0.0014340181310106524,1271.0,0.17960545820837234,928.25,11,-0.4100740164276773,True
4579,4579,91515281500,honeybee,1.0,91501.0,1.0,3.0,62.9,9,1.2137546306554055,15,915,-0.30648214258149775,1271.0,honeybee,-0.27432215300799256,1271.0,0.17960545820837234,928.25,13,-0.4100740164276773,True
4580,4580,91515281500,honeybee,0.0,91500.0,1.0,2.3,50.9,9,1.2137546306554055,15,915,0.17322194540795668,508.0,honeybee,0.21230638429613075,508.0,-0.40918215064933483,928.25,11,-0.4100740164276773,False
4581,4581,91515333200,honeybee,3.0,91503.0,1.0,1.6,38.6,9,1.2914124547382253,15,915,-0.7861862305709522,317.0,honeybee,0.13120162807877686,317.0,-0.556571971477411,933.5333333333333,12,-1.1170070072329525,False
4582,4582,91515385800,honeybee,3.0,91503.0,1.0,1.0,17.0,9,1.3712750750883806,15,915,-0.7861862305709522,326.0,honeybee,-0.5987411778774081,326.0,-0.5496269013860356,938.9666666666667,13,-0.4100740164276773,False
4583,4583,91515385800,honeybee,2.0,91502.0,1.0,9.0,78.5,9,1.3712750750883806,15,915,-0.30648214258149775,3066.0,honeybee,-0.3554269092253464,3066.0,1.5647611042104488,938.9666666666667,7,-0.4100740164276773,True
4584,4584,91515385800,honeybee,0.0,91500.0,1.0,10.2,105.8,9,1.3712750750883806,15,915,0.17322194540795668,643.0,honeybee,-0.48519451917311274,643.0,-0.30500609927870515,938.9666666666667,12,-0.4100740164276773,True
4589,4589,91711413900,honeybee,1.0,91701.0,1.0,8.3,123.3,9,-2.1169575971995447,11,917,-0.30648214258149775,646.0,honeybee,-0.6960668853382328,646.0,-0.30269107591491334,701.65,2,0.6503254697802354,True
4592,4592,91711413900,honeybee,2.0,91702.0,2.0,0.6,4.9,9,-2.1169575971995447,11,917,1.1326301213868655,0.0,honeybee,0.08253877434836455,0.0,-0.8011927735847415,701.65,2,0.6503254697802354,False
4593,4593,91711413900,honeybee,3.0,91703.0,2.0,8.1,79.5,9,-2.1169575971995447,11,917,1.61233420937632,646.0,honeybee,-0.4040897629557588,646.0,-0.30269107591491334,701.65,2,0.6503254697802354,True
4596,4596,91712025300,honeybee,3.0,91703.0,1.0,9.5,83.4,9,-1.8048564366900413,12,917,-0.7861862305709522,1274.0,honeybee,0.45562065294819243,1274.0,0.18192048157216414,722.8833333333333,3,0.6503254697802354,True
4597,4597,91712025300,honeybee,2.0,91702.0,1.0,6.0,71.7,9,-1.8048564366900413,12,917,-0.30648214258149775,1274.0,honeybee,-0.760950690312116,1274.0,0.18192048157216414,722.8833333333333,3,0.6503254697802354,True
4598,4598,91712025300,honeybee,1.0,91701.0,1.0,2.8,44.0,9,-1.8048564366900413,12,917,0.17322194540795668,1274.0,honeybee,0.48806255543513416,1274.0,0.18192048157216414,722.8833333333333,3,0.6503254697802354,True
4601,4601,91712025300,honeybee,0.0,91700.0,1.0,5.1,64.1,9,-1.8048564366900413,12,917,1.61233420937632,1274.0,honeybee,0.6827139703567834,1274.0,0.18192048157216414,722.8833333333333,2,0.6503254697802354,True
4603,4603,91712035800,honeybee,1.0,91701.0,1.0,6.0,50.1,9,-1.7889329080926177,12,917,-0.30648214258149775,65.0,honeybee,-0.4040897629557588,65.0,-0.7510339340359198,723.9666666666667,4,0.29685897437759784,True
4605,4605,91712035800,honeybee,3.0,91703.0,2.0,1.8,56.0,9,-1.7889329080926177,12,917,0.6529260333974111,65.0,honeybee,0.6827139703567834,65.0,-0.7510339340359198,723.9666666666667,4,0.29685897437759784,False
4608,4608,91712044500,honeybee,0.0,91700.0,1.0,3.3,61.1,9,-1.7774189720298652,12,917,-0.7861862305709522,112.0,honeybee,-0.031007884355930933,112.0,-0.7147652346698486,724.75,3,-1.1170070072329525,True
4609,4609,91712072300,honeybee,0.0,91700.0,1.0,6.3,128.7,9,-1.738712548669974,12,917,-0.7861862305709522,158.0,honeybee,-0.3229850067384049,158.0,-0.6792682097583749,727.3833333333333,4,-0.05660752102503974,True
4611,4611,91712072300,honeybee,3.0,91703.0,1.0,13.8,114.5,9,-1.738712548669974,12,917,0.17322194540795668,205.0,honeybee,-0.5662992753904666,205.0,-0.6429995103923037,727.3833333333333,5,-0.05660752102503974,True
4612,4612,91712072300,honeybee,2.0,91702.0,1.0,8.8,69.1,9,-1.738712548669974,12,917,0.6529260333974111,270.0,honeybee,0.11498067683530613,270.0,-0.592840670843482,727.3833333333333,4,-0.05660752102503974,True
4613,4613,91712075500,honeybee,5.0,91705.0,1.0,1.1,18.4,9,-1.7308732730527807,12,917,-0.7861862305709522,237.0,honeybee,0.19608543305266002,237.0,-0.6183059278451916,727.9166666666666,2,-1.1170070072329525,False
4615,4615,91712275400,honeybee,0.0,91700.0,1.0,5.6,60.6,9,-1.437145414771074,12,917,-0.7861862305709522,1231.0,honeybee,0.16364353056571845,1231.0,0.148738480024482,747.9,5,-1.1170070072329525,True
4619,4619,91712554100,honeybee,2.0,91702.0,1.0,6.8,72.4,9,-1.0287681505879172,12,917,-0.7861862305709522,2898.0,honeybee,0.569167311652488,2898.0,1.4351197958381094,775.6833333333333,5,0.29685897437759784,True
4620,4620,91712554100,honeybee,1.0,91701.0,1.0,8.8,115.4,9,-1.0287681505879172,12,917,-0.30648214258149775,3103.0,honeybee,0.11498067683530613,3103.0,1.5933130590305475,775.6833333333333,5,0.29685897437759784,True
4621,4621,91712554100,honeybee,3.0,91703.0,1.0,6.8,70.5,9,-1.0287681505879172,12,917,0.17322194540795668,2898.0,honeybee,1.380214873826027,2898.0,1.4351197958381094,775.6833333333333,6,0.29685897437759784,True
4623,4623,91712554100,honeybee,5.0,91705.0,1.0,5.8,64.6,9,-1.0287681505879172,12,917,1.1326301213868655,2866.0,honeybee,-0.6798459340947619,2866.0,1.4104262132909975,775.6833333333333,3,0.29685897437759784,True
4625,4625,91712562400,honeybee,5.0,91705.0,1.0,0.2,15.2,9,-1.0182341239773138,12,917,-0.7861862305709522,43.0,honeybee,0.08253877434836455,43.0,-0.7680107720370595,776.4,4,-1.1170070072329525,False
4626,4626,91712563400,honeybee,3.0,91703.0,1.0,0.8,45.1,9,-1.0157843503469408,12,917,-0.7861862305709522,53.0,honeybee,0.24474828678307234,53.0,-0.7602940274910869,776.5666666666667,7,-0.7635405118303149,False
4627,4627,91712563400,honeybee,0.0,91700.0,1.0,5.5,58.5,9,-1.0157843503469408,12,917,-0.30648214258149775,1720.0,honeybee,0.05009687186142296,1720.0,0.5260872883225408,776.5666666666667,6,-0.7635405118303149,True
4629,4629,91712580500,honeybee,3.0,91703.0,1.0,6.1,101.7,9,-0.9934914103105478,12,917,-0.7861862305709522,91.0,honeybee,-0.7285087878251744,91.0,-0.7309703982163911,778.0833333333334,8,-1.1170070072329525,True
4630,4630,91713063300,honeybee,6.0,91706.0,1.0,3.6,40.0,9,-0.8690429098876061,13,917,-0.7861862305709522,4232.0,honeybee,-0.27432215300799256,4232.0,2.4645335182708505,786.55,2,-0.05660752102503974,True
4631,4631,91713063300,honeybee,5.0,91705.0,1.0,6.1,46.0,9,-0.8690429098876061,13,917,-0.30648214258149775,609.0,honeybee,-0.8258344952859991,609.0,-0.3312430307350119,786.55,5,-0.05660752102503974,True
4632,4632,91713063300,honeybee,4.0,91704.0,1.0,6.6,67.0,9,-0.8690429098876061,13,917,0.17322194540795668,652.0,honeybee,0.7800396778176081,652.0,-0.2980610291873298,786.55,2,-0.05660752102503974,True
4633,4633,91713063300,honeybee,3.0,91703.0,1.0,4.6,53.7,9,-0.8690429098876061,13,917,0.6529260333974111,508.0,honeybee,0.13120162807877686,508.0,-0.40918215064933483,786.55,9,-0.05660752102503974,True
4635,4635,91713234000,honeybee,3.0,91703.0,1.0,7.1,87.8,9,-0.6174511580483127,13,917,-0.7861862305709522,1027.0,honeybee,-0.11211264057328484,1027.0,-0.00868310871335839,803.6666666666666,10,1.3572584605855107,True
4636,4636,91713234000,honeybee,2.0,91702.0,1.0,4.1,53.0,9,-0.6174511580483127,13,917,-0.30648214258149775,1679.0,honeybee,0.24474828678307234,1679.0,0.4944486356840533,803.6666666666666,6,1.3572584605855107,True
4637,4637,91713234000,honeybee,1.0,91701.0,1.0,6.5,92.8,9,-0.6174511580483127,13,917,0.17322194540795668,1679.0,honeybee,0.569167311652488,1679.0,0.4944486356840533,803.6666666666666,6,1.3572584605855107,True
4638,4638,91713234000,honeybee,2.0,91702.0,2.0,0.3,23.2,9,-0.6174511580483127,13,917,0.6529260333974111,0.0,honeybee,-0.19321739679063873,0.0,-0.8011927735847415,803.6666666666666,7,1.3572584605855107,False
4641,4641,91713234000,honeybee,4.0,91704.0,1.0,7.7,75.7,9,-0.6174511580483127,13,917,2.0920382973657743,1027.0,honeybee,0.21230638429613075,1027.0,-0.00868310871335839,803.6666666666666,3,1.3572584605855107,True
4642,4642,91713234000,honeybee,5.0,91705.0,1.0,5.0,217.2,9,-0.6174511580483127,13,917,2.571742385355229,1027.0,honeybee,0.13120162807877686,1027.0,-0.00868310871335839,803.6666666666666,6,1.3572584605855107,True
4643,4643,91713261700,honeybee,0.0,91700.0,1.0,8.5,101.8,9,-0.5789897120514587,13,917,-0.7861862305709522,1783.0,honeybee,0.03387592061795224,1783.0,0.5747027789621679,806.2833333333333,7,-1.1170070072329525,True
4644,4644,91713272700,honeybee,5.0,91705.0,1.0,3.9,47.5,9,-0.5618412966388486,13,917,-0.7861862305709522,227.0,honeybee,-0.04722883559940166,227.0,-0.6260226723911642,807.45,7,0.29685897437759784,True
4645,4645,91713272700,honeybee,3.0,91703.0,1.0,2.6,52.2,9,-0.5618412966388486,13,917,-0.30648214258149775,227.0,honeybee,0.29341114051348466,227.0,-0.6260226723911642,807.45,11,0.29685897437759784,True
4646,4646,91713272700,honeybee,2.0,91702.0,1.0,2.1,28.8,9,-0.5618412966388486,13,917,0.17322194540795668,227.0,honeybee,-0.8096135440425283,227.0,-0.6260226723911642,807.45,8,0.29685897437759784,False
4647,4647,91713272700,honeybee,1.0,91701.0,1.0,1.6,24.3,9,-0.5618412966388486,13,917,0.6529260333974111,227.0,honeybee,0.19608543305266002,227.0,-0.6260226723911642,807.45,7,0.29685897437759784,False
4648,4648,91713272700,honeybee,0.0,91700.0,1.0,1.1,35.6,9,-0.5618412966388486,13,917,1.1326301213868655,70.0,honeybee,0.5205044579220757,70.0,-0.7471755617629334,807.45,8,0.29685897437759784,False
4649,4649,91713341400,honeybee,3.0,91703.0,1.0,10.6,95.4,9,-0.46213550988267293,13,917,-0.7861862305709522,407.0,honeybee,-0.43653166544270033,407.0,-0.48712127056365784,814.2333333333333,12,-0.4100740164276773,True
4650,4650,91713341400,honeybee,4.0,91704.0,1.0,4.5,64.3,9,-0.46213550988267293,13,917,-0.30648214258149775,634.0,honeybee,0.3907368479743094,634.0,-0.3119511693700805,814.2333333333333,4,-0.4100740164276773,True
4651,4651,91713341400,honeybee,5.0,91705.0,1.0,5.0,71.2,9,-0.46213550988267293,13,917,0.17322194540795668,407.0,honeybee,-0.22565929927758024,407.0,-0.48712127056365784,814.2333333333333,8,-0.4100740164276773,True
4653,4653,91713404900,honeybee,5.0,91705.0,1.0,1.1,30.8,9,-0.3653694514829447,13,917,-0.7861862305709522,395.0,honeybee,-0.04722883559940166,395.0,-0.496381364018825,820.8166666666667,9,-1.1170070072329525,False
4655,4655,91714005800,honeybee,3.0,91703.0,1.0,8.1,94.8,9,-0.06919181957086507,14,917,-0.7861862305709522,1604.0,honeybee,0.8611444340349619,1604.0,0.43657305158925896,840.9666666666667,13,1.3572584605855107,True
4656,4656,91714005800,honeybee,2.0,91702.0,1.0,7.0,149.5,9,-0.06919181957086507,14,917,-0.30648214258149775,2011.0,honeybee,-0.5176364216600542,2011.0,0.7506445546103425,840.9666666666667,9,1.3572584605855107,True
4657,4657,91714005800,honeybee,1.0,91701.0,1.0,7.1,105.5,9,-0.06919181957086507,14,917,0.17322194540795668,2011.0,honeybee,-0.5987411778774081,2011.0,0.7506445546103425,840.9666666666667,8,1.3572584605855107,True
4658,4658,91714005800,honeybee,3.0,91703.0,2.0,0.3,24.5,9,-0.06919181957086507,14,917,0.6529260333974111,0.0,honeybee,0.45562065294819243,0.0,-0.8011927735847415,840.9666666666667,14,1.3572584605855107,False
4659,4659,91714005800,honeybee,4.0,91704.0,1.0,8.6,89.1,9,-0.06919181957086507,14,917,1.1326301213868655,1604.0,honeybee,-0.12833359181675555,1604.0,0.43657305158925896,840.9666666666667,5,1.3572584605855107,True
4660,4660,91714005800,honeybee,1.0,91701.0,2.0,0.5,31.7,9,-0.06919181957086507,14,917,1.61233420937632,0.0,honeybee,0.29341114051348466,0.0,-0.8011927735847415,840.9666666666667,9,1.3572584605855107,False
4661,4661,91714005800,honeybee,4.0,91704.0,2.0,2.4,176.2,9,-0.06919181957086507,14,917,2.0920382973657743,0.0,honeybee,0.5367254091655463,0.0,-0.8011927735847415,840.9666666666667,6,1.3572584605855107,True
4662,4662,91714005800,honeybee,5.0,91705.0,1.0,5.0,84.4,9,-0.06919181957086507,14,917,2.571742385355229,1209.0,honeybee,-0.6798459340947619,1209.0,0.1317616420233423,840.9666666666667,10,1.3572584605855107,True
4663,4663,91714014900,honeybee,5.0,91705.0,1.0,0.2,52.5,9,-0.05669797405596345,14,917,-0.7861862305709522,51.0,honeybee,-0.04722883559940166,51.0,-0.7618373764002813,841.8166666666667,11,-0.4100740164276773,False
4664,4664,91714014900,honeybee,0.0,91700.0,1.0,5.0,85.3,9,-0.05669797405596345,14,917,-0.30648214258149775,2062.0,honeybee,-0.6798459340947619,2062.0,0.7899999517948028,841.8166666666667,9,-0.4100740164276773,True
4665,4665,91714014900,honeybee,1.0,91701.0,1.0,1.6,39.6,9,-0.05669797405596345,14,917,0.17322194540795668,51.0,honeybee,-0.7771716415555867,51.0,-0.7618373764002813,841.8166666666667,10,-0.4100740164276773,False
4667,4667,91714023900,honeybee,1.0,91701.0,1.0,2.3,42.6,9,-0.04444910590409912,14,917,-0.7861862305709522,50.0,honeybee,-0.5987411778774081,50.0,-0.7626090508548786,842.65,11,-0.05660752102503974,False
4669,4669,91714023900,honeybee,4.0,91704.0,1.0,2.3,33.6,9,-0.04444910590409912,14,917,0.17322194540795668,101.0,honeybee,-0.46897356792964195,101.0,-0.7232536536704185,842.65,7,-0.05660752102503974,False
4670,4670,91714023900,honeybee,3.0,91703.0,2.0,0.6,14.3,9,-0.04444910590409912,14,917,0.6529260333974111,101.0,honeybee,-0.8096135440425283,101.0,-0.7232536536704185,842.65,15,-0.05660752102503974,False
4671,4671,91714024700,honeybee,5.0,91705.0,1.0,0.6,8.4,9,-0.04248928699980082,14,917,-0.7861862305709522,58.0,honeybee,-0.8258344952859991,58.0,-0.7564356552181006,842.7833333333333,12,-1.1170070072329525,False
4673,4673,91714075600,honeybee,3.0,91703.0,1.0,5.0,75.6,9,0.033208718178720766,14,917,-0.7861862305709522,317.0,honeybee,-0.760950690312116,317.0,-0.556571971477411,847.9333333333333,16,-0.4100740164276773,True
4674,4674,91714075600,honeybee,2.0,91702.0,1.0,5.1,54.9,9,0.033208718178720766,14,917,-0.30648214258149775,418.0,honeybee,0.27719018927001393,418.0,-0.478632851563088,847.9333333333333,10,-0.4100740164276773,True
4675,4675,91714075600,honeybee,3.0,91703.0,2.0,1.0,37.6,9,0.033208718178720766,14,917,0.17322194540795668,0.0,honeybee,-0.04722883559940166,0.0,-0.8011927735847415,847.9333333333333,17,-0.4100740164276773,False
4676,4676,91714091000,honeybee,5.0,91705.0,1.0,4.8,54.1,9,0.05133704304347998,14,917,-0.7861862305709522,383.0,honeybee,-0.760950690312116,383.0,-0.505641457473992,849.1666666666666,13,-1.1170070072329525,True
4677,4677,91714091700,honeybee,4.0,91704.0,1.0,4.1,49.9,9,0.05305188458474099,14,917,-0.7861862305709522,398.0,honeybee,-0.48519451917311274,398.0,-0.4940663406550332,849.2833333333333,8,0.29685897437759784,True
4678,4678,91714091700,honeybee,3.0,91703.0,1.0,1.8,40.0,9,0.05305188458474099,14,917,-0.30648214258149775,81.0,honeybee,-0.6960668853382328,81.0,-0.7386871427623637,849.2833333333333,18,0.29685897437759784,False
4679,4679,91714091700,honeybee,2.0,91702.0,1.0,3.0,36.4,9,0.05305188458474099,14,917,0.17322194540795668,81.0,honeybee,-0.031007884355930933,81.0,-0.7386871427623637,849.2833333333333,11,0.29685897437759784,True
4680,4680,91714091700,honeybee,1.0,91701.0,1.0,0.8,18.9,9,0.05305188458474099,14,917,0.6529260333974111,398.0,honeybee,-0.48519451917311274,398.0,-0.4940663406550332,849.2833333333333,12,0.29685897437759784,False
4681,4681,91714091700,honeybee,0.0,91700.0,1.0,4.1,88.5,9,0.05305188458474099,14,917,1.1326301213868655,448.0,honeybee,-0.04722883559940166,448.0,-0.45548261792517025,849.2833333333333,10,0.29685897437759784,True
4683,4683,91714141600,honeybee,2.0,91702.0,1.0,2.9,60.9,9,0.12630011613288972,14,917,-0.30648214258149775,299.0,honeybee,-0.37164786046881726,299.0,-0.5704621116601616,854.2666666666667,12,-0.7635405118303149,True
4685,4685,91714231800,honeybee,2.0,91702.0,1.0,4.1,66.1,9,0.25907784689909913,14,917,-0.7861862305709522,542.0,honeybee,-0.38786881171228804,542.0,-0.3829452191930281,863.3,13,1.003791965182873,True
4686,4686,91714231800,honeybee,1.0,91701.0,1.0,5.6,61.6,9,0.25907784689909913,14,917,-0.30648214258149775,841.0,honeybee,-0.7285087878251744,841.0,-0.1522145572684482,863.3,13,1.003791965182873,True
4688,4688,91714231800,honeybee,4.0,91704.0,1.0,3.8,49.6,9,0.25907784689909913,14,917,0.6529260333974111,841.0,honeybee,-0.19321739679063873,841.0,-0.1522145572684482,863.3,9,1.003791965182873,True
4689,4689,91714231800,honeybee,3.0,91703.0,1.0,6.8,64.5,9,0.25907784689909913,14,917,1.1326301213868655,841.0,honeybee,-0.5662992753904666,841.0,-0.1522145572684482,863.3,19,1.003791965182873,True
4690,4690,91714231800,honeybee,1.0,91701.0,2.0,0.3,37.8,9,0.25907784689909913,14,917,1.61233420937632,0.0,honeybee,0.05009687186142296,0.0,-0.8011927735847415,863.3,14,1.003791965182873,False
4691,4691,91714231800,honeybee,0.0,91700.0,1.0,2.0,49.1,9,0.25907784689909913,14,917,2.0920382973657743,135.0,moth,-0.8258344952859991,841.0,-0.6970167222141118,863.3,12,1.003791965182873,False
4692,4692,91714234100,honeybee,1.0,91701.0,1.0,1.5,37.0,9,0.2647123262489567,14,917,-0.7861862305709522,23.0,honeybee,-0.8096135440425283,23.0,-0.7834442611290046,863.6833333333333,15,-1.1170070072329525,False
4693,4693,91714234600,honeybee,5.0,91705.0,1.0,4.1,60.5,9,0.26593721306414314,14,917,-0.7861862305709522,876.0,honeybee,-0.07967073808634324,876.0,-0.12520595135754425,863.7666666666667,14,-0.7635405118303149,True
4694,4694,91714234600,honeybee,4.0,91704.0,1.0,0.3,27.8,9,0.26593721306414314,14,917,-0.30648214258149775,28.0,honeybee,-0.24188025052105103,28.0,-0.7795858888560183,863.7666666666667,10,-0.7635405118303149,False
4697,4697,91714235200,honeybee,5.0,91705.0,1.0,0.6,15.1,9,0.26740707724236684,14,917,-0.7861862305709522,6.0,honeybee,-0.19321739679063873,6.0,-0.7965627268571579,863.8666666666667,15,-1.1170070072329525,False
4698,4698,91714243500,honeybee,1.0,91701.0,1.0,3.0,58.7,9,0.27794110385297016,14,917,-0.7861862305709522,54.0,honeybee,-0.6149621291208789,54.0,-0.7595223530364896,864.5833333333334,16,-0.7635405118303149,True
4699,4699,91714243500,honeybee,0.0,91700.0,1.0,1.1,44.6,9,0.27794110385297016,14,917,-0.30648214258149775,77.0,honeybee,-0.5338573729035251,77.0,-0.7417738405807526,864.5833333333334,13,-0.7635405118303149,False
4700,4700,91714252300,honeybee,5.0,91705.0,1.0,1.3,38.0,9,0.28970001727875994,14,917,-0.7861862305709522,91.0,honeybee,-0.760950690312116,91.0,-0.7309703982163911,865.3833333333333,16,-1.1170070072329525,False
4701,4701,91714274200,honeybee,1.0,91701.0,1.0,2.0,44.5,9,0.3237518707409428,14,917,-0.7861862305709522,187.0,honeybee,-0.37164786046881726,187.0,-0.6568896505750543,867.7,17,-0.7635405118303149,False
4702,4702,91714274200,honeybee,5.0,91705.0,1.0,1.6,44.4,9,0.3237518707409428,14,917,-0.30648214258149775,139.0,honeybee,-0.6474040316078206,139.0,-0.6939300243957227,867.7,17,-0.7635405118303149,False
4708,4708,91714365800,honeybee,5.0,91705.0,1.0,6.1,67.8,9,0.45995928458967417,14,917,-0.7861862305709522,556.0,honeybee,-0.5987411778774081,556.0,-0.37214177682866645,876.9666666666667,18,0.29685897437759784,True
4709,4709,91714365800,honeybee,4.0,91704.0,1.0,10.8,78.6,9,0.45995928458967417,14,917,-0.30648214258149775,792.0,honeybee,-0.8096135440425283,792.0,-0.19002660554371387,876.9666666666667,11,0.29685897437759784,True
4710,4710,91714365800,honeybee,3.0,91703.0,1.0,7.8,71.4,9,0.45995928458967417,14,917,0.17322194540795668,820.0,honeybee,0.24474828678307234,820.0,-0.16841972081499065,876.9666666666667,20,0.29685897437759784,True
4711,4711,91714365800,honeybee,2.0,91702.0,1.0,6.5,61.5,9,0.45995928458967417,14,917,0.6529260333974111,820.0,honeybee,-0.19321739679063873,820.0,-0.16841972081499065,876.9666666666667,14,0.29685897437759784,True
4712,4712,91714365800,honeybee,1.0,91701.0,1.0,7.3,89.8,9,0.45995928458967417,14,917,1.1326301213868655,100.0,moth,-0.7771716415555867,556.0,-0.7240253281250157,876.9666666666667,20,0.29685897437759784,True
4714,4714,91714385700,honeybee,3.0,91703.0,1.0,2.3,30.8,9,0.48911159079111133,14,917,-0.7861862305709522,119.0,honeybee,0.40695779921778014,119.0,-0.7093635134876678,878.95,21,-0.7635405118303149,False
4715,4715,91714385700,honeybee,5.0,91705.0,1.0,1.4,40.0,9,0.48911159079111133,14,917,-0.30648214258149775,119.0,honeybee,0.13120162807877686,119.0,-0.7093635134876678,878.95,19,-0.7635405118303149,False
4716,4716,91714391300,honeybee,3.0,91703.0,1.0,4.1,52.2,9,0.4930312285997079,14,917,-0.7861862305709522,16.0,honeybee,-0.48519451917311274,16.0,-0.7888459823111854,879.2166666666667,22,-0.4100740164276773,True
4717,4717,91714391300,honeybee,2.0,91702.0,1.0,2.6,52.0,9,0.4930312285997079,14,917,-0.30648214258149775,135.0,honeybee,0.19608543305266002,135.0,-0.6970167222141118,879.2166666666667,15,-0.4100740164276773,True
4718,4718,91714391300,honeybee,1.0,91701.0,1.0,4.1,57.3,9,0.4930312285997079,14,917,0.17322194540795668,135.0,honeybee,0.3258530430004262,135.0,-0.6970167222141118,879.2166666666667,21,-0.4100740164276773,True
4722,4722,91715045600,honeybee,5.0,91705.0,1.0,8.3,94.3,9,0.8710312997662413,15,917,-0.7861862305709522,1559.0,honeybee,-0.6311830803643497,1559.0,0.40184770113238244,904.9333333333333,20,-0.05660752102503974,True
4723,4723,91715045600,honeybee,4.0,91704.0,1.0,9.3,66.5,9,0.8710312997662413,15,917,-0.30648214258149775,1678.0,honeybee,0.8935863365219037,1678.0,0.4936769612294559,904.9333333333333,12,-0.05660752102503974,True
4724,4724,91715045600,honeybee,3.0,91703.0,1.0,7.0,66.6,9,0.8710312997662413,15,917,0.17322194540795668,1543.0,honeybee,-0.19321739679063873,1543.0,0.3895009098588262,904.9333333333333,23,-0.05660752102503974,True
4725,4725,91715045600,honeybee,1.0,91701.0,1.0,9.3,95.6,9,0.8710312997662413,15,917,0.6529260333974111,1543.0,honeybee,-0.19321739679063873,1543.0,0.3895009098588262,904.9333333333333,22,-0.05660752102503974,True
4728,4728,91715053400,honeybee,0.0,91700.0,1.0,7.8,232.9,9,0.8803404395616582,15,917,0.17322194540795668,2093.0,moth,-0.5176364216600542,2459.0,0.8139218598873177,905.5666666666667,15,-0.4100740164276773,True
4742,4742,91715151500,honeybee,5.0,91705.0,1.0,3.6,47.4,9,1.0226722874863217,15,917,-0.7861862305709522,619.0,honeybee,0.48806255543513416,619.0,-0.32352628618903934,915.25,21,-0.4100740164276773,True
4743,4743,91715151500,honeybee,4.0,91704.0,1.0,5.8,61.2,9,1.0226722874863217,15,917,-0.30648214258149775,619.0,honeybee,0.6502720678698419,619.0,-0.32352628618903934,915.25,13,-0.4100740164276773,True
4744,4744,91715151500,honeybee,1.0,91701.0,1.0,1.3,19.6,9,1.0226722874863217,15,917,0.17322194540795668,619.0,honeybee,0.6502720678698419,619.0,-0.32352628618903934,915.25,23,-0.4100740164276773,False
4745,4745,91715203900,honeybee,5.0,91705.0,1.0,1.4,40.9,9,1.1020449531104026,15,917,-0.7861862305709522,324.0,honeybee,-0.27432215300799256,324.0,-0.5511702502952301,920.65,22,0.6503254697802354,False
4746,4746,91715203900,honeybee,4.0,91704.0,1.0,0.5,21.5,9,1.1020449531104026,15,917,-0.30648214258149775,324.0,honeybee,0.08253877434836455,324.0,-0.5511702502952301,920.65,14,0.6503254697802354,False
4747,4747,91715203900,honeybee,3.0,91703.0,1.0,3.1,39.8,9,1.1020449531104026,15,917,0.17322194540795668,633.0,moth,-0.8258344952859991,943.0,-0.3127228438246777,920.65,29,0.6503254697802354,True
4748,4748,91715203900,honeybee,2.0,91702.0,1.0,6.0,79.1,9,1.1020449531104026,15,917,0.6529260333974111,633.0,moth,-0.29054310425146335,2486.0,-0.3127228438246777,920.65,19,0.6503254697802354,True
4749,4749,91715203900,honeybee,1.0,91701.0,1.0,4.6,51.5,9,1.1020449531104026,15,917,1.1326301213868655,324.0,honeybee,-0.6474040316078206,324.0,-0.5511702502952301,920.65,24,0.6503254697802354,True
4750,4750,91715203900,honeybee,0.0,91700.0,1.0,6.7,369.8,9,1.1020449531104026,15,917,1.61233420937632,905.0,honeybee,0.40695779921778014,905.0,-0.10282739217422375,920.65,16,0.6503254697802354,True
4757,4757,91715301400,honeybee,2.0,91702.0,1.0,1.6,45.2,9,1.2429069368568424,15,917,-0.7861862305709522,575.0,honeybee,0.11498067683530613,575.0,-0.3574799621913186,930.2333333333333,20,-0.4100740164276773,False
4759,4759,91715301400,honeybee,0.0,91700.0,1.0,2.6,42.6,9,1.2429069368568424,15,917,0.17322194540795668,575.0,honeybee,0.2285273355396016,575.0,-0.3574799621913186,930.2333333333333,17,-0.4100740164276773,True
4760,4760,91715403700,honeybee,2.0,91702.0,1.0,6.9,87.5,9,1.395527834029072,15,917,-0.7861862305709522,623.0,honeybee,-0.5987411778774081,623.0,-0.3204395883706503,940.6166666666667,21,0.6503254697802354,True
4762,4762,91715403700,honeybee,2.0,91702.0,2.0,1.8,37.9,9,1.395527834029072,15,917,0.17322194540795668,0.0,honeybee,0.2609692380265432,0.0,-0.8011927735847415,940.6166666666667,22,0.6503254697802354,False
4763,4763,91715403700,honeybee,3.0,91703.0,1.0,20.0,121.0,9,1.395527834029072,15,917,0.6529260333974111,822.0,moth,-0.8096135440425283,1198.0,-0.16687637190579616,940.6166666666667,31,0.6503254697802354,True
4764,4764,91715403700,honeybee,2.0,91702.0,3.0,4.1,50.2,9,1.395527834029072,15,917,1.1326301213868655,0.0,honeybee,-0.5662992753904666,0.0,-0.8011927735847415,940.6166666666667,23,0.6503254697802354,True
4765,4765,91715403700,honeybee,0.0,91700.0,1.0,14.6,140.3,9,1.395527834029072,15,917,1.61233420937632,623.0,honeybee,-0.43653166544270033,623.0,-0.3204395883706503,940.6166666666667,18,0.6503254697802354,True
4768,4768,91715415200,honeybee,0.0,91700.0,1.0,1.5,41.9,9,1.4139011362568685,15,917,-0.7861862305709522,75.0,honeybee,1.5099824837737932,75.0,-0.7433171894899472,941.8666666666667,19,-0.7635405118303149,False
4769,4769,91715415200,honeybee,1.0,91701.0,1.0,2.3,23.0,9,1.4139011362568685,15,917,-0.30648214258149775,75.0,honeybee,2.5156814608689815,75.0,-0.7433171894899472,941.8666666666667,27,-0.7635405118303149,False
4770,4770,91715441100,honeybee,2.0,91702.0,1.0,2.6,57.2,9,1.4479529897190515,15,917,-0.7861862305709522,214.0,honeybee,-0.19321739679063873,214.0,-0.6360544403009285,944.1833333333333,24,-1.1170070072329525,True
4775,4775,91715592900,honeybee,5.0,91705.0,1.0,6.1,61.4,9,1.6728422089872805,15,917,-0.7861862305709522,2330.0,honeybee,-0.6311830803643497,2330.0,0.9968087056268677,959.4833333333333,23,-0.4100740164276773,True
4776,4776,91715592900,honeybee,4.0,91704.0,1.0,2.8,34.4,9,1.6728422089872805,15,917,-0.30648214258149775,112.0,moth,-0.19321739679063873,2330.0,-0.7147652346698486,959.4833333333333,17,-0.4100740164276773,True
4777,4777,91715592900,honeybee,3.0,91703.0,1.0,1.6,29.8,9,1.6728422089872805,15,917,0.17322194540795668,112.0,moth,-0.6474040316078206,1132.0,-0.7147652346698486,959.4833333333333,33,-0.4100740164276773,False
